mint,arm,entry_ts,ret,label,m5_buys,vol_m5_usd,pages,sig_n,sig_fail_share,slot_max_share,slot_dense_share,iat_cv,parsed_n,swap_n,buy_n,uniq_buyer_ratio,top_buyer_share,size_cv,size_dup_share,median_sol,wallets_checked,fresh_wallet_share,note
5Tnmpca6cJHG1m5SpATPVjqMXPWyrrbes1eQdJm3UG7G,surge,1788385405.0,-1.0,dump,1713.0,200741.39,13,4422,0.3673,0.0077,0.9231,0.271,40,40,26,0.8846,0.0769,1.0328,0.3462,0.21837,8,0.0,
9ejTnKG3MzDXzyJvAFcYbsbFGCBNuqn1mXa4qM5x6ZX9,surge,1788387006.0,-1.0,dump,930.0,125551.42,8,1618,0.3109,0.0068,0.5056,1.066,40,40,29,0.9655,0.069,1.5817,0.6207,0.002453,8,0.0,
8debVaBcMXVeHAZRU8Rz148fx7oLtTtaiDKFPy77RNPC,liqctl,1788387006.0,-1.0,dump,1192.0,137224.73,14,2345,0.3203,0.0051,0.7335,1.5535,40,40,32,0.9375,0.0625,1.1966,0.4062,0.289967,8,0.0,
7YUPrVYKnFyRK7HN9xBydNYVEhERtZsanA7fUR26M8ZA,surge,1788387633.0,1.98155,pump,924.0,121747.1,15,3606,0.4282,0.0114,0.9509,0.9856,40,40,32,0.9688,0.0625,1.0107,0.3438,0.254207,8,0.0,
8tQdgFUHRydkkpYAqJJ8cJHUvpCUwnySDBLNbLyMpump,surge,1788387633.0,-0.99975,dump,323.0,107332.21,3,498,0.0884,0.0402,0.2169,0.5291,40,39,21,0.9048,0.0952,3.3235,0.2857,0.026,8,0.0,
HZi7ZD442HffhnVc4dntUV3WkqYySMdki9N5mRUFJdWK,liqctl,1788387633.0,2.8205,pump,993.0,157220.45,23,1895,0.2955,0.0121,0.7842,1.5681,40,40,21,1.0,0.0476,0.8547,0.1429,0.363989,8,0.0,
Ja2N3QxtPocgbd531dB5mtAUB3FS8eYP3gRstTfVUB7,surge,1788388371.0,1.4092500000000001,pump,550.0,37134.08,17,769,0.2991,0.0117,0.2302,0.562,40,40,29,0.9655,0.069,2.5252,0.7241,0.002106,8,0.0,
8sV5X6X9qvSkxv8PF5PJVfD5X4mStUzpJjGr6BgVSwjt,wait120,1788389612.0,1.7291500000000002,pump,339.0,29864.93,13,1934,0.3862,0.0119,0.8325,0.9409,40,40,29,0.9655,0.069,1.0667,0.4483,0.210912,8,0.0,
E171KLQ65MskrkHyE5rRABLYJzhgxtywWJCLTN6pPzEv,surge,1788390213.0,1.6244999999999998,pump,312.0,9795.23,7,330,0.203,0.0394,0.0818,9.2439,40,40,33,1.0,0.0303,1.8095,0.7879,0.002113,8,0.0,
5wq6rbQeoj2Ps4WksqbLapXC4CGTNhQ57gU2Qq4NRsMA,launchctl,1788390747.0,1.3455,pump,1416.0,190687.34,13,2002,0.2158,0.0085,0.8886,1.2365,40,40,22,0.9091,0.0909,1.2407,0.4091,0.091697,8,0.0,
8fatCwUuH9uS3k9peBp2VCdj52YZF9CGKPphrfifYHez,launchctl,1788392273.0,1.0713,pump,672.0,217160.98,15,762,0.4121,0.0118,0.1706,0.7707,40,40,38,0.8158,0.0789,1.6945,0.4737,0.054287,8,0.0,
GNhF4n2RQM4UDo9dBs8cbVDQPvjYScSifvTHsysiPL7H,surge,1788392566.0,1.4313500000000001,pump,437.0,56793.69,7,652,0.2669,0.0061,0.0552,1.1086,40,40,36,1.0,0.0278,1.6873,0.5833,0.002116,8,0.0,
GbfGHd6e7d424UKySVHnCSYozaVs87nVJMqihCL6grZo,liqctl,1788392566.0,-1.0,dump,323.0,77847.4,4,1087,0.1858,0.0055,0.0386,0.4152,40,40,11,1.0,0.0909,0.3829,0.0,1.854373,8,0.0,
84BjR2SUQWGq7WjwSrxhpMv4HwBqDawV38kDhurV4tpL,liqctl,1788392566.0,3.2864000000000004,pump,1159.0,161349.25,27,2490,0.2285,0.008,0.9084,1.2433,40,40,21,0.9048,0.0952,0.7552,0.1905,0.452727,8,0.0,
2FFxB1xMD3uCmKc1fdB84aFLH3p8sJGEN2uubLUFzFUi,wait120,1788393727.0,-1.0,dump,339.0,53826.68,5,1697,0.3577,0.0165,0.6824,0.9096,40,40,31,0.9355,0.0645,1.1091,0.3871,0.179097,8,0.0,
Hekt4VyMMXta16DJ1haMdwGCkxbp72SaRiyUFbBnMejH,liqctl,1788394916.0,-1.0,dump,646.0,104623.53,10,1354,0.3589,0.0118,0.6595,1.025,40,40,28,0.8929,0.1071,1.1782,0.25,0.053401,8,0.0,
2igZviURwvUTwgoNpU15Kh7wxJKB8GfEQqQENNShipBZ,wait120,1788395599.0,-0.92465,dump,580.0,10359.71,3,1874,0.2625,0.0374,0.9173,2.0143,40,38,15,1.0,0.0667,0.4203,0.0,0.050328,8,0.0,
HZcMCZ6k8idJKsBKVNJREVDymdDXvD5oZH3JdEa9pump,surge,1788396605.0,-0.96655,dump,427.0,59014.53,6,2267,0.3899,0.0132,0.659,0.3506,40,38,18,0.9444,0.1111,0.9831,0.0,0.445051,8,0.0,
7CRdQYs6n19HCUFkrA4eJb7DV2gnWX26R2cFCR8yqbd4,liqctl,1788396605.0,1.3329499999999999,pump,982.0,129770.64,21,1927,0.3716,0.0052,0.8106,1.9423,40,40,28,1.0,0.0357,0.9858,0.2857,0.285625,8,0.0,
9DKHEqnxEs2ABgGdrTputhyq1TzcwW54BQmiTkZiAAQC,surge,1788397112.0,12.32135,pump,683.0,33364.74,9,629,0.2369,0.0095,0.0684,1.1005,40,40,34,1.0,0.0294,1.8241,0.7353,0.002113,8,0.0,
FmY3QtwMGvLZJHZy4hdTtb2ZWnPB1GyFAdXwq1Hs4T6c,surgeliq,1788397442.0,1.09015,pump,586.0,21438.86,11,904,0.2478,0.0111,0.0642,3.2324,40,40,28,0.9643,0.0714,1.6276,0.6071,0.002112,8,0.125,
G3nkJ7AJQd7MmypAAkZ2B6HJKFo6PAmFSSv4ggy9QGjh,surge,1788398305.0,-1.0,dump,594.0,33659.85,7,1509,0.3393,0.0073,0.1372,0.6863,40,40,35,1.0,0.0286,3.1516,0.8286,0.002338,8,0.125,
4UEkLv8dbFpBrx7LtP9AyxbkV4TaMDjexx5vdYhHx8L2,surge,1788398305.0,1.3441,pump,648.0,21375.58,10,1418,0.2024,0.0049,0.067,0.5612,40,40,35,1.0,0.0286,2.2264,0.7429,0.002109,8,0.0,
2o1x9bJ11rdWZKuMRZECNa2MiZVY6rCKLmtHqw2kGyWW,liqctl,1788398305.0,-0.99825,dump,898.0,106684.94,17,1425,0.3298,0.014,0.6646,1.9717,40,40,25,0.96,0.08,1.0251,0.28,0.797817,8,0.0,
9HgjjLZ3PFxfFTncjug9id3pqBVBYPmfz49Z15g4VnmG,wait120,1788398842.0,-1.0,dump,349.0,11896.45,4,1405,0.279,0.0712,0.652,1.7959,40,40,17,1.0,0.0588,2.8007,0.0,0.135855,8,0.0,
3uqUa6ih5s24pxGxfJJ9HDXfuwXvw64rABGT3Z1rcGPB,surge,1788399802.0,-0.99995,dump,465.0,5705.62,3,410,0.0098,0.0098,0.0488,0.5712,40,40,31,1.0,0.0323,4.4785,0.7742,0.002286,8,0.0,
6chkMPYXsGrUoqqyFWTYbTzjsusgKVCB7NS8Yx6h4hBA,surge,1788400182.0,-0.90345,dump,432.0,3300.13,1,461,0.0456,0.0108,0.0456,0.7368,40,39,21,1.0,0.0476,1.1254,0.5714,0.002068,8,0.0,
BvrbS5JihdLhdUqaBYnWnihSJTfMKEMStvsDsPHzJS3E,surge,1788400182.0,2.3225,pump,381.0,21937.6,15,534,0.2828,0.015,0.0824,1.9273,40,40,34,1.0,0.0294,1.4227,0.5882,0.002118,8,0.0,
2inEGfjh1UzeMwBNumL6gJr6HBdn5ocuok1PREnaFdAU,surge,1788400978.0,-0.99995,dump,369.0,4928.91,1,474,0.0148,0.0148,0.0591,0.5964,40,40,35,1.0,0.0286,2.4671,0.8286,0.00229,8,0.0,
56bsX8ZhHa9AGLEgu4FZvhzSALdCmpVUdoDzwPEYeeik,surge,1788401247.0,1.0045000000000002,pump,409.0,7011.86,7,591,0.2149,0.0169,0.0761,1.2957,40,40,36,1.0,0.0278,1.9928,0.7222,0.002112,8,0.0,
7hhyHQ1rdeiY2eb7411art92FLiZjYHadexhWQXY5MrC,surge,1788401247.0,1.1275499999999998,pump,356.0,4034.73,4,551,0.1397,0.0091,0.1343,0.6158,40,39,30,1.0,0.0333,1.5716,0.6333,0.002312,8,0.125,
6RG5JSwD62d4UTNchY5S57mZAYCkFy1aHHE6KUb7o9oL,surge,1788401247.0,2.30045,pump,484.0,133128.96,38,956,0.3745,0.0105,0.1412,1.5354,40,40,36,0.8889,0.0556,1.9279,0.4722,0.013498,8,0.0,
3psb9aYw18Pn9rUmncqnMu3SG9bQNbHLRXXeewZphybJ,wait120,1788402120.0,2.9296,pump,649.0,71058.76,19,2783,0.2742,0.0047,0.7115,1.4927,40,40,25,0.96,0.08,1.2647,0.32,0.456054,8,0.0,
FKJD7rbrs9dRrCpKCCcTRWT3pb9wjyGaeK9KC5HFjwEL,liqctl,1788402792.0,-1.0,dump,875.0,92079.04,21,4186,0.2635,0.0062,0.7917,0.4075,40,40,22,0.9545,0.0909,1.2938,0.3636,0.409994,8,0.0,
6v2ZPhDajWatEHNLsndydGV6ba2ePpemvoLxssWoQAEC,wait120,1788403392.0,-0.9104,dump,590.0,19577.24,3,2237,0.3464,0.0286,0.7568,2.0123,40,40,16,1.0,0.0625,0.7142,0.0,0.147667,8,0.0,
4mXszz5YZ4b9BLcvgKHtMHt6SXBLF431mNwoSGMn6Htr,surge,1788403625.0,2.26275,pump,554.0,20248.7,9,839,0.3504,0.0167,0.1454,0.9773,40,40,34,1.0,0.0294,2.4807,0.8235,0.002443,8,0.0,
Djc8tQqUHJ3QJ6myrYqw7yJs7rkwQ9T46FZ5Hi2rQahj,surge,1788403625.0,-1.0,dump,385.0,2998.0,2,427,0.0,0.0141,0.0656,0.5384,40,40,32,1.0,0.0312,5.0692,0.7812,0.002067,8,0.0,
5Zwb4Lwn7omZEj86gfi6Y157H674CS5yzie59dTWfVjx,surge,1788404366.0,-0.99995,dump,475.0,5294.7,2,410,0.0,0.0146,0.0439,0.5647,40,40,34,1.0,0.0294,2.4239,0.8235,0.002254,8,0.0,
3vZiB2ViNAjzJTPTzoZ1E4EL9Fga4hdFvWkMZ2dR14ph,liqctl,1788405537.0,2.63145,pump,635.0,109619.43,17,1477,0.1605,0.0061,0.1462,1.4725,40,40,20,0.75,0.15,0.746,0.1,0.530127,8,0.0,
7voEPC3F6zCXLd2dFXTnhkhjKJx1XGjmcExkJonigBWb,launchctl,1788405904.0,-0.9224,dump,416.0,12393.83,2,1685,0.3401,0.0202,0.746,2.4489,40,40,13,0.9231,0.1538,0.6524,0.0,0.156138,8,0.0,
9zcWFnMZn3cEsb65SiCrzy2FJkdNKcAKPYqidreLVqWu,liqctl,1788406169.0,-1.0,dump,756.0,126444.9,9,1499,0.2628,0.0073,0.4229,0.8572,40,40,22,0.9545,0.0909,1.321,0.4545,0.023725,8,0.0,
FXVJimZ2nzo4wYFm4QyXtznH5Vvowv15u2tu3BbeV38k,surge,1788406595.0,-1.0,dump,1213.0,181461.08,8,1245,0.3141,0.0064,0.5936,1.48,40,40,31,1.0,0.0323,1.4323,0.4516,0.070192,8,0.0,
5NQwBwnxduHfAhYmQwjsomP3qTTsPRb5k42VN8Eteyi4,liqctl,1788406922.0,-1.0,dump,1147.0,134355.41,15,3930,0.2751,0.0048,0.6969,0.1453,40,40,27,0.8889,0.0741,1.0301,0.3333,0.681968,8,0.0,
88uFeMi8PAwcFXTLhk4jyHCGnPmsmtfPiim7VLUeuwgB,launchctl,1788408315.0,1.62555,pump,1045.0,119114.3,19,1863,0.2845,0.0054,0.6924,1.719,40,40,28,0.9643,0.0714,1.682,0.5,0.069157,8,0.0,
3CrEDcJjfRkAQfSnR26r7n7nae4fFJ79wQ5eqkcwJ7yS,surge,1788408315.0,-0.99975,dump,547.0,4274.41,3,552,0.0199,0.0127,0.0489,1.9452,40,40,38,1.0,0.0263,1.9874,0.7895,0.002109,8,0.0,
56KcHgnu9EWP2phen7iD8fqaPEEuMuRuMaADweGAH8Su,wait120,1788409209.0,-1.0,dump,376.0,13357.49,5,1596,0.297,0.0294,0.8233,1.5591,40,40,15,1.0,0.0667,0.758,0.0,0.115604,8,0.0,
Dz37RVhUVgguLoxCyfFQLDX3Dw4VBZvQJNvZx4Szpump,launchctl,1788409209.0,1.1487500000000002,pump,764.0,48042.26,12,9408,0.8768,0.0125,0.9909,0.5034,40,38,30,0.9,0.0667,2.5857,0.3333,0.053781,8,0.0,
7oqi8uzTbNVn7QMyzBXPvWsBrYNNfM4yHdbYcSxpq386,surge,1788410219.0,1.23325,pump,787.0,30058.68,10,907,0.2051,0.0055,0.0584,1.4661,40,40,34,0.8529,0.0882,2.8454,0.6765,0.002108,8,0.0,
7d9kcDcjaTMdngwC8PGAcsPWE8eZHC2cgrCMgyyzpump,surge,1788410219.0,-0.9999,dump,394.0,6300.94,3,580,0.0052,0.0069,0.0207,0.5061,40,39,26,0.6538,0.1538,2.4788,0.4615,0.061503,8,0.0,
BCMKpJwp8upc7YBZDABDkMHzfrpBpNYFgDwHvXWSuBwn,liqctl,1788410219.0,-1.0,dump,831.0,247585.4,8,1515,0.2601,0.0066,0.3274,0.8459,40,40,28,0.75,0.1071,0.822,0.1071,0.435619,8,0.0,
FgDvBUAkc8cXH1PZyxSsC8KJGyThLzNZeLL2Nhz4cT7Y,launchctl,1788411953.0,-1.0,dump,961.0,158626.6,10,1597,0.3049,0.01,0.6957,1.0119,40,40,25,1.0,0.04,1.5059,0.52,0.002565,8,0.0,
VVGmSQozMkuHM8B8LKs7ovig6Zdrv72jgcbcqudpump,liqctl,1788411953.0,-0.9726,dump,480.0,83885.01,7,2134,0.2873,0.0234,0.6556,0.7805,40,38,16,0.9375,0.125,1.0157,0.125,0.356222,8,0.125,
EQu2ogBvCu3j7SMQjZ95RFUrrnxdHLCCgXHVgE7AGjPQ,launchctl,1788412723.0,1.33445,pump,588.0,29618.97,11,532,0.0075,0.0132,0.1316,0.7959,40,40,20,0.7,0.15,0.5077,0.0,0.28033,8,0.0,
HaTiM45B7A1GefzukvAe2Ta1SMDMrv7kyfNR3QBb6xRU,surge,1788414349.0,-0.99995,dump,435.0,6051.25,4,375,0.024,0.0187,0.0587,1.3251,40,40,32,1.0,0.0312,2.0044,0.75,0.002242,8,0.0,
ATsL1xMmXdf7VuGkcUB5zfaaaBfBAUMVeP2NsM7Kpump,liqctl,1788414349.0,-0.9696,dump,418.0,65584.46,5,929,0.1518,0.0366,0.6286,0.9115,40,38,13,0.9231,0.1538,2.3924,0.1538,0.508074,8,0.0,
7NyW5ZzDvKCLug3SJRyGXYmbrgFEeFSFXMjgMTdd13ax,surge,1788414584.0,-1.0,dump,325.0,5656.4,4,786,0.1005,0.0076,0.0178,0.7936,40,40,35,1.0,0.0286,2.1353,0.7714,0.002112,8,0.0,
7aFGQ7fDuHFcATwGGivdebcLsFkSi1b9emk2dGsxpump,wait120,1788415488.0,2.1091,pump,364.0,32728.45,19,14610,0.859,0.0443,0.9906,1.0412,40,4,3,1.0,0.3333,0.4789,0.0,0.14,3,0.0,
7J6KZSPbZ9h76KPLeTXCdkd1DNGhoQn7eg4Yb9R1MP7u,surge,1788415882.0,-1.0,dump,1325.0,215272.79,9,2687,0.2959,0.0048,0.4459,0.1603,40,40,29,0.9655,0.069,1.4799,0.5517,0.002537,8,0.0,
FpaZpZ8T65QQTCh8uXfjsQeiZQwH4dQ1y3kCKbKo8ABu,launchctl,1788417279.0,3.2126,pump,529.0,16510.59,6,2573,0.3136,0.0567,0.7159,1.2947,40,40,19,0.8947,0.1053,0.6623,0.0,0.127322,8,0.0,
93ccbEiSWcnmcqHhHERkeH9gUmd4QssAWLUwsPzmwGJw,launchctl,1788419151.0,-0.9005,dump,647.0,16439.8,3,1615,0.2978,0.0316,0.6799,1.3066,40,40,16,1.0,0.0625,0.5364,0.0,0.144319,8,0.0,
8kMCPfEUyEhwVjxBfrRpVZstEUZNeUgLZvVRp7qDDAhB,surge,1788419356.0,1.6103999999999998,pump,338.0,14586.6,10,723,0.1079,0.0055,0.0221,1.0189,40,40,30,1.0,0.0333,2.6887,0.8667,0.002109,8,0.0,
A61pqr19MhEd8zKuKKWGodFTHuPVkFTtzZ6N2WJZpump,surge,1788419356.0,-0.99505,dump,2090.0,45187.39,22,2362,0.0076,0.0157,0.9687,0.6147,40,40,25,1.0,0.04,3.3554,0.92,0.0023,8,0.0,
2QSCcnu3JRtsP8cJygAnaiARiCmeu7uVFxR8YVH2AeKF,launchctl,1788419799.0,-0.99875,dump,644.0,18262.75,7,507,0.2032,0.0118,0.0513,2.4484,40,40,30,0.9333,0.1,1.94,0.6667,0.002123,8,0.0,
BPdAEQ5bNK32eDxVieV2jedBa8DKKEoqQGBDRiRsdwNi,surgeliq,1788420149.0,2.3975,pump,315.0,3910.15,8,321,0.0561,0.0093,0.0,2.9173,40,40,34,1.0,0.0294,5.5659,0.8824,0.00211,8,0.0,
ELksuENUXvpt1JtUVSWCq54cPzgJs8A767TcKkTn1E4Z,wait120,1788420615.0,-1.0,dump,388.0,14449.8,5,2496,0.3285,0.0084,0.726,1.8935,40,39,19,0.9474,0.1053,0.7894,0.1053,0.137182,8,0.0,
ELUkiQztnvT7LDYPJqtsUzzyDTMBjk3CFiHeBtMvucu3,liqctl,1788420615.0,3.4930000000000003,pump,1047.0,343310.39,40,2000,0.3085,0.0155,0.772,1.0257,40,40,24,0.875,0.0833,1.2827,0.2917,0.132157,8,0.0,
ATBuR85ncnsxAwSciF6aCTWfq4aNQLptjyXqG3vRXVgR,liqctl,1788420955.0,1.6017000000000001,pump,1486.0,126207.2,15,3681,0.3208,0.0049,0.7107,0.2061,40,40,28,1.0,0.0357,1.6254,0.6071,0.002328,8,0.0,
EmW8YPvjJfuxh1KKQFoWQAXsZavBxsWzERDrzrtDLttd,launchctl,1788421501.0,-0.99995,dump,387.0,14845.38,4,1487,0.349,0.0403,0.7364,2.3702,40,40,25,1.0,0.04,0.8164,0.08,0.122405,8,0.0,
D2zV1eDsM4UfTY8NBWuX4KQHreVmjQCt3CPAX7sSMvce,surge,1788423338.0,1.2445499999999998,pump,539.0,1821.01,9,728,0.0,0.0041,0.0,0.3404,40,40,35,1.0,0.0286,2.6452,0.9429,0.002105,8,0.0,
Eh5ah3wCHKaTKdSLs3723V6kopDrCWtnq6vVMT3FMaA,liqctl,1788423338.0,1.1742499999999998,pump,570.0,269206.83,17,1319,0.3086,0.0038,0.1259,0.4518,40,40,29,0.7931,0.1034,1.4293,0.3103,0.080193,8,0.0,
3dkR8w3bwoniRVMJxjXKj7x76tzURxSzksJoZwcqb8oY,launchctl,1788424096.0,1.5409000000000002,pump,332.0,18533.33,7,256,0.1289,0.0273,0.1016,2.4977,40,40,21,1.0,0.0476,1.3607,0.381,0.016247,8,0.125,
FNVvyUz4PaCoPNJubU9ezBZViYNcusJbaaTfaoCnpump,surge,1788424096.0,1.4413999999999998,pump,865.0,13200.08,36,1014,0.0049,0.0266,0.1736,0.9148,40,40,24,0.9583,0.0833,2.546,0.1667,0.035255,8,0.0,
4ACDAMHMV253AW6w3wtHGvSeoiWQRHjTkjbSYodFrKCr,surge,1788424096.0,-1.0,dump,474.0,3362.44,2,353,0.0057,0.0142,0.0963,0.4988,40,40,34,1.0,0.0294,1.2819,0.5882,0.002069,8,0.0,
43uJZGxfZcsiL29k1vpwd7H6up5qgMAoU1aMb5Rmpump,wait120,1788425093.0,2.3683,pump,1339.0,119814.11,40,0,,,,,,,,,,,,,,,window beyond page cap
BueWDL9z7kL1r8inrsrfuPHoCGjWUK4kmpMBKu2TCPMp,surge,1788425362.0,2.5164,pump,521.0,2722.84,8,728,0.0673,0.0055,0.0165,0.3503,40,40,36,1.0,0.0278,3.8282,0.9444,0.002102,8,0.0,
6avaZMQJsJ2hioqXdqpTZvh6XUn6N3L4zGuvoszSsuPL,wait120,1788425984.0,-1.0,dump,1261.0,216294.24,6,1305,0.3149,0.0077,0.6153,2.0041,40,40,23,0.9565,0.087,1.2533,0.4348,0.154362,8,0.0,
79N642PddtXC7WZg7r6mGeHP4P1tvD4t9kH2jQVEad4V,launchctl,1788425984.0,1.0301999999999998,pump,1048.0,48569.66,12,971,0.2441,0.0093,0.1926,2.4663,40,40,28,1.0,0.0357,2.459,0.7143,0.002322,8,0.0,
CCrAAk8Us7RiUrPSFhFki4kwE1UuGVNgAiKVCizSxzBJ,surgeliq,1788425984.0,-1.0,dump,1621.0,232736.87,12,2769,0.3575,0.0065,0.6771,1.1529,40,40,29,1.0,0.0345,2.3656,0.7586,0.002403,8,0.0,
C4BbwwBJtpNAUpRm3azjKH36msRAp9Bz3xmYb4Vuq8MJ,surge,1788426940.0,1.1985000000000001,pump,690.0,26864.32,7,1243,0.2204,0.0064,0.0362,0.3842,40,40,33,0.8788,0.0909,3.6038,0.7576,0.002113,8,0.0,
Dh6MGtEtnirmfimatEbcNHaTVPJGWxujvYLPgnm6pump,liqctl,1788426940.0,2.1749,pump,1555.0,155268.06,40,0,,,,,,,,,,,,,,,window beyond page cap
EBsohYi5yrQqvGZCUiVRTJtRKmkT8V3Datn3rAqqxErU,wait120,1788427473.0,2.1323,pump,703.0,317228.7,17,914,0.2888,0.0066,0.3151,2.1614,40,40,17,0.9412,0.1176,1.0843,0.1176,0.205995,8,0.125,
Bch9UF1eBoVwDDkC3EpEWUoHaUWEmrrVkTiScjekKSpx,surge,1788427844.0,-1.0,dump,808.0,11788.73,6,1606,0.0,0.0056,0.4813,0.5631,40,40,31,1.0,0.0323,1.9522,0.7419,0.002218,8,0.0,
FYPxq99GgjDjFYLWvnMA1EKowGXKQw1HDtRFofxX5U4S,liqctl,1788427844.0,1.6038000000000001,pump,867.0,173116.75,22,1684,0.3046,0.0154,0.6051,4.9889,40,40,27,0.8148,0.2222,1.0396,0.1111,0.166021,8,0.0,
EpHrbuV9QdroMmwY5hQC5jhgWyoAKE8VsPjWzzPe273h,surge,1788428896.0,-0.91035,dump,336.0,2604.23,1,559,0.0143,0.0089,0.0394,0.7291,40,40,23,0.913,0.087,1.2237,0.6087,0.002069,8,0.0,
5GABCzDxdiZ5yf5s4c2pDzoKkwg6Yd2hhG9tjYBqo3Sm,wait120,1788429345.0,-0.90105,dump,491.0,15106.84,2,1761,0.3225,0.0568,0.7422,0.7153,40,40,19,0.9474,0.1053,0.7925,0.4211,0.182951,8,0.0,
J6Rfx6ZTAycGaxTwzcLHEaQzMbnjo2ZUAUzz9ouVpump,surge,1788429780.0,1.044,pump,522.0,27444.4,40,0,,,,,,,,,,,,,,,window beyond page cap
23yhdSFs3PJ9gxGU5xP8LzpzTtLJTsmYLMBdN1ZCn13r,surge,1788429780.0,-1.0,dump,404.0,2832.81,2,414,0.0773,0.0097,0.0386,0.7723,40,40,27,0.9259,0.0741,1.116,0.5926,0.002074,8,0.0,
6QD5PLNV6W4mhM6bmiunJi8dK599xtsvMMVDNSBhLygi,liqctl,1788429780.0,-1.0,dump,732.0,128154.59,11,2726,0.2131,0.004,0.3463,0.2052,40,40,30,0.9333,0.0667,0.9277,0.4667,0.393048,8,0.0,
JB8sbbs4e4dq4qXRAwU4RvRNkokD5jpasicG3DFFpump,liqctl,1788430597.0,-0.9637,dump,883.0,190342.45,5,1919,0.3137,0.0151,0.7405,0.7833,40,39,26,0.9615,0.0769,1.0473,0.16,1.063891,8,0.0,
5TMGRVc7FFt1jd6dQJNUrkmYNXQXGWEvgZqadHdcw8gG,liqctl,1788430597.0,2.54645,pump,1278.0,193021.51,14,1254,0.3836,0.0112,0.8325,4.5755,40,40,30,1.0,0.0333,1.0908,0.3667,0.199151,8,0.0,
b3SQSCkJKVCbj8NPw89nxsodpczzVygdqwmgedPQYza,surge,1788430897.0,-0.9161,dump,374.0,2866.76,2,424,0.0094,0.0142,0.0731,0.5741,40,40,30,0.9667,0.0667,1.6392,0.8,0.002069,8,0.0,
5mAJpcck7wxUhbphLXLDZ7itqSgdDEmn6fTRw8zrKFt2,wait120,1788431540.0,2.0516,pump,1386.0,151514.1,16,1560,0.3109,0.0115,0.6801,2.155,40,40,31,0.9355,0.0645,0.9813,0.3548,0.705946,8,0.0,
AY19aF7eufyoQ1z5j8T5cmEjnDPqspRm8FFMSFBkWAvP,surge,1788432467.0,2.78655,pump,584.0,2843.09,9,728,0.0179,0.0055,0.0055,0.3288,40,40,33,1.0,0.0303,1.9576,0.7576,0.002112,8,0.0,
CEgGSbtCbmQ2cwBFksFg6PpR8pJnuYsNEaK7NZkEBwsV,liqctl,1788433508.0,-1.0,dump,1255.0,129206.66,13,4347,0.3198,0.0051,0.8965,0.1612,40,40,25,0.96,0.08,1.0934,0.48,0.210907,8,0.0,
8iYHTWvFbBz4UQj3YFUwL34h4mg5ypLjak1jbZ8cDg6S,wait120,1788435031.0,-0.99875,dump,600.0,94231.87,6,1124,0.4253,0.0187,0.7927,2.4481,40,40,31,0.9355,0.0645,1.5916,0.5806,0.0025,8,0.0,
C8uVHPmFEZVstcgs1S5fbV4tQ2N3Rf11w46ZTan6Bf6e,liqctl,1788435203.0,-0.98645,dump,734.0,35383.64,11,1718,0.1717,0.0157,0.7049,0.86,40,36,19,0.8421,0.1053,1.2405,0.1053,0.05119,8,0.0,
EyvR6rzrF8bYA3QSCzYD7NBmQLMMSz3jPhPMSobZaeQZ,launchctl,1788435750.0,-1.0,dump,1269.0,193034.11,7,1439,0.4274,0.0215,0.7338,1.4872,40,40,35,0.9714,0.0571,1.7391,0.5714,0.002493,8,0.0,
499jQVCGNa9Zqfe4AsqaYgsMA2LgCXdZYVXtrT1B9xoe,liqctl,1788437550.0,-0.985,dump,2416.0,23271.4,11,6134,0.1089,0.0073,0.9901,0.261,40,40,21,0.9524,0.0952,2.7872,0.8571,0.0001,8,0.0,
9VEpuoCRJxHddJmgzuHHCSbGoXaubRSaVu8jNxKcpump,liqctl,1788437550.0,-0.96095,dump,346.0,91824.38,3,80,0.1625,0.25,0.3,2.1577,40,40,13,1.0,0.0769,1.9593,0.6923,0.004918,8,0.0,
5sBDA9wWaHxohkEvTpfE67jATF8iba75oq6Kh38rnSj4,surge,1788438521.0,1.01885,pump,824.0,23181.77,7,1331,0.2201,0.0053,0.0248,0.3237,40,40,32,0.9688,0.0625,1.526,0.6562,0.002116,8,0.0,
9MEKmnNZb1xjBCTQ9wjAicZNJ7qi9Zkur8QDaW4E5AWC,surge,1788438521.0,2.00415,pump,977.0,32984.01,7,1518,0.1219,0.0053,0.0395,0.3129,40,40,30,1.0,0.0333,2.3141,0.7667,0.002115,8,0.0,
2joVnZXugemb9AK4VpS4zs9jjaFtUPBtDrnPCTr6HcxV,surge,1788438711.0,1.09505,pump,836.0,28026.63,10,1382,0.2185,0.0094,0.0535,0.6214,40,40,32,1.0,0.0312,1.9082,0.6562,0.002109,8,0.0,
ujL4tkT92ZR9MBuWHNdrLkZnr162Tup9SSuac3Mpump,surge,1788438711.0,1.0539,pump,365.0,81040.12,14,504,0.0258,0.0079,0.0079,0.8014,40,39,27,0.963,0.0741,0.6701,0.2222,0.9,8,0.875,
AHnS4obCunZFk58ArD5pNZviPrJ6zfojj4QmbNZUpump,surge,1788439261.0,-0.99975,dump,749.0,3785.89,3,1233,0.0008,0.0057,0.1079,0.4274,40,40,25,0.72,0.12,1.1144,0.4,0.008001,8,0.0,
4bwwvy6cUudVG14pD8Jsj1iQp7zybzyHPdyREJx9ckZS,liqctl,1788441737.0,-1.0,dump,613.0,120317.58,6,1572,0.1794,0.0115,0.3817,1.1581,40,40,23,0.913,0.087,0.5387,0.087,0.629958,8,0.0,
9ib4Bjjc5VDEPQPyUAZevYCbjnuAc2ZdQ7eUEEpR35jp,liqctl,1788441737.0,-1.0,dump,1267.0,123112.26,7,3360,0.3524,0.0095,0.7786,1.1443,40,40,25,0.96,0.08,0.9241,0.32,0.434894,8,0.0,
AhiGQpTS2ykeVT5STJzdQjHT5s49sbyunsPGpg4vGYVm,liqctl,1788441941.0,-1.0,dump,830.0,268541.0,11,1902,0.3948,0.0116,0.7944,2.8325,40,40,28,0.9643,0.0714,1.26,0.3929,0.119391,8,0.0,
6ayUpiPn9JtFycCingzSu7NjdExCouCgT4RDrG2P9tDb,surge,1788442424.0,-0.99995,dump,386.0,3799.61,2,571,0.0,0.0088,0.0368,0.7203,40,40,32,0.9688,0.0625,1.1594,0.7188,0.002072,8,0.0,
HGTgk1VG31x8kRpBdLYYXSjYNMhnNkQ8SD7CAzC2MJi,liqctl,1788443365.0,-1.0,dump,920.0,85063.16,9,3007,0.3462,0.007,0.719,1.0821,40,40,26,1.0,0.0385,1.133,0.3462,0.171101,8,0.0,
9ApiXAGVCU6y32hNWCGq2iDgU97giBePvFV5yaH3eG9x,liqctl,1788444916.0,-1.0,dump,960.0,117773.74,8,2458,0.3678,0.009,0.5688,1.0826,40,40,29,0.9655,0.069,1.3512,0.5517,0.002309,8,0.0,
2iRyHD6Wf3So17eYyqhWDdrZvSP9XzsZvY4iJQwzpump,surge,1788446400.0,-0.9815,dump,998.0,78701.23,8,1527,0.0851,0.0269,0.3405,0.4664,40,39,34,1.0,0.0294,2.4294,0.4118,0.055874,8,0.875,
Aii7spumLDPQPwdTcocZeUJU13W9NifsbkdJC7cxpump,surge,1788446400.0,-0.9979,dump,895.0,309627.61,5,1064,0.0338,0.0207,0.5526,0.4947,40,37,30,0.7333,0.1,1.6233,0.6333,0.007257,8,0.0,
F2YTPdue4KAJSe2MsYoaR7N2mDq3veFfrktt23r8pump,liqctl,1788447111.0,-0.90955,dump,1683.0,143846.2,40,0,,,,,,,,,,,,,,,window beyond page cap
33N4rurLj9XnMDC3e87EQj7bhUaVkFuFMAsUgg39qcqM,surgeliq,1788447416.0,1.14715,pump,503.0,15380.49,7,775,0.2929,0.0232,0.2477,1.4127,40,40,26,0.9615,0.0769,1.595,0.6538,0.002113,8,0.0,
5e3DsMVN1X5hQaf6DRksJCyCPtpAYxrrkPtpXK4UWEU4,liqctl,1788448014.0,-1.0,dump,559.0,168468.78,3,1368,0.3501,0.0095,0.5022,1.2413,40,40,25,0.84,0.12,1.1275,0.36,0.062686,8,0.0,
DZmazgNXXUVkhhLsZefAYUYvMS1wamkZgMYUrzFgpump,surge,1788448624.0,1.249,pump,1885.0,50283.23,35,3507,0.2221,0.006,0.7089,0.3042,40,40,36,0.9167,0.0556,0.8955,0.6389,0.013836,8,0.625,
E5KnLTkRFKkoRHfrX4k9SRqcAQDHCQ1a9iBuktPPTagr,surge,1788448624.0,1.2736999999999998,pump,617.0,68911.04,8,1931,0.3563,0.0161,0.6789,1.3699,40,40,39,1.0,0.0256,2.5012,0.7949,0.002116,8,0.0,
5QbEehu9e3P6yrCw7Kk6KtH34vPQPXgMBMrDVxsLJLse,surge,1788449574.0,-1.0,dump,1032.0,185793.87,6,1164,0.4897,0.0275,0.7904,1.7313,40,40,31,0.9677,0.0645,1.5738,0.4839,0.002571,8,0.0,
5U6AQEszBAK5ivQPRogd4T15p7EpeeModKEvf2oHbqmc,liqctl,1788449869.0,-1.0,dump,665.0,114577.9,11,4347,0.3996,0.0099,0.9443,0.9152,40,40,24,0.9167,0.0833,0.9644,0.3333,0.746853,8,0.0,
3ABWiwN2PPQzTyH4nVSSf67SAz9LwgsBYoVGx2HXejjk,liqctl,1788449869.0,-1.0,dump,820.0,71745.43,9,2050,0.4415,0.0156,0.8059,1.7611,40,40,28,0.9643,0.0714,1.2545,0.4286,0.15175,8,0.0,
5pTh8Xuzpowh2RghMVwfdNFSdiThTE37nvdNd1Xbpump,surge,1788450250.0,-0.90785,dump,322.0,6803.7,2,803,0.2889,0.0523,0.4172,0.8522,40,39,31,1.0,0.0323,0.7101,0.129,0.11727,8,0.25,
2kURZAw2f1paNAkcWV4iS9XREadRjrthhTYbTNxSHVGn,liqctl,1788450250.0,-1.0,dump,1023.0,223342.85,12,2829,0.3715,0.0095,0.7508,1.2024,40,40,29,0.931,0.069,1.2506,0.4828,0.073523,8,0.0,
DX88KdJkvXzm6dAvMzjpPQDxdWdAmAPkP1cmjbfPWV5i,liqctl,1788453605.0,-1.0,dump,940.0,106819.82,9,2367,0.357,0.0084,0.643,1.3772,40,40,27,0.963,0.0741,1.0043,0.4815,0.26562,8,0.0,
FPGMWiaf6qpqBAx6ZcbbkBiyme4j9mja9wBiJZZRuABB,liqctl,1788453605.0,-1.0,dump,1244.0,180984.04,10,3311,0.4035,0.0103,0.8744,1.3757,40,40,27,0.9259,0.0741,1.5676,0.5185,0.002553,8,0.0,
4NEMzubrrcXtkGM97SAKNJKhbSoJVGPdMdSwKE1KEHsw,surge,1788453834.0,-1.0,dump,472.0,5351.27,4,687,0.1063,0.0073,0.0204,0.4118,40,40,39,1.0,0.0256,3.0083,0.8974,0.002101,8,0.0,
AF75nDS6oVnSvZM5q24bQecRaruy4mHjUYJTm4pipump,surge,1788454644.0,-0.98805,dump,1380.0,146457.72,17,2820,0.2631,0.005,0.522,0.175,40,39,29,1.0,0.0345,1.4133,0.2069,0.034029,8,0.375,
5ejL79d7izxwyxz1eLK41hrCZdY8HsPsqYR7Fticp2E,wait120,1788454779.0,3.0919,pump,335.0,30505.29,10,447,0.1454,0.0157,0.047,1.885,40,40,29,0.9655,0.069,1.566,0.6552,0.002109,8,0.0,
FsMM8hMqz4fQhKfAv3beqGz5oiJWtXNdmdt3hQskpump,surge,1788455570.0,1.0264000000000002,pump,402.0,18078.29,40,0,,,,,,,,,,,,,,,window beyond page cap
HKBbjr72nrEZuLL2tUbzx4CneNmwVrwTzTVxeBJmpump,surge,1788455570.0,1.05255,pump,1509.0,59532.4,40,0,,,,,,,,,,,,,,,window beyond page cap
9MPz9x4uR7v29kzFUccL5kNRuZCxv5bjgZJAoLVVELbW,liqctl,1788456798.0,-0.9884,dump,680.0,38514.63,9,2672,0.1781,0.0079,0.6295,0.3004,40,40,17,0.9412,0.1176,1.9776,0.2353,0.121887,8,0.0,
BBLZvX7q4TzR23iXHFP5RdeCv7MfyWohrw3czmeDpump,surge,1788457200.0,-0.9525,dump,1299.0,60996.71,4,1740,0.1126,0.0253,0.7213,1.7691,40,38,26,0.8846,0.0769,1.891,0.5,0.005394,8,0.25,
8b4sBUgf1cmtuRsRJ27KkEmXERNLizHWC79XgWNZpump,liqctl,1788459039.0,-0.92735,dump,341.0,31590.63,7,1446,0.4972,0.0124,0.6335,0.9716,40,31,13,0.9231,0.1538,1.3455,0.0,0.0931,8,0.125,
2Fak7EeWBydxfMyWdG7moUmRJS7vcDyWbjH958kSUfgP,wait120,1788459820.0,1.7637999999999998,pump,445.0,13135.94,16,687,0.1747,0.0073,0.0437,0.647,40,40,31,1.0,0.0323,1.2711,0.4516,0.047784,8,0.0,
3HcHtdZmoPVRGWfWn2fxGfz3ADZfGBCJ2QzM8JPQZePb,surge,1788459820.0,-0.99995,dump,344.0,4380.4,3,562,0.1744,0.0125,0.1032,1.1789,40,39,25,1.0,0.04,1.3422,0.6,0.002314,8,0.0,
6LdPNiE54xPXnZD1EoZ5pCfaZJ3HDd2TRtd7VeAVdt7V,surge,1788459820.0,1.75595,pump,411.0,41091.09,23,697,0.3558,0.0201,0.3945,2.6535,40,40,34,1.0,0.0294,4.063,0.9118,0.002446,8,0.0,
3jEwDDDwdCanxfQUoucnFtkbifeJ4HhjqKDqbPjPaQz8,liqctl,1788460763.0,-0.99095,dump,1149.0,85540.01,9,2085,0.2115,0.0062,0.7118,0.2859,40,38,19,1.0,0.0526,2.333,0.0,0.081104,8,0.0,
35tW2ByvztvehfSXgx3qM4SokmFergQQydk1BZUH8u6j,surgeliq,1788461569.0,1.1467,pump,946.0,157130.92,11,1580,0.4437,0.0127,0.7684,1.3465,40,39,28,0.8571,0.1429,1.4868,0.5357,0.002564,8,0.0,
GHjzyv8eDtsfLFsfoiJE1LQpifAVViup458PVRXuBbxW,liqctl,1788462160.0,-1.0,dump,1201.0,138450.63,7,2779,0.4261,0.0112,0.9136,1.4377,40,40,26,0.9615,0.0769,0.9901,0.3846,0.461438,8,0.0,
4WrkL2H6FVVCtwKm81CFAiG6fj9ca2DTSb7s14strGU5,surge,1788462550.0,1.3288000000000002,pump,407.0,15406.1,8,1460,0.2897,0.0103,0.3452,1.2742,40,40,36,1.0,0.0278,3.3736,0.9167,0.002247,8,0.0,
RP2szJ3eFbqLpCJUwS5AxX3pJB1mNqcQSVo4Lhgpump,wait120,1788462966.0,1.1737000000000002,pump,469.0,40414.69,6,1171,0.1085,0.0111,0.3117,0.6887,40,38,22,0.9545,0.0909,1.0926,0.0,0.369155,8,0.0,
FpTtF5ZbEhYaUfHfrAfWemH9X4V3K8p3o2TAs54LrcXg,surge,1788463188.0,1.6068500000000001,pump,1822.0,201952.76,17,3055,0.3313,0.0108,0.7993,1.4563,40,40,36,1.0,0.0278,4.2079,0.9167,0.002387,8,0.0,
3FE53ZuTw4iU4JSKkMikZpJgndP1HZhtpUcPPDwiGUgi,surge,1788464201.0,1.3808500000000001,pump,683.0,25671.56,9,917,0.301,0.0174,0.3959,1.3534,40,40,37,1.0,0.027,3.7624,0.8919,0.002364,8,0.125,
J7pXfkpsGe5ALy3Rtz7UR531h4eJfcULSU7FoNGhpump,surge,1788466097.0,-0.9997,dump,359.0,4447.71,3,644,0.0575,0.0388,0.1724,0.5137,40,39,22,0.8636,0.0909,4.3863,0.3636,0.042537,8,0.0,
4KrhzskiejbhL8R43nX6fs3VaUnCBEjy1YcACVhkKnpc,liqctl,1788466367.0,1.7441499999999999,pump,311.0,89272.0,9,1218,0.4581,0.0131,0.5509,1.72,40,39,22,0.8636,0.1364,0.5418,0.0,1.325379,8,0.0,
HHJSeY8m6a8YtEMpn1dJK2gbtHh8J6GEhKHk2wyum9n2,wait120,1788468745.0,-1.0,dump,878.0,163535.1,4,1694,0.4994,0.0195,0.9723,1.3789,40,39,29,0.9655,0.069,1.2089,0.4483,0.112412,8,0.0,
H7L3oDyyQBhcHM5CRu8ndbVLMSQMBZotnJisPzVfhyZZ,launchctl,1788468745.0,2.4614,pump,2280.0,211252.58,40,5946,0.6297,0.0314,1.0,0.0,40,16,11,1.0,0.0909,0.8259,0.2222,0.20001,8,0.0,
2HR7Xybxs3zKxP9oPMPpfwEK8FVJPFyx7oZDVJZ2jym2,surge,1788468745.0,-1.0,dump,952.0,274189.58,6,2097,0.4492,0.0119,0.8412,1.808,40,39,23,0.9565,0.087,1.2566,0.3913,0.061253,8,0.0,
5a9wFW6oSjeTkEoV1a2e5Tifvva9TXQeHze46MYZHJTF,surge,1788473108.0,1.8603999999999998,pump,452.0,7329.3,8,1498,0.285,0.0107,0.3605,1.3125,40,40,34,1.0,0.0294,2.4534,0.8529,0.002342,8,0.0,
24rsex5mczSgz6HPzqi3vLnGrpcp2a4qJvgQNrfj39Uq,surge,1788473856.0,-1.0,dump,922.0,98589.96,5,1572,0.383,0.0095,0.5598,1.2837,40,40,30,0.9667,0.0667,1.7572,0.6333,0.002435,8,0.0,
HiAdHBJmVM3pLiS9L2ERjMq6tvroYypcujS4DPSxfTo4,liqctl,1788474215.0,-1.0,dump,863.0,246389.85,8,1258,0.4928,0.0167,0.849,1.6913,40,40,20,0.95,0.1,1.4201,0.4,0.033505,8,0.0,
BsrJXGWf3d7GuKjVTWmCQ8J9nKUXYT74mVCNpw65qvQM,surge,1788475135.0,1.64845,pump,1006.0,10720.22,5,1276,0.1207,0.0039,0.0071,0.2002,40,40,40,1.0,0.025,4.1549,0.925,0.002106,8,0.0,
6KiGhqN9Wm35kdp5UkTc8T1Dqwm9owWLav7kfQ221mhU,surge,1788475396.0,-1.0,dump,571.0,35573.36,4,1476,0.2473,0.0088,0.4112,1.3015,40,40,35,1.0,0.0286,2.5062,0.8286,0.002412,8,0.0,
CyD577ebTxTbxEYsuPn2fa7YhwsArHA4ZHTxYRQd6yiH,surge,1788475923.0,1.88565,pump,1031.0,237603.89,12,3093,0.473,0.0074,0.9263,1.4253,40,40,29,0.8966,0.069,1.6388,0.6897,0.002307,8,0.0,
5wnETucZEbkqxudzEmeT2MQoWx5TMyd3kJLvUHziW5ie,liqctl,1788478620.0,-0.9987,dump,774.0,175874.1,15,3650,0.4945,0.0099,0.9299,1.2774,40,40,21,0.9524,0.0952,1.1244,0.4762,0.176864,8,0.0,
HZMYxgGU32q9Nj45Gc2ELtTaDJ3duv5hz7usRG93zkTK,surge,1788480829.0,1.8262,pump,646.0,40116.72,6,1156,0.1548,0.0078,0.0545,0.4799,40,40,28,0.9286,0.0714,1.6856,0.7143,0.001928,8,0.0,
HpsWcj4ct7gXNGaG93TiHLMKTK4EhtF1yc56QboUaiyn,surge,1788481644.0,-1.0,dump,1197.0,45811.69,5,2925,0.3104,0.012,0.6961,1.245,40,40,37,1.0,0.027,2.7991,0.8919,0.002228,8,0.0,
CKzYjmsQ1HjMUYcvE1PMwRMypkLj4gzZ4fHvFeC5QSoy,liqctl,1788481644.0,-1.0,dump,745.0,219948.82,9,2765,0.3711,0.0127,0.7016,1.2324,40,40,27,0.963,0.0741,1.8438,0.5556,0.001915,8,0.0,
CFtf1H9ijkXgJASRrzkVnsiKVRfLNMp7RNc9xLFgdyrC,liqctl,1788481644.0,-1.0,dump,534.0,197783.74,5,2750,0.2942,0.0098,0.6949,1.2385,40,40,25,0.88,0.08,1.0366,0.28,0.176186,8,0.0,
HtqbFYQU4xjdoC4k6DvguJuhN2B4okGpCVTJqKLsrGwk,surgeliq,1788482212.0,-1.0,dump,871.0,103184.58,9,1561,0.3549,0.0135,0.6143,1.5688,40,40,32,0.9062,0.0938,1.7457,0.5938,0.002294,8,0.0,
7yjKKGtbU82aNuXEPQWChJyVyT83ixtEjFzWYeacuYWA,surgeliq,1788482212.0,5.9628,pump,556.0,32857.17,7,853,0.1524,0.0047,0.0281,0.9832,40,40,26,0.9615,0.0769,1.6997,0.6538,0.001922,8,0.0,
D5Usczh1tfTCK9a6hNT7RwbzmoeQAevadXx1XjgobV1Z,wait120,1788482675.0,-1.0,dump,344.0,11309.76,2,428,0.2407,0.014,0.1075,3.7969,40,40,33,1.0,0.0303,1.7731,0.6667,0.001924,8,0.0,
3rsyj53Bg8KLsJim1Bnfg8REWuFebuepDUTeBR6hHc3h,launchctl,1788482675.0,-0.99995,dump,350.0,4035.48,2,452,0.1394,0.031,0.1239,0.6375,40,40,28,0.9286,0.0714,1.4397,0.5714,0.00211,8,0.0,
AAg8bWXBQN9pspwhmiMXqdM3RFGT1dMEkYrkb3o3CVhh,liqctl,1788483512.0,-1.0,dump,1067.0,135385.55,6,2216,0.185,0.0181,0.8759,6.2674,40,40,20,0.95,0.1,0.7011,0.1,0.508077,8,0.0,
5msYT5ZbfkrkCYpg1tedVijWigR8qtRtbu7U1BHQw9FM,liqctl,1788483512.0,1.7094,pump,330.0,367609.82,10,791,0.3439,0.0177,0.445,4.022,40,40,20,0.85,0.15,0.5979,0.25,2.596887,8,0.0,
HsQvo6XaQdisgmqoRU38GbTDcTTmNXjrfTd4bGs3hC89,surge,1788483798.0,-1.0,dump,488.0,5254.85,3,644,0.1289,0.0109,0.1646,0.6758,40,40,30,0.9,0.1,1.6021,0.6,0.002131,8,0.0,
B3ngy3RLyDN2QgNry4zW17ZRFqcHhHRaEfuA44nTvcnz,liqctl,1788485146.0,1.5154,pump,339.0,64940.53,21,3792,0.379,0.0105,0.9048,1.3716,40,40,25,0.96,0.08,1.1008,0.32,0.618776,8,0.0,
7FU72PeS5uAXfYHsstPgHDrxt7YBwwNq4ynRCshuZz5A,surge,1788485705.0,-1.0,dump,1027.0,135766.75,6,2775,0.3449,0.0094,0.7441,1.3134,40,40,21,1.0,0.0476,1.2722,0.381,0.095825,8,0.0,
BzvMXePvoKtBK7KrH8AjCoaii2efwPCQubRdThXjCiNt,surge,1788486107.0,6.0527,pump,1022.0,236875.28,22,2749,0.4784,0.008,0.8367,1.7403,40,40,25,0.96,0.08,1.4724,0.6,0.002311,8,0.0,
AKaSFwciKPJq5NNUjy29d4zEFxZuat4y43W7bEPHK4N9,liqctl,1788486107.0,1.029,pump,1113.0,152654.03,20,2957,0.3666,0.0081,0.7859,1.2804,40,40,29,0.8966,0.069,0.9349,0.3103,0.44622,8,0.0,
9M1BjQud1Fo4GK99ygRdoqqHANauVLsZLUHCyWniD81R,launchctl,1788486945.0,-0.9989,dump,313.0,3580.51,3,435,0.1379,0.0161,0.1471,0.5699,40,40,32,1.0,0.0312,1.5596,0.7419,0.002061,8,0.0,
F6nFYuUC47awLvmbgpmRkMAT1CLKn5PzFYF93zLhjiYA,surgeliq,1788486945.0,-1.0,dump,889.0,4059.85,7,987,0.1327,0.0091,0.0608,1.1156,40,40,37,1.0,0.027,2.1254,0.973,0.001918,8,0.0,
Dz9eecdMe8go7HytYEkjvXNn8tVTYNozVWeNSdBe1ms1,liqctl,1788486945.0,1.30185,pump,785.0,113889.59,27,2100,0.4224,0.0138,0.8995,1.506,40,40,19,1.0,0.0526,1.2058,0.5263,0.002158,8,0.0,
5YNmCgzFqg6VLUPdiPYxgmMUAuub8KgNCtMxA38sVMrC,liqctl,1788488085.0,3.3102,pump,1257.0,206412.46,36,2588,0.5255,0.0143,0.9532,1.5829,40,39,21,0.9048,0.0952,0.9554,0.381,0.740679,8,0.0,
DFeVaZpjheY23JPGEeXHmNHZqptYAEbLsxa9JyznKj7Q,surge,1788488440.0,1.5632000000000001,pump,945.0,6229.55,9,966,0.119,0.0062,0.0569,0.9098,40,40,34,1.0,0.0294,4.7302,0.9412,0.001913,8,0.0,
Hwy9Tj1orw9E4wf29kJenGYzYVy1d3vjw5zMBpikro6m,surge,1788489123.0,1.3664999999999998,pump,852.0,56505.47,12,734,0.218,0.0163,0.3678,1.5697,40,40,32,0.9688,0.0625,2.4922,0.8125,0.00214,8,0.0,
6uWaq6FbKxBxLHRC7NraMGzgg8aus7depSPw9HS5MJfa,surge,1788489123.0,-1.0,dump,401.0,80849.28,5,986,0.3489,0.0081,0.2961,1.5797,40,40,32,0.9688,0.0625,2.584,0.8438,0.002714,8,0.0,
5uTNyjCYEhqWAyNiMT9Vp7mwaNMxKuPiWadEHuF5KG1F,surge,1788489698.0,-1.0,dump,532.0,10081.71,3,663,0.1071,0.006,0.006,1.83,40,40,36,1.0,0.0278,2.0398,0.7778,0.001922,8,0.0,
7Qj4ec9NMLHmTm1JRusuhDjfHgphjC7ofXaGKzT1pump,surge,1788491939.0,-0.99995,dump,837.0,2837.94,6,1307,0.0,0.0061,0.5073,0.4784,40,39,30,0.7333,0.1,1.4802,0.8667,0.0063,8,0.0,
A9qaq2oNojk47mkyr1b58qZvd1yFm9M17q1vRoUa2Ekc,surge,1788492663.0,-1.0,dump,1273.0,204582.5,11,2086,0.3969,0.0105,0.8317,1.9391,40,40,30,1.0,0.0333,2.0785,0.6667,0.001918,8,0.0,
ENX4rjFFpyzBKXrMHr63C9cmaemGwTb4CeTfch2jwUDV,surge,1788492955.0,-1.0,dump,731.0,95251.58,7,3077,0.4852,0.0081,0.7998,1.1144,40,40,33,1.0,0.0303,1.6808,0.6667,0.002287,8,0.0,
9YbAU2nfPwmvMfsNjqcMq24ZPYJGWxKtTSdEgDPVDVHr,wait120,1788494302.0,-1.0,dump,875.0,230742.57,8,1458,0.415,0.0199,0.906,1.3694,40,39,21,0.9048,0.0952,1.2682,0.2857,0.108648,8,0.0,
CL5uazPESP4Yoyx8sEiE3j2FWogz3G5AdFRP5Hvpo5KP,surge,1788494654.0,1.2824499999999999,pump,474.0,7304.42,7,552,0.0888,0.0054,0.0,4.396,40,40,36,1.0,0.0278,3.0024,0.8611,0.001919,8,0.0,
E6TW7PdGZrFJUy3CRm8Jm5Kf61aHf2MWDc9HHaSJJPtn,surgeliq,1788495945.0,1.1323500000000002,pump,1201.0,124252.61,18,3570,0.4905,0.007,0.9092,1.2003,40,40,32,0.9688,0.0625,1.4858,0.5938,0.002076,8,0.0,
BxBM4nFnjkrYNzUSyVgS9cT5eyH9BJiJADJP1bi2rF3d,launchctl,1788497738.0,-0.90195,dump,391.0,11009.89,2,1393,0.2828,0.0359,0.7882,1.2413,40,40,18,0.8889,0.1111,0.9286,0.2222,0.090083,8,0.125,
ECqfLp9BwXbpRjsd4JHeGoeysBRbuJgrXvP8vzqDTEML,surge,1788497738.0,1.2945000000000002,pump,336.0,8406.55,10,1173,0.1671,0.006,0.0162,0.2919,40,40,28,1.0,0.0357,2.2041,0.75,0.001923,8,0.0,
4jSqB9NDVwtp7EpJoGcJqqDLt14unqMCRBiHb6kDLgK5,surge,1788499271.0,-1.0,dump,947.0,110649.66,8,2637,0.3629,0.0095,0.7357,1.2791,40,40,30,0.9667,0.0667,1.3928,0.5333,0.002368,8,0.0,
5KDVFAdQLLM9y5aAdUH4vfr9nW6W8iHKGYhb1XrgfNY5,surge,1788499271.0,-1.0,dump,734.0,21498.25,7,1332,0.1869,0.006,0.048,0.4123,40,40,32,1.0,0.0312,2.4627,0.75,0.001926,8,0.0,
75V8wnZLPYFsvcFeThdUf9DHGjDxBW2vuhbKtEM2pump,liqctl,1788499271.0,-0.97585,dump,493.0,109633.6,6,1463,0.1388,0.0096,0.4874,0.9574,40,39,23,0.9565,0.087,0.8753,0.087,0.709887,8,0.0,
5wgJKGN5cxHscFC6S7C6ZvrWnkJrButnJHboMd8Paz7v,launchctl,1788500103.0,-0.9824,dump,1036.0,38675.04,11,1292,0.2175,0.0178,0.7051,0.8499,40,39,21,0.9048,0.1429,2.4051,0.8095,0.0001,8,0.0,
6rkuAFLppWDp9CibQrgqbYV2d7hysi3y6c2n3YTUbNFT,launchctl,1788500103.0,-0.98105,dump,2056.0,35565.61,18,3692,0.1541,0.0106,0.9865,0.776,40,40,13,0.9231,0.1538,2.3902,0.8462,0.001,8,0.0,
Fh3PckgoykjPZRmdn4VKxpgi33Tyi3VNEd3WFjSfg2HT,liqctl,1788500465.0,-1.0,dump,629.0,85077.15,8,1232,0.3425,0.0203,0.7646,1.5974,40,40,25,1.0,0.04,1.408,0.56,0.002345,8,0.0,
DQiSbPsMRYCMwkkhhH66B4fKBz5EJwmo78d9U9CXpump,liqctl,1788501197.0,-0.97965,dump,499.0,57609.63,4,1307,0.101,0.039,0.7085,0.7192,40,38,19,0.8421,0.1053,1.1231,0.1053,0.206839,8,0.0,
Adj1ifh36PF8g9PFLrE2WpHRwBGD75BJ2Wc9PaHd89BA,launchctl,1788502184.0,-1.0,dump,618.0,21722.78,3,1108,0.2527,0.0894,0.6327,1.9496,40,39,16,1.0,0.0625,0.6934,0.0,0.140762,8,0.125,
J8MLXnhuAAmoZ4fcAHYtkTKtd55raohwynTyFcDWpump,surge,1788502184.0,-0.97325,dump,4084.0,55508.51,14,3066,0.0117,0.0108,0.9661,0.3166,40,40,34,1.0,0.0294,3.3579,0.8824,0.002013,8,0.0,
23g7yTiFKFz1wYPcC2LFB96wBUkJ2TjS4D2rFeq5pump,liqctl,1788502184.0,-0.96925,dump,812.0,125161.03,5,1750,0.1137,0.0509,0.6977,0.698,40,35,17,1.0,0.0588,0.8781,0.1176,0.802066,8,0.0,
EpMUGULDcwju98X1ZvEnM7k2ZxdCcFDY9BtawR4DLGrN,surge,1788502483.0,2.3162,pump,463.0,8619.17,9,1338,0.1682,0.006,0.0628,0.3729,40,40,37,1.0,0.027,1.7364,0.7027,0.001927,8,0.0,
7kTECD95tx79hA1fHxyifpHAREQv9kopFt3GifW33Wg5,surge,1788502483.0,-1.0,dump,936.0,69592.53,5,2658,0.3717,0.0075,0.7088,1.4377,40,40,36,0.9722,0.0556,2.4183,0.8333,0.002223,8,0.0,
D7hJPsVt56p4qbnR1f4HjWpk9hqx9yAHv6WrzxMND4dN,liqctl,1788502483.0,1.6185,pump,322.0,103921.57,20,2833,0.4864,0.0078,0.8097,1.4261,40,40,29,0.931,0.069,1.0992,0.3103,0.635619,8,0.0,
6P7ERMmRgm34GJmHaVWAWmVY39SMe4ZbfbRMhpH5YMX7,liqctl,1788502483.0,-1.0,dump,1041.0,123793.41,14,2501,0.3758,0.0096,0.7853,1.5567,40,40,29,1.0,0.0345,1.4683,0.5172,0.002366,8,0.0,
3dStmNeWFBVSrhW1RpiuNAhUqbDvMZMnwGVrgdLY7Aqr,surgeliq,1788503504.0,-1.0,dump,1153.0,58452.55,8,2569,0.3546,0.0101,0.7026,1.4649,40,40,32,1.0,0.0312,1.9759,0.7812,0.002291,8,0.0,
HpPQtJpkKpaX45afKQ3obux7EcTgV7eNvbuEq4Zppump,liqctl,1788503504.0,-0.9805,dump,1769.0,223257.63,15,4697,0.2723,0.0072,0.8024,0.2452,40,36,20,0.9,0.1,0.8325,0.0,0.528714,8,0.0,
2r5hsT3AQ9beXB66ZrgpRZ83o1miiQYLf5Dn62BMpump,liqctl,1788503504.0,-0.9956,dump,1396.0,17037.86,10,3024,0.0152,0.0083,0.5003,0.4333,40,38,17,1.0,0.0588,3.2915,0.8824,0.000277,8,0.0,
9MMYWJLM6fDmBAwWydbNaPAjvSZWyRsaM2JAYBaXpump,liqctl,1788503504.0,-0.96865,dump,568.0,99946.3,7,1506,0.2324,0.0126,0.5677,0.9331,40,37,20,0.95,0.1,0.8737,0.0,0.73149,8,0.0,
GT9H2gbRxh17VhbA9CQzA1cBrcuyrMbr54GNN2WkWFad,wait120,1788504937.0,-0.9023,dump,487.0,17392.86,2,1845,0.3339,0.0531,0.7724,1.5271,40,39,16,0.9375,0.125,0.479,0.0,0.164495,8,0.0,
CuQCCFc8CpeXhYbMf1qDTeojF8VAtxQ9x8EQFWoF168h,surge,1788505289.0,2.16615,pump,876.0,45883.72,6,2001,0.2619,0.0065,0.4023,1.1796,40,40,38,1.0,0.0263,2.8593,0.8684,0.002237,8,0.0,
A8Q4QcJm2cqBW5UbRdJDhctD9H7PP8aGw2Kkgy4Y6o6u,surge,1788505289.0,5.26435,pump,441.0,14794.96,7,573,0.0785,0.0122,0.096,0.7198,40,40,30,1.0,0.0333,3.4994,0.6,0.002887,8,0.0,
2dMdkcKMuMcVwz9DF9dKHHdn32QMAHxEkTAphagqpump,liqctl,1788505736.0,-0.9778,dump,396.0,55434.21,4,1393,0.0897,0.0258,0.6698,0.9407,40,37,6,1.0,0.1667,1.0138,0.0,0.368142,6,0.0,
6zkBLVQJZt6mYonkxuTo9ryVTy3q17Nee3fdYWKsWzsU,liqctl,1788506579.0,-1.0,dump,1091.0,162862.72,8,2650,0.4355,0.0087,0.8068,1.4206,40,40,28,1.0,0.0357,1.5653,0.5357,0.002315,8,0.0,
3vfyuEq9Rx1ySBgqGgJa1s8upNdiQEreSwNQwZkdb1GX,launchctl,1788507522.0,1.18615,pump,613.0,101884.44,14,602,0.3505,0.0266,0.5864,5.7051,40,40,23,0.9565,0.087,0.5703,0.087,0.828555,8,0.0,
Esgk5HEtckWx5qCAQaukHfCo3HnqxuPLwE35R9bCk5ye,surge,1788508328.0,-0.99995,dump,523.0,5516.02,2,699,0.123,0.0086,0.1144,0.6061,40,40,29,1.0,0.0345,1.8553,0.7241,0.002128,8,0.125,
BrrZENizArUBsUq3B5ewyx4vK2FDKzqe5t8TmbwMVNHN,surge,1788508975.0,-1.0,dump,659.0,30927.09,3,602,0.1013,0.01,0.0831,0.5784,40,40,30,1.0,0.0333,1.4242,0.7333,0.002887,8,0.125,
7TJqowPWeWmnsFdpUBUpczJjv7VDEP4NA9ygoxRphENM,surge,1788508975.0,-1.0,dump,770.0,18186.31,4,1033,0.091,0.0039,0.0774,0.8281,40,40,30,1.0,0.0333,5.0453,0.8333,0.002636,8,0.0,
7TJkzeyw2Z385CY7hqf8KPE22uk1PGdqq3TJZJGnorz4,liqctl,1788508975.0,1.4047999999999998,pump,553.0,238891.42,10,1354,0.2821,0.0111,0.3996,1.1857,40,40,23,0.9565,0.087,0.6686,0.0,0.576484,8,0.0,
BB4JnPiNSsMHK7bhtE1Qo9bVArTRCsf5k1wiG57pmHau,wait120,1788509714.0,1.5390000000000001,pump,467.0,81791.32,14,565,0.3593,0.0265,0.5894,5.7611,40,40,17,0.9412,0.1176,0.5007,0.0,0.661111,8,0.0,
3GPj3oigRD2d6K5NJsNJebSKA6X1eQ7Gw7jfYSK8tgfE,wait120,1788509714.0,4.55145,pump,452.0,11914.78,7,309,0.1294,0.0162,0.0162,1.8348,40,40,35,1.0,0.0286,2.103,0.7143,0.001928,8,0.0,
DG8dBe3Fe9g1PnVt2Fa1EEEUAKpe8UtjZTwPw7Hup91i,surgeliq,1788510023.0,-1.0,dump,641.0,19167.33,4,1276,0.0878,0.0063,0.0517,0.3956,40,40,27,0.963,0.0741,1.3277,0.7407,0.002887,8,0.0,
6XtoxTKHxk6gh8G6LDXoB9ixggFk6KGsRdbXFd2Ah8Vt,liqctl,1788510668.0,1.6871999999999998,pump,456.0,37727.85,22,795,0.3321,0.0189,0.4692,4.0249,40,40,22,1.0,0.0455,0.9366,0.3182,0.340194,8,0.0,
2TRoKvRFBJGCF2xkoJvfxiSbLziFvfmd9BTFtNQipump,liqctl,1788510668.0,-0.9439,dump,579.0,105000.61,8,1840,0.2049,0.0147,0.7277,0.8089,40,39,18,0.9444,0.1111,0.9455,0.2778,0.268419,8,0.0,
jNYooyQbEfPFesnvSY6WkE1tEj2byq3HJVx2dNMnqXd,surge,1788511023.0,-0.99895,dump,555.0,10618.83,4,751,0.1278,0.0067,0.0173,0.3973,40,40,38,1.0,0.0263,1.9773,0.7632,0.00192,8,0.0,
Hpai8yKzg3jdwpGi7ktW9Ag5riYryhAhuxQvDMED4YzM,liqctl,1788511023.0,2.11005,pump,769.0,103053.92,26,2387,0.2711,0.0113,0.4839,1.1722,40,40,20,0.9,0.1,0.3127,0.0,0.854856,8,0.0,
HSc9zYea5hWgYbjJHJftaxb3D2ULSijKVV1WVyBnn1yv,surge,1788511861.0,-0.9992,dump,372.0,48741.31,7,2536,0.3592,0.0252,0.7319,1.61,40,40,32,1.0,0.0312,2.4452,0.8438,0.002279,8,0.0,
2rhR9r15MC6txcPq85DjaWKmE6ixTJ4Y7crbZ5VrCeTM,liqctl,1788511861.0,-0.9992,dump,479.0,125064.39,11,1212,0.5058,0.0314,0.9109,3.1587,40,40,28,0.8929,0.1071,0.9444,0.2857,1.126492,8,0.0,
HdPHsTSnVMG92YhayW1A2e7r3Ehae9WXUskkMTGAXSt2,surge,1788513022.0,1.0195500000000002,pump,519.0,12434.57,5,608,0.1612,0.0066,0.0197,2.0617,40,40,39,0.9744,0.0513,1.7257,0.6667,0.001922,8,0.0,
6pn5NuVWxKL4NaH6k6nBfEkchBXQQsMGNvT1htc9eKKR,surge,1788513022.0,-1.0,dump,985.0,213934.52,9,2098,0.3808,0.0124,0.6158,1.7207,40,40,34,0.9118,0.0588,1.9803,0.5882,0.002331,8,0.0,
9eGjd6VHbva8CV3MVvT1NWzNn6EmPLDtMCBZfGUjPZje,surge,1788513022.0,-1.0,dump,731.0,18355.85,4,1292,0.0906,0.0054,0.0844,0.4264,40,40,24,0.9583,0.0833,4.4144,0.625,0.002887,8,0.0,
FVMwZ1zAZeGonekUBLMCoUmSfjGuBhhZ1pRVzGAgtcUy,liqctl,1788513022.0,-1.0,dump,552.0,121797.58,13,1728,0.3258,0.0231,0.6047,4.2519,40,40,15,0.9333,0.1333,0.6947,0.0,1.4375,8,0.0,
G3D9NxSYVS2KEkpXisv8TmZ4HkV2yHrMFK8tTxaSQBBN,liqctl,1788513022.0,-0.9992,dump,1126.0,320322.45,11,3189,0.4566,0.0132,0.9091,2.2077,40,39,26,0.9231,0.0769,1.3127,0.3846,0.153175,8,0.0,
EQz6Veaov4kKFLpn6o4jy62SijajoKTVtWJK2MTMHw5V,surge,1788513789.0,1.6117,pump,588.0,14821.48,9,446,0.1637,0.0135,0.0336,2.4644,40,40,34,1.0,0.0294,3.3174,0.7941,0.001924,8,0.0,
DaYVeuHoU4juCenPzyrHCGxSNv5kTVPBr5CvXEQZP9BN,launchctl,1788514789.0,1.4135,pump,833.0,18462.6,7,834,0.283,0.0192,0.3657,2.8243,40,40,32,1.0,0.0312,2.1884,0.8125,0.002125,8,0.0,
3ifeJ9c1dtgpe9ZA2T1ozZn71BouEwTaJCXDNVQv4EwL,surge,1788514789.0,-1.0,dump,1675.0,94131.43,10,2563,0.4268,0.0137,0.952,3.4578,40,40,29,1.0,0.0345,1.5957,0.6897,0.005924,8,0.0,
4pUdJEiUV1iZoFwE9xxEUbM87hHaQE9EeEF7rMJG5f1Q,liqctl,1788514789.0,-1.0,dump,1275.0,234087.61,18,2851,0.4283,0.0133,0.9344,1.9256,40,40,22,0.9545,0.0909,1.2018,0.5455,0.002155,8,0.0,
9MqgJJVYu9ZHzJVAVW34uWRygXACzguEEarQ7x7xBZ5A,launchctl,1788516238.0,2.131,pump,1044.0,52760.15,17,1014,0.4063,0.0306,0.9497,4.6404,40,40,29,1.0,0.0345,1.7257,0.6897,0.00475,8,0.0,
GUUq8nQMCEbhk8QhPsTrjyZH76P1DhwJBzfJgBLKSpA8,liqctl,1788516238.0,-1.0,dump,996.0,196654.96,5,1311,0.3455,0.0137,0.627,1.5325,40,39,29,0.8966,0.1034,1.5621,0.4828,0.024463,8,0.0,
2BE1qVTfhkYDoiTosmGNTScYHBxyGWiEhVTJwFNhwoy5,surge,1788516633.0,-1.0,dump,332.0,2846.4,3,761,0.1827,0.0079,0.1288,0.9248,40,39,24,0.9583,0.0833,2.1986,0.8333,0.002052,8,0.0,
E1SbpgpNb2WQRF2pMyH5f61bYe6T3Lzf74Hkb2wLS6As,surge,1788517174.0,-1.0,dump,1030.0,129634.14,9,1283,0.1902,0.0203,0.9197,5.5402,40,40,34,0.9706,0.0588,1.3656,0.5588,0.002074,8,0.0,
F44rL45jBi1iBm81emqowJMMfBSEA5rW5EwmKoSKF8JJ,surge,1788517174.0,1.2324000000000002,pump,461.0,8428.33,8,535,0.1383,0.0112,0.0355,1.8008,40,40,37,0.973,0.0541,1.93,0.6757,0.001928,8,0.0,
523GTSAVh2UdvKmD8kQ97DH3AzMRRRKPftm23Fmqoj42,liqctl,1788517174.0,-1.0,dump,690.0,213983.06,7,1586,0.1734,0.0101,0.4325,4.7177,40,40,21,0.8571,0.0952,0.5749,0.0,1.482213,8,0.0,
7sJPoHxVthN4ESTFj696XvPqayeaWreXBh5ocBZi5Ysw,surge,1788517583.0,-0.99995,dump,538.0,4354.99,3,637,0.1162,0.0173,0.1586,0.6013,40,40,34,1.0,0.0294,2.347,0.7647,0.002087,8,0.0,
4w5o7Lb67avtPLMgNfbhxnGfuYu63xVHtyJQDvSgWW2b,surge,1788518322.0,-1.0,dump,395.0,102237.73,3,864,0.2477,0.0093,0.3021,1.3508,40,40,31,0.9677,0.0645,1.5649,0.6452,0.002687,8,0.0,
5n5tHNnZtuy9L1yY88dfPtZ5nVQzcsZyRN6oGkCpr5AL,liqctl,1788518322.0,-0.9987,dump,980.0,231847.94,10,3166,0.4049,0.0101,0.7401,0.9539,40,40,26,0.9615,0.0769,1.0594,0.4615,0.803845,8,0.0,
5aWoEGpSFqFXuF23jT6nqkQmbmz2mg1FeHfHS6KCtGzL,liqctl,1788518322.0,-1.0,dump,1125.0,158752.54,14,3396,0.359,0.0112,0.8619,1.4229,40,40,23,0.9565,0.087,0.8133,0.3478,1.004503,8,0.0,
34JxbN21JZupAqYHHKz2zbxZU3F5dXvPxLJdN7ZKVwjd,liqctl,1788518322.0,1.8906999999999998,pump,906.0,88533.69,15,2044,0.4163,0.0103,0.7754,1.5773,40,40,28,0.9286,0.0714,0.8846,0.2857,0.396016,8,0.0,
8Wog9WG9WvnsNjmSrzerQVegxXW7faph7fsNvgAKpump,launchctl,1788518860.0,-0.9826,dump,1519.0,153173.45,12,1213,0.061,0.0132,0.418,1.4135,40,39,32,1.0,0.0312,1.3979,0.125,0.046491,8,1.0,
Cv9kSPFho5Bxu9MSJ7SGzwZJ3FeHYyLWj8HRmkR7RcZs,launchctl,1788518860.0,1.26315,pump,1022.0,220752.08,12,1308,0.4817,0.0168,0.6911,1.719,40,40,28,0.9643,0.0714,1.5872,0.6071,0.002346,8,0.0,
HAVUGyjLp9sZgj8XPJC6XUTz7Ug7aA5hJstDiM9Np1Ft,surgeliq,1788518860.0,-1.0,dump,936.0,190701.69,7,2857,0.3563,0.0077,0.7896,1.3433,40,40,38,1.0,0.0263,3.0825,0.8421,0.00222,8,0.0,
GLRGgpetTFGoetoD2A2CmTVCJTrnqfyxMGqPWFMcpump,liqctl,1788518860.0,1.0754000000000001,pump,354.0,21067.22,40,0,,,,,,,,,,,,,,,window beyond page cap
4fGziB2hHSHvjaacm8BUgiN4sTiwDhD33G3UpdLbunWj,liqctl,1788518860.0,-0.98295,dump,1183.0,96019.0,11,3290,0.2729,0.0061,0.7347,0.46,40,40,14,1.0,0.0714,2.4369,0.9286,0.0001,8,0.0,
7UmvzGKb6SwFSe9f2uJbUU8JyGBugCWLc47ZRAVqW2mT,liqctl,1788519690.0,-1.0,dump,644.0,120498.71,11,2611,0.4041,0.008,0.6821,1.3596,40,40,26,0.9615,0.0769,2.0699,0.6923,0.00193,8,0.0,
AKjd9i2Jzc9VwyEMbM6QnPkmYEYqFUCpgphNDunT7siC,liqctl,1788520395.0,-1.0,dump,768.0,232401.15,8,2450,0.362,0.0086,0.7245,1.4421,40,40,33,0.9697,0.0606,1.9592,0.5758,0.001932,8,0.0,
6K9cnYcf8HBwiQnXJYtdNnb7uMk9h3ThUAySBU38rw3T,liqctl,1788520656.0,-1.0,dump,1079.0,144868.41,19,3219,0.3545,0.0084,0.7754,0.9379,40,40,22,0.9091,0.0909,0.8767,0.2273,0.771519,8,0.0,
XZfrV8eBUsXttwieXsVPjYYvU3VbFHacw7hJbWopump,surge,1788521708.0,1.0568499999999998,pump,1209.0,85198.7,40,342,0.0088,0.0146,0.2047,0.1162,40,40,36,1.0,0.0278,2.2119,0.3333,0.039195,8,0.75,
BKbiYujn1tN9vHsHBFKUNJg6paGrWrLZXgDPsGb2pump,liqctl,1788522280.0,-0.96095,dump,743.0,159513.28,10,2819,0.2192,0.0096,0.6814,0.4904,40,37,15,0.8667,0.2,0.7938,0.1333,1.27797,8,0.0,
8FiAzgk18ReLYeXsVfJRmk5kJCcSoKUiu2bLpDfDfgkr,liqctl,1788522622.0,-1.0,dump,404.0,89068.53,8,1411,0.4968,0.0269,0.9114,1.6723,40,40,22,0.9545,0.0909,1.1013,0.4091,0.333661,8,0.0,
9q5HPEyX721LvfBnhb9Hn2JmxPAZAbgjBiqVuTgpPQKL,liqctl,1788523395.0,1.2114500000000001,pump,551.0,107797.58,30,3488,0.471,0.0077,0.9146,1.5168,40,40,29,1.0,0.0345,0.9298,0.3448,1.252105,8,0.0,
2ofM4n33cEJMUzpS5fi5dfF3P4bEjqmtYpM4JCyYuhTt,surge,1788524378.0,1.5303499999999999,pump,843.0,147685.53,14,2329,0.4981,0.0142,0.7926,2.2373,40,40,30,0.9667,0.0667,1.4469,0.6,0.002364,8,0.0,
GDNRUaCP6ERR8KQ42r6qFSe9A8xx5ig7oHkuJggjdWKa,surge,1788524378.0,-0.9995,dump,1066.0,98688.61,9,3109,0.3889,0.0125,0.8141,1.217,40,40,31,1.0,0.0323,2.0141,0.7419,0.001921,8,0.0,
G6qMTWmjZnTWHr8teiFBEZ8RNf4tgdrP8TW6qweVAG1z,wait120,1788524819.0,-0.9995,dump,817.0,157622.31,3,839,0.3004,0.025,0.59,1.4031,40,40,31,0.9677,0.0645,1.7263,0.6452,0.005476,8,0.0,
mpwk2yfJ8xtB7gKqREXyCpHfBeGd8bBNooTrEkzLs4e,liqctl,1788524819.0,-1.0,dump,1027.0,222177.18,5,1550,0.3774,0.0142,0.8032,1.553,40,39,28,0.9643,0.0714,1.1394,0.4286,0.136104,8,0.0,
A6r7V6brT2tiR9RXvPf7zADKV9FZPfTy7cA8TrsSgYHo,liqctl,1788524819.0,-1.0,dump,1274.0,234962.76,13,3019,0.4488,0.0089,0.9099,3.3013,40,40,25,0.92,0.08,0.9064,0.32,0.553002,8,0.0,
3L4rQjnU3mUJ1XBQwiL5L7v7XrKhMc3v8wWdxjcHXAej,launchctl,1788525667.0,-1.0,dump,399.0,71458.17,9,1106,0.4647,0.0262,0.6655,2.2584,40,40,23,0.9565,0.087,1.4,0.5652,0.002178,8,0.0,
7EpiVg7i7Dt3CLfNHyWq5c6QJuwTueGY8Z4CmLUYjcpc,surge,1788525667.0,8.11415,pump,367.0,12492.84,8,459,0.2331,0.0196,0.1046,3.6433,40,40,38,1.0,0.0263,2.0322,0.7632,0.001927,8,0.0,
BEUdmxNB7dWu1yja2bFSabyHqe6XS8N3xc3SdcUMV6jT,wait120,1788526654.0,-1.0,dump,578.0,141155.29,6,1264,0.447,0.0222,0.9106,1.4478,40,40,25,0.96,0.08,1.3272,0.48,0.204945,8,0.0,
8fau52gte4ajqzLcjDqaB7iNkGFNu4PhPtPDPN1a7476,launchctl,1788526654.0,2.86715,pump,410.0,76306.04,32,1051,0.5109,0.019,0.6746,2.1133,40,40,26,0.9615,0.0769,1.2545,0.5769,0.002162,8,0.125,
2UA4yQ4U9DTmnSKAceQGM8Kw6kXMAk1R72Wz8Ubsak9B,liqctl,1788526926.0,2.6628,pump,918.0,193307.43,19,1684,0.2452,0.0119,0.7114,1.9886,40,40,26,0.8846,0.0769,1.2741,0.4615,0.362052,8,0.0,
Ba4QZohwcbmWg9qb75FzjkighKvQbSoNNWEEXjnL6oyW,wait120,1788527614.0,1.2639999999999998,pump,547.0,8375.72,8,389,0.1054,0.018,0.1028,1.8831,40,40,37,1.0,0.027,3.0574,0.8649,0.001923,8,0.0,
5MVNibdzuD1p9vtL5CJdippVLe56BpbKzjiGaaZJuvdu,wait120,1788527614.0,-0.9692,dump,861.0,57440.07,6,1634,0.1701,0.0116,0.3825,0.5962,40,37,21,1.0,0.0476,1.5078,0.3333,0.096751,8,0.0,
ESSGCTUF2aQL7bZWKbuTZSKj3NF21enH3FqZct7urT8j,liqctl,1788528694.0,1.3861500000000002,pump,339.0,20238.23,8,408,0.1887,0.0221,0.174,2.8867,40,40,24,0.9583,0.0833,1.4833,0.4167,0.006441,8,0.125,
GbRAfrdDpCesPjRiSPtS4HpCSvDH1aeGQQ98xBHPaZ6d,surge,1788529093.0,-1.0,dump,838.0,73874.96,9,2296,0.128,0.0091,0.5305,1.3985,40,40,27,0.8889,0.0741,1.0116,0.3704,0.517334,8,0.0,
8YS5d16mCsWMvYdLWTDkMcsBxBystoEnJn4rz5jEVJzN,surge,1788529921.0,-1.0,dump,506.0,3299.12,2,695,0.0,0.0086,0.0748,0.6288,40,40,28,1.0,0.0357,1.644,0.75,0.002119,8,0.0,
4NZkgKEbz15FpcAavBBwAz2xDU6xehBvqmvZZRM3Xwfo,surge,1788530591.0,-1.0,dump,723.0,12392.74,4,651,0.0015,0.0154,0.3456,1.2176,40,39,34,1.0,0.0294,2.9604,0.8529,0.002156,8,0.0,
FXnrPP14GRGsMorfosC3rUXZGGQ6KNysrPaB14Av7Hk4,surge,1788530591.0,1.1033,pump,889.0,34963.57,11,1278,0.205,0.0094,0.1189,0.6807,40,40,30,0.9333,0.0667,1.663,0.6333,0.001924,8,0.0,
9uijggaaqjc84zg1vxuFvSLg4JB2HjvHnvD56wUbzs9e,liqctl,1788530591.0,1.3247,pump,1454.0,308367.68,17,2627,0.5017,0.0175,0.976,2.2291,40,40,29,1.0,0.0345,1.2517,0.4828,0.095781,8,0.0,
DYcxzW8CsstoyuD49Cb9ccY7C2ccMZ5SUXEVei9tKbxZ,liqctl,1788530591.0,1.6056,pump,873.0,123466.55,13,2544,0.4579,0.0142,0.7661,1.3697,40,40,17,0.8235,0.1176,1.196,0.3529,0.613222,8,0.0,
2wVfeZtjNdpZtTiPTYk3sRiMzVxp4Wb4uvPL4bKXwKBR,surge,1788531220.0,-1.0,dump,588.0,33776.11,3,1141,0.1551,0.0061,0.0482,0.4331,40,40,24,1.0,0.0417,1.7769,0.6667,0.001923,8,0.0,
AZMJVCzqejEmFpTqWRPfgSJvjv8RjxH28xhs3qmydU7C,surge,1788531933.0,-1.0,dump,734.0,57433.52,7,1350,0.4193,0.02,0.8452,1.4112,40,40,29,1.0,0.0345,1.8599,0.7241,0.001925,8,0.0,
C99Me7RQnWG6xVuAr3493xRDHMo2riwqeVAurwFZPA6M,liqctl,1788533530.0,-1.0,dump,900.0,79326.82,13,1778,0.5315,0.0174,0.9235,2.6673,40,40,29,0.9655,0.069,1.2945,0.5517,0.002255,8,0.0,
eBXMC2a73B4fErWzmfwAWGvVrdzyZiaD8fX27YCpump,wait120,1788533769.0,-0.966,dump,451.0,31152.98,5,1256,0.0844,0.0127,0.3025,0.5984,40,31,19,0.8947,0.1579,0.9864,0.0,0.294502,8,0.0,
Em2G6nzTfG4FwJSxhrjSbi9LzVtajvdrFvQegurHpocK,launchctl,1788533769.0,-1.0,dump,447.0,104201.34,7,1407,0.5529,0.0156,0.9247,1.842,40,40,25,0.96,0.08,1.6104,0.52,0.002307,8,0.0,
7kjkiWEnFPnLKxF3iHhqQkzjPiDW8LdmgZo17Q7MLasW,surge,1788533769.0,-1.0,dump,652.0,23712.68,7,1136,0.2905,0.0158,0.4736,1.4944,40,40,33,1.0,0.0303,1.8442,0.6667,0.001929,8,0.0,
CaWZeUM4FvX9dPkjGc2xHS6tSN3qJfTWyvaG77aM5o7h,liqctl,1788533769.0,3.5072,pump,363.0,47604.2,40,0,,,,,,,,,,,,,,,window beyond page cap
4q6TzCpWDtdb745fTzYVZqnrR51kUCTPbEZjzjqr9cxk,surgeliq,1788534373.0,2.0689,pump,787.0,101833.11,21,1638,0.5195,0.0171,0.8828,1.5923,40,40,36,1.0,0.0278,1.6972,0.6389,0.002272,8,0.0,
HYYtvsWusb95KqntRcVFhxGekc4EPhyL6S3qD8rXpump,launchctl,1788535615.0,-0.98755,dump,322.0,41174.81,10,372,0.0457,0.0215,0.1237,0.6072,40,39,30,1.0,0.0333,3.3766,0.2667,0.956855,8,0.0,
4CFQNtC7ZaWEUa7EuN2Me9JFS4DjmKZSJ9YxbxEyVVz3,liqctl,1788535912.0,-0.9499,dump,626.0,44390.26,4,1058,0.1985,0.0123,0.3989,0.3721,40,39,20,1.0,0.05,1.4724,0.1,0.066269,8,0.0,
da6XJNPHWPTVfswR23qrxCfX9j3rcg4a3th5sHR16TD,wait120,1788537410.0,-1.0,dump,419.0,38427.12,2,672,0.125,0.0119,0.253,1.1896,40,40,34,1.0,0.0294,3.7708,0.9118,0.002197,8,0.0,
ArhbQKyvxeotzDuxQqDjo74zcSeuP3QVCXd6WGq5yHko,surge,1788537410.0,-1.0,dump,810.0,109449.66,7,1313,0.4235,0.0152,0.8225,1.648,40,40,29,0.9655,0.069,1.7355,0.6207,0.001932,8,0.0,
6cKSCCe17DskZTqGDsW1gzFwbFMijNzDq43NTHP6TUey,liqctl,1788537410.0,-1.0,dump,1171.0,193409.82,11,2666,0.1493,0.0098,0.8976,1.4639,40,40,29,1.0,0.0345,0.8578,0.3103,1.192192,8,0.0,
9j8tdcjnGS3std8Tq4rckn99ZqeQHm2ZiR55ynzZHnvo,surge,1788537954.0,-1.0,dump,850.0,37526.05,5,1550,0.3239,0.009,0.3316,1.1164,40,40,37,1.0,0.027,3.1418,0.8919,0.002084,8,0.0,
5mgX5zNk858ZWWtonpBN45VeQSBgRU7HdBJMGDhzmJVE,surge,1788538895.0,-1.0,dump,747.0,83274.04,10,2396,0.2475,0.0075,0.6661,1.5577,40,40,26,0.9615,0.0769,1.708,0.6923,0.002149,8,0.0,
Boj7FX8ygVoxrBnQBQAfAoVSAji1TCm2xCtZHaaFbsah,launchctl,1788539399.0,-1.0,dump,438.0,602132.72,2,274,0.0255,0.0219,0.2117,1.9641,40,40,37,0.8649,0.0811,0.7327,0.2432,7.723206,8,0.0,
AL43x5RiqUyRc1wC79utNZoabBaF75aV5EuvwM1idrzS,liqctl,1788540609.0,-1.0,dump,834.0,98270.64,11,3504,0.3664,0.0097,0.8199,1.0358,40,39,25,0.96,0.08,1.3527,0.4,0.258406,8,0.0,
7iqRB5vApT49HZ2aGgihieUu5QAWnFo7a1w6YpHswCKD,wait120,1788542965.0,1.17245,pump,561.0,92107.87,14,3201,0.452,0.0116,0.8935,1.4961,40,40,29,1.0,0.0345,1.4618,0.5517,0.001935,8,0.0,
E7Lj9VqysD498LkeiqwruxMc71MBqq9eHeHLtw15CrRQ,wait120,1788544858.0,-1.0,dump,479.0,103987.83,6,1046,0.4837,0.0239,0.8432,2.934,40,40,29,0.9655,0.069,1.6472,0.5862,0.00193,8,0.0,
2Ec9g49dPXJWmXkKetmjC2mnJ9X9XJgdvVUxPuRoLpSt,launchctl,1788544858.0,-1.0,dump,518.0,49383.15,3,1178,0.4126,0.0187,0.893,1.6567,40,39,31,0.9677,0.0645,1.5126,0.5161,0.002887,8,0.0,
AL1qpobuQ16g312L63WxLQp6q8zhEkcaqnwPqjRcegWT,surge,1788544858.0,2.0566,pump,345.0,22510.94,6,376,0.1277,0.008,0.0,1.3144,40,40,36,1.0,0.0278,1.9834,0.6944,0.001926,8,0.0,
852nrVz4Wc43eTMT3Nta4YL5H8gAGDy2HEBpZPpwaraH,liqctl,1788385405.0,-0.8145,middle,1087.0,71547.09,40,0,,,,,,,,,,,,,,,window beyond page cap
DAqo897y2Wn19BBH59ho5sDbhxguAhQbkTT8vSf3DYf4,wait120,1788386306.0,-0.82735,middle,375.0,3746.76,1,764,0.0785,0.0131,0.1531,0.795,40,40,33,1.0,0.0303,2.4763,0.8182,0.002292,8,0.0,
8QvmZXyauygMJev28JiSeuLQuncRjjXJeYFHWf2haNc,wait120,1788386813.0,-0.8280000000000001,middle,346.0,3292.3,2,948,0.1013,0.0063,0.0928,0.7361,40,40,34,0.9412,0.0588,1.4294,0.5882,0.002294,8,0.0,
9ykE4HYhijFXhk11CoWBdEBuQ78dYp3qqbFK5oRVpump,liqctl,1788387006.0,-0.13505,middle,455.0,24393.58,4,1389,0.4197,0.0115,0.3866,0.8471,40,31,13,1.0,0.0769,1.015,0.0,0.157164,8,0.0,
Cd2b8guD4a4fgNng43Wk9sHDJ11tB8ie3EGABjWdpump,surge,1788387422.0,0.1956,middle,2509.0,3524.21,27,2187,0.0032,0.0123,0.9611,1.3443,40,1,1,1.0,1.0,,,0.00101,1,0.0,
CoDjHtaPXuZnivC54neT6F6qGJCmKTutik9DxsUNw6X9,wait120,1788388371.0,-0.5708500000000001,middle,444.0,31149.45,12,10855,0.9138,0.0193,0.9877,1.1023,40,34,17,1.0,0.0588,1.4044,0.1176,0.100321,8,0.0,
FceKhA7W3wSzpUkbQyrBTaS11AgTHCNNnXZ5Vpc3WJyL,liqctl,1788388371.0,-0.27125,middle,635.0,79122.49,11,6601,0.4449,0.0226,0.8988,0.9576,40,10,9,1.0,0.1111,1.1279,0.0,0.290525,8,0.125,
3UqQmAD1tLCgeS9PB1W3LEx9xKrWp53jZ7GQYuUdYCZW,liqctl,1788388371.0,-0.02575000000000005,middle,355.0,82360.7,6,768,0.1771,0.0534,0.1849,3.9922,40,40,17,1.0,0.0588,0.5353,0.1176,1.364216,8,0.0,
ETNfVNFfEguMv49jDY1GbFwXFW5U4QogCRA7cXoZASY7,wait120,1788391003.0,-0.044300000000000006,middle,352.0,25921.8,6,5307,0.8432,0.0268,0.9408,2.1656,40,39,16,1.0,0.0625,1.5443,0.125,0.320051,8,0.0,
FQDmPtZUxrhBNmxK1Bvw2sBQwbynrTshDcD3J1Capump,liqctl,1788392566.0,-0.17264999999999997,middle,988.0,99861.3,27,19972,0.6788,0.0044,0.998,0.0908,40,19,12,1.0,0.0833,0.3219,0.1667,0.708493,8,0.0,
DCMphc2NDeLaUca4TLrtFvZmQU6i1t338BQTCUCKpump,launchctl,1788392996.0,0.03315000000000001,middle,417.0,102974.62,6,670,0.3104,0.0313,0.4164,0.52,40,38,23,0.913,0.087,4.6595,0.3913,0.024979,8,0.0,
FdjgVL17bMNrpxrGas5wYCkGfCmi1p2DnLbEBXyYHrUR,surgeliq,1788393908.0,0.09794999999999998,middle,1037.0,61105.55,12,1862,0.4001,0.014,0.6498,1.7742,40,39,32,0.9688,0.0625,3.6153,0.8438,0.002329,8,0.0,
81voyUHfuimgHQWkHS4e1nbu94pn54TGbqXYwh4gpump,liqctl,1788393908.0,0.5177,middle,1502.0,104015.28,39,33351,0.6153,0.01,0.9882,0.5219,40,10,5,1.0,0.2,1.5723,0.0,0.059744,5,0.0,
24YLPGnF5DcqU7u2AZhwxxoG9kAxPdeW5gtN229nNuqy,surge,1788394916.0,-0.8417,middle,370.0,3430.75,2,480,0.15,0.0187,0.1125,1.1972,40,40,30,0.8,0.2333,1.9166,0.7333,0.00228,8,0.125,
FpBWBfNhsukYMYaaNiaDv5jkGvns4acGFS6q7CYpX9EN,launchctl,1788397112.0,-0.8423499999999999,middle,314.0,3868.5,1,475,0.1516,0.0211,0.2147,1.5326,40,40,31,0.9677,0.0645,1.4991,0.6774,0.002276,8,0.0,
423RwsdstnPvPe9Js9XowFJzekiVeknSq9Uv6Arz8DsB,liqctl,1788397442.0,0.01330000000000009,middle,437.0,34468.1,17,3435,0.2617,0.0058,0.6309,0.2489,40,40,28,1.0,0.0357,1.5849,0.5357,0.002342,8,0.0,
EmxF6pF2sG9ce89iXBWkVZTxoZV9spw5DWPg1iHXKMeP,liqctl,1788397442.0,-0.03869999999999996,middle,1137.0,114457.13,33,2495,0.3511,0.0076,0.8381,1.1066,40,40,23,0.9565,0.087,1.0632,0.3913,0.134489,8,0.0,
Ak7JbLvKEFzkcfpvLErnnkQ8xoB2P3HNbLDp6Du2JVSW,liqctl,1788397442.0,-0.6248,middle,1055.0,83597.84,40,0,,,,,,,,,,,,,,,window beyond page cap
HpWnGa2UtSTmy5VU87XGm8yPKZc93P7F927LwjQ5pump,liqctl,1788398305.0,-0.54415,middle,569.0,45877.08,40,0,,,,,,,,,,,,,,,window beyond page cap
qb4mvBUBcj3FEyrefJdwiaix5ZCUsFQZNzzDPrrpump,launchctl,1788398842.0,-0.832,middle,1004.0,51170.36,9,5427,0.7275,0.0241,0.9438,0.2974,40,37,20,1.0,0.05,1.4858,0.4,0.102741,8,0.0,
DXVbyXQy9upeM1cdHyYNP2k3LXkzYxyip1uNr5GjC2qa,surge,1788398842.0,-0.84,middle,459.0,6530.78,1,611,0.0818,0.0098,0.1391,0.7755,40,39,25,0.96,0.08,1.5561,0.68,0.002284,8,0.0,
95uhcJDPz7rUeMdfHHaNsT7B2bV3BNwBKtEUWMfq3Sbo,liqctl,1788399078.0,0.4528000000000001,middle,776.0,73151.17,27,1492,0.2895,0.0114,0.7547,1.1806,40,40,24,0.9167,0.0833,1.023,0.25,0.41022,8,0.0,
t9wPTPZmj9RasYWGLFWb7ydrnpVxtVkSivyA7XxeLBS,launchctl,1788399802.0,-0.7132499999999999,middle,513.0,30141.87,11,8425,0.927,0.035,0.9676,0.6705,40,34,21,1.0,0.0476,1.0485,0.0,0.105965,8,0.0,
9iKwunn1kNtFiWNUC1fDUrMRhy9TRxCuJiyvQ8PFn3vT,liqctl,1788399802.0,0.80765,middle,1360.0,204865.35,24,1862,0.3555,0.0124,0.8314,1.2099,40,40,26,0.9231,0.0769,1.8162,0.4231,0.026549,8,0.0,
CzuMs62Qe3vJY93MfsAgkRv2SK3wrTLUMc48P3tipump,surge,1788400182.0,-0.018000000000000016,middle,329.0,14315.38,7,6202,0.9166,0.0571,0.9702,0.8552,40,36,26,0.8462,0.1538,1.4826,0.3846,0.102074,8,0.0,
59mXodQ31VyP5fj4uz9qsCkhL17k1Ec6irLeqPARpump,surge,1788401247.0,0.29875000000000007,middle,664.0,64559.54,37,824,0.0583,0.0255,0.4005,0.545,40,39,34,1.0,0.0294,3.8445,0.1471,0.04867,8,0.25,
2TKkM2greQWqBMfQ2tDeuCTCMV8d9LLr2XZXptakzNo2,liqctl,1788401247.0,0.28935,middle,538.0,25914.71,34,6311,0.3841,0.0055,0.9818,0.1635,40,39,21,0.8571,0.0952,2.3283,0.1905,0.064668,8,0.0,
6zWNQoB5QZYkR6anK8MoS2sS2icbpcqRCG12mf5bVmtJ,liqctl,1788401247.0,0.07509999999999994,middle,379.0,42074.72,14,3361,0.324,0.0074,0.6132,0.2229,40,40,18,1.0,0.0556,1.0019,0.2778,0.448684,8,0.0,
DSAE3fApxcigUq54euHsyE98u7kzhcaEbabnsKjqwKDq,liqctl,1788401247.0,0.4354499999999999,middle,925.0,133889.5,25,2176,0.3428,0.0124,0.847,3.2129,40,40,26,1.0,0.0385,0.9338,0.2692,0.513385,8,0.0,
4Gp8ZWPSqdEC5rDgQifTrWB9HQEs3n4zDPRJ4o4Tpump,wait120,1788402120.0,-0.16800000000000004,middle,620.0,41547.91,10,8864,0.8383,0.0428,0.9627,0.5463,40,38,20,0.95,0.1,1.3529,0.4,0.118032,8,0.0,
4dsgScUVvnbpL7z1HX1kpb1KyRgjnqURB1S8rt3k4rdm,surge,1788402120.0,-0.27964999999999995,middle,382.0,42517.85,10,571,0.3135,0.0088,0.0718,1.1205,40,40,35,1.0,0.0286,1.7271,0.6,0.002119,8,0.0,
ETHc1Ksoq6TC94Bprc5iXcQpvGwTe7MnWRNJ3MTTTovq,wait120,1788402792.0,-0.43494999999999995,middle,625.0,35101.92,15,11621,0.8688,0.0262,0.9715,0.97,40,36,18,1.0,0.0556,0.9391,0.2222,0.076983,8,0.0,
4h5d9ejz8QSfzhAAVMLU5s9uFNzv3xmK6UuZK2PDpump,liqctl,1788403392.0,-0.83665,middle,1694.0,178793.82,40,0,,,,,,,,,,,,,,,window beyond page cap
745dbWSy2m37zogmWwztdxT288s2qfXAfWvCtMdpump,wait120,1788403625.0,-0.1594,middle,369.0,32745.28,9,8281,0.8299,0.0135,0.9436,1.0084,40,36,22,0.8636,0.1364,1.2222,0.1364,0.323156,8,0.0,
AKDw5gP7rvTPfgy5gymG2qxLcD41JodhohnANFXZTTBH,liqctl,1788403625.0,0.44314999999999993,middle,534.0,77025.31,14,3485,0.303,0.006,0.6686,0.3146,40,40,29,0.9655,0.069,1.2224,0.4138,0.148943,8,0.0,
X2oB1Mp8ZbkQiUcMwzYbkehqtVq3MZfMANDCGarpump,launchctl,1788404366.0,-0.28779999999999994,middle,862.0,61829.02,40,0,,,,,,,,,,,,,,,window beyond page cap
FiVGkXMuNr4tiiQfZjeEEGMpCn4zdTJi4ZKRhzsaZidX,launchctl,1788404366.0,0.0403,middle,1444.0,141143.66,26,2083,0.2842,0.0072,0.7196,1.0646,40,40,24,0.875,0.0833,1.208,0.4167,0.260423,8,0.0,
VaYmQDneptdLFToTAdye9TxYex7scsFGE9iNVHieNTQ,surge,1788404709.0,0.7834000000000001,middle,337.0,4694.67,4,694,0.0461,0.0058,0.0115,0.3476,40,40,38,1.0,0.0263,2.8249,0.8947,0.002104,8,0.0,
G8eCNrc1bc9u6sKABxx2UDmbZfma1u7fLBkZoiSccHJJ,liqctl,1788405904.0,0.17914999999999992,middle,1017.0,81926.4,18,1951,0.3229,0.0041,0.6853,2.8567,40,40,28,1.0,0.0357,1.2952,0.5714,0.017168,8,0.0,
tahKR4TA337akDkgfGZ5Qaeng4ABdov49rVePABpump,liqctl,1788406595.0,-0.41305000000000003,middle,896.0,50155.21,21,14371,0.5796,0.0101,0.9649,0.5902,40,4,2,1.0,0.5,0.8148,0.0,0.0546,2,0.0,
BGkW4WH9oYrytAVDPVduwHY7Ls6qcLYZNogAm8MBJbhE,surge,1788406922.0,-0.8395,middle,459.0,5771.09,1,597,0.0017,0.0101,0.0302,0.606,40,40,30,0.9667,0.0667,1.6007,0.6667,0.00227,8,0.0,
38nU36WGPTcLLSdN6avU865iFRkeaQkktbsJJEN2GZi6,surge,1788407359.0,0.4094500000000001,middle,1311.0,171478.62,12,1347,0.3318,0.0052,0.5813,1.2023,40,40,30,0.9667,0.0667,1.3403,0.3667,0.080413,8,0.0,
E22f92KYQgo4cu6pTpBVTVvnBDcWyAJGwGB9i5mNpump,liqctl,1788407359.0,-0.3206,middle,687.0,52594.33,40,9375,0.4667,0.0112,0.9895,0.2097,40,3,3,1.0,0.3333,0.7976,0.0,0.558543,3,0.0,
BpmpS2AuRqdPN6rCK7n86XHPCaxzLi56LyUxsj18pump,surge,1788408315.0,0.01835000000000009,middle,1187.0,100320.36,16,1539,0.1527,0.0156,0.8311,0.4931,40,40,35,0.5143,0.1143,4.2738,0.9143,0.0037,8,0.0,
DmUMKgdKq29Qs2mrkLsG1Ef4HheUipVerZvfSguFpump,surge,1788408645.0,-0.026599999999999957,middle,3246.0,43078.13,8,5104,0.0141,0.0074,0.9655,0.2122,40,40,29,1.0,0.0345,3.177,0.8966,0.000283,8,0.0,
CGMBxDzdB2k3wQgM7e8ZYvFnDcRQBzc8esFEbqypump,launchctl,1788409209.0,0.03190000000000004,middle,693.0,2888.18,17,780,0.3038,0.0295,0.441,0.5645,40,36,36,0.9444,0.0556,1.3509,0.5833,0.021973,8,0.0,
Arhp2zysuiaeUwKDKnwXuWwVShcTzQJSN5aJ7qDJ7RNM,liqctl,1788409577.0,-0.41759999999999997,middle,374.0,47183.21,17,2585,0.1629,0.0062,0.2905,0.1854,40,40,24,1.0,0.0417,1.078,0.25,0.219983,8,0.0,
8dfzHoj2rJbgUFPQRZD4qSkXAeLRNxi3V16b32yGxY4X,liqctl,1788410219.0,0.6926000000000001,middle,580.0,304389.1,14,1230,0.3228,0.0049,0.0553,0.3978,40,39,28,0.8571,0.1429,1.8901,0.4643,0.016407,8,0.0,
2NidJcboA75vdpmRYhRRTgWf6Dh72zkBPLZnqRyePb6v,liqctl,1788410566.0,0.72315,middle,1499.0,315316.58,40,794,0.3476,0.034,0.9559,1.2632,40,40,20,0.95,0.1,1.0703,0.35,0.190275,8,0.0,
HqzdMrbdJZ7UGPmoVVsfwLySKmSA1SSmTEdKJYLuvdFz,wait120,1788410779.0,-0.1361,middle,369.0,28377.89,9,7772,0.9085,0.0417,0.9824,0.7639,40,33,17,0.9412,0.1176,1.3116,0.1176,0.103174,8,0.0,
cFfc3eWRe2zHCbxkxY9QAAzfKpZRcASdEVTsnBhpump,surge,1788411105.0,-0.5185500000000001,middle,2644.0,42687.79,32,3473,0.0677,0.0115,0.9692,0.2194,40,39,29,1.0,0.0345,5.1166,0.9655,0.000289,8,0.0,
5JE9woUE5Ffa8f234NagtoCtJCrKixqcAt32J92NtgWU,surge,1788411105.0,-0.8241499999999999,middle,339.0,5136.05,2,859,0.2095,0.014,0.3399,1.0542,40,39,26,0.9231,0.1154,1.4322,0.5,0.002334,8,0.125,
CgDVzFiKAsoRtU5wbua3ZX8z4ww3hADdMoEsMPZCpump,liqctl,1788411105.0,-0.03385000000000005,middle,323.0,59935.49,4,2571,0.5581,0.0121,0.6317,0.5889,40,39,24,0.9583,0.0833,0.8703,0.1739,1.499657,8,0.0,
7zeifVjNCuXTyBvjh8BFwXUdAQdA3VB9GYN8sqqCpump,liqctl,1788411105.0,-0.01859999999999995,middle,349.0,45980.44,3,2478,0.0395,0.0198,0.8095,1.1674,40,15,6,1.0,0.1667,0.8418,0.0,0.690152,6,0.0,
4BnC5CCE9YHzkeSLaFb9jiyDeATn8zs9xd55EhFhaY9B,liqctl,1788411643.0,-0.018100000000000005,middle,345.0,47315.63,11,491,0.0448,0.0835,0.2342,6.5756,40,40,15,1.0,0.0667,0.9519,0.0,0.26577,8,0.0,
5hmkcAh38fJE2puy6oSLYLwexGoRX4M28rFLBMMbpump,liqctl,1788411643.0,-0.87905,middle,4503.0,10433.1,10,8408,0.0094,0.0107,0.9926,6.3261,40,40,21,1.0,0.0476,1.7793,1.0,6e-06,8,0.5,
5fnNpoCuZKBYP9QUMGe9Uf3de1kDCRPqD6xuXKfepump,launchctl,1788411953.0,-0.025800000000000045,middle,337.0,69481.8,3,1302,0.1928,0.0215,0.7972,0.7613,40,37,7,1.0,0.1429,0.8225,0.0,1.121419,7,0.0,
J2ZoL9uQaAKz2wahT44LgYpnBm6XYEuajoU76zE8GUhg,surge,1788411953.0,0.19455,middle,1412.0,174462.5,15,1686,0.2829,0.0053,0.6821,1.5221,40,40,35,0.8857,0.0857,1.9798,0.8,0.002426,8,0.0,
Qw7W7v9jmszkGK3EDc9hjFPygQoLrW4QtkhubYZpump,surge,1788412971.0,0.008650000000000047,middle,491.0,101161.56,25,2995,0.029,0.0204,0.8818,1.7043,40,38,8,1.0,0.125,1.6978,0.625,0.000189,8,0.0,
8sUkAnyFsxupW7Ki3VrkAzFn2wJzCM9Wz7HvN1oZpump,liqctl,1788412971.0,-0.022249999999999992,middle,474.0,102459.79,3,1415,0.1039,0.0283,0.7244,0.763,40,38,8,0.875,0.25,1.2658,0.25,0.330059,7,0.0,
8eScvqAh9t2VnpPRwrJpN7RSCubypNYM3Xhgo2nBpump,liqctl,1788412971.0,-0.05920000000000003,middle,700.0,41835.98,11,9711,0.6594,0.0124,0.9652,0.7311,40,19,11,1.0,0.0909,0.9578,0.1818,0.099654,8,0.0,
2tcG7xVUG2yBEh2DUWskM3mqmKRfqp33RxBRhJ7Vpump,wait120,1788413722.0,0.08555000000000001,middle,331.0,23396.37,9,6131,0.9016,0.0188,0.9615,0.858,40,39,24,0.9167,0.0833,1.3805,0.5417,0.102899,8,0.0,
82gqQee7xAECVHWC3oaYd4ZufynbJrZwVoRZ9GoLpump,liqctl,1788413924.0,-0.07655,middle,599.0,118190.54,4,1796,0.1748,0.0256,0.7767,0.6808,40,39,13,1.0,0.0769,1.2433,0.0,0.498219,8,0.0,
53ES5nUDRMYMLQXHyVYwntxvmWCyckVRXRWDkzUwpump,liqctl,1788413924.0,-0.03915000000000002,middle,412.0,30784.53,12,2316,0.2008,0.0332,0.7509,0.8871,40,17,8,1.0,0.125,1.3975,0.25,0.053928,8,0.0,
HnLsvoVuP9ZfwX3WtEYKpKXix2MQy5nzGY6sSg2Hpump,surge,1788414584.0,-0.134,middle,2611.0,41664.84,29,5188,0.0027,0.0056,0.9769,0.2733,40,40,31,1.0,0.0323,1.395,1.0,0.000214,8,0.0,
F5PtrAc9zbPj6cRzEVtFrygQu6UsqQ7YdHYiSqT31X4U,liqctl,1788414584.0,-0.02210000000000001,middle,939.0,46952.99,11,4794,0.3869,0.0046,0.8605,0.1322,40,40,16,0.9375,0.125,2.3955,0.25,0.036711,8,0.0,
12mAQMAQiTrPP1KrDvZGf87RfotRNoKtg8kGtnYwpump,wait120,1788415488.0,0.01639999999999997,middle,883.0,76771.96,10,535,0.071,0.0318,0.1178,0.7533,40,37,34,1.0,0.0294,3.8275,0.8824,0.002319,8,0.0,
Cto3ABZ1XnwWNximVxGs4mwwgNQtNxPDYmJB8HRwRDuL,surge,1788415488.0,0.8120499999999999,middle,1752.0,124202.25,11,2689,0.3499,0.0048,0.63,3.7434,40,40,31,0.9677,0.0645,1.8353,0.6774,0.002532,8,0.0,
74wENwxAGJH9Nbhku9j2WCjKiq36VjnQgZmg7uLLBsxD,liqctl,1788415488.0,-0.02849999999999997,middle,1352.0,56438.24,6,2832,0.3249,0.0049,0.8386,0.6886,40,39,17,0.9412,0.1176,1.4326,0.1176,0.060764,8,0.0,
2KzW3sMrXn6Qkpu4mhP5kryMsRKXcbmoJcf6xPPVpump,wait120,1788416669.0,-0.03149999999999997,middle,400.0,18855.51,7,6628,0.8555,0.0397,0.9484,1.7231,40,32,19,0.6842,0.2105,1.5309,0.4737,0.009972,8,0.0,
43NVyr2ATAB98aBcW7W3hVqJTTPjpDbLCdTXdP3FZSvj,launchctl,1788418307.0,0.2158,middle,535.0,86530.02,12,2451,0.3329,0.0033,0.4104,1.6753,40,40,34,0.8824,0.0882,1.5017,0.5,0.002497,8,0.0,
B86Ct43ztEna66jXbN5d6sWRnqDxLu2Tqiw8rsnfnMb5,liqctl,1788418307.0,0.63425,middle,661.0,66134.3,24,2733,0.3403,0.0037,0.4054,0.1747,40,40,28,0.9643,0.0714,1.1915,0.3929,0.188174,8,0.0,
Gqk4rMK8Uqar9u59MLwuXP7LkfCLozYdFmgwHkNHUdaY,liqctl,1788418307.0,0.17494999999999994,middle,1011.0,85483.13,18,4197,0.3178,0.0031,0.8625,0.189,40,39,25,0.92,0.08,0.5701,0.16,0.667573,8,0.0,
7UeUU7S3WKoGREhQWxafanSwgUsWLZ9XEQ3Xdf4AJQKX,liqctl,1788418307.0,0.21205000000000007,middle,945.0,149905.17,40,1874,0.3762,0.0059,0.6777,0.1615,40,40,24,0.9583,0.0833,1.0046,0.4167,0.832534,8,0.0,
DcxZYnRBF171nKzs1dd2gT2fCnLEJ6nqPRFt66WHpump,liqctl,1788418307.0,-0.21194999999999997,middle,457.0,136641.1,40,0,,,,,,,,,,,,,,,window beyond page cap
2BMRAum8jTFwFCHzq9wLxpaZZtZ1N1muWPxgVxZVpump,liqctl,1788419356.0,-0.030100000000000016,middle,551.0,104809.31,4,1810,0.1282,0.0387,0.6387,0.7775,40,37,13,1.0,0.0769,1.1517,0.0,0.374897,8,0.0,
BhEGTb6GUPKHkg1aHVB2E29ELeMWWG1biQr74SZtpc1H,launchctl,1788419799.0,-0.01705000000000001,middle,380.0,43749.18,1,323,0.0155,0.0186,0.0991,0.6866,40,40,33,0.7576,0.0909,0.0,1.0,0.002039,8,0.0,
FW5A2ny4WaHABSVpQK2FrigHacNfbg4mufFEsQ6kpump,surge,1788420149.0,0.05069999999999997,middle,976.0,95793.66,14,1269,0.0,0.0055,0.8802,0.4382,40,39,38,0.5263,0.1053,0.449,1.0,0.005002,8,0.0,
oZ9Jorij4o6ndG6jvRNwN1f3uhs15H1ps6dtNptF7gi,liqctl,1788420149.0,-0.027649999999999952,middle,375.0,29340.94,10,5376,0.5056,0.0037,0.9222,0.2585,40,39,18,0.8889,0.1667,2.2941,0.1111,0.054845,8,0.0,
DYEkHKCdssiHaUaHeE4yuAaT4FbgzhiLjCy265upump,launchctl,1788420615.0,0.007549999999999946,middle,316.0,15420.16,14,471,0.4904,0.0552,0.5775,0.5706,40,30,27,0.963,0.0741,2.7444,0.6667,0.00242,8,0.0,
HeJY3gwRvLZyknKv11qJ78cbt4aRPuKDy7YAHq3Apump,surge,1788420615.0,0.14040000000000008,middle,722.0,33019.63,40,0,,,,,,,,,,,,,,,window beyond page cap
JAdG38SUdirUEEpWmFdyLMYnS4JFUipgdV9UdtaqC5nE,liqctl,1788420955.0,-0.02839999999999998,middle,541.0,27558.76,10,5660,0.4799,0.0046,0.9392,0.0323,40,39,15,1.0,0.0667,1.942,0.2667,0.069873,8,0.0,
7LFV6S7dYEmjU7noBP5gDrh22doDUqpVavXeXtCDpump,liqctl,1788420955.0,-0.03354999999999997,middle,327.0,55912.68,3,1325,0.1223,0.0083,0.3698,0.6977,40,38,23,0.8696,0.087,0.9569,0.1304,0.72127,8,0.0,
EJPKHAHgSffPbehLCbozrHhXXiFiiE3gMuq86he3LovL,launchctl,1788421501.0,-0.85685,middle,334.0,8034.33,2,1010,0.1614,0.0366,0.5663,2.0022,40,40,19,0.9474,0.1053,0.8228,0.2105,0.025451,8,0.0,
CBNaXoPLoKcbSp6qWQCGkSC6ADtCzmC1YhFtaSispump,liqctl,1788422683.0,0.06109999999999993,middle,562.0,77638.08,9,1421,0.2709,0.026,0.7628,1.1824,40,39,18,0.9444,0.1111,1.4905,0.4444,0.055785,8,0.0,
CfvwFqrjDimhdMgY9uy25xQSu3LST4tv7u9ZxnRmpump,surge,1788423338.0,-0.06194999999999995,middle,1060.0,24950.15,25,2750,0.1851,0.0058,0.5233,0.3033,40,40,34,1.0,0.0294,2.2678,0.4706,0.012879,8,0.375,
GTmRSuqENCavU5BZvaZoSYJnhCmWmKk7GeMmv75CRH4H,liqctl,1788423338.0,0.27745,middle,360.0,21594.04,13,1738,0.3165,0.0115,0.5587,0.7548,40,30,19,0.9474,0.1053,2.2978,0.1667,0.059868,8,0.0,
SXYqdwdARc6xmfFvRUHgzsdaGVL6qtLVmMnCV6rpump,surge,1788423629.0,0.038249999999999895,middle,3863.0,742.3,24,7684,0.0,0.0056,0.9839,0.3867,40,40,16,0.9375,0.125,1.2112,0.9375,0.000309,8,0.0,
4KCsf2unhhbcFEatEvDvSNkCnJcVN3Dg59kerKeYYqB7,launchctl,1788424096.0,-0.80295,middle,383.0,18099.51,2,1488,0.3609,0.0605,0.7453,2.6001,40,40,11,0.9091,0.1818,1.3518,0.0,0.13837,8,0.0,
D1q8LheTdaTzJAzBK3gzYBFPp5w9WPy2BHkVmmqkxkdq,surge,1788424434.0,-0.19365,middle,472.0,4545.42,3,836,0.1041,0.0108,0.2691,0.6622,40,40,28,0.9286,0.1071,1.0988,0.6429,0.030186,8,0.0,
F3MtL2gyX77TYSut5mwxxksbLAXhividtzGqEHkzpump,surge,1788424434.0,0.010350000000000081,middle,578.0,3186.74,27,1097,0.0009,0.0137,0.7138,0.6038,40,40,31,0.4839,0.1613,1.8477,0.7742,0.001501,8,0.0,
7uUEpiKzVZ3zuuQJuNB4bZZ9XbK5A5bWVHLSqhF9r3n9,liqctl,1788424434.0,0.3010999999999999,middle,617.0,84739.38,8,1658,0.1375,0.003,0.0422,0.2765,40,39,18,0.8889,0.1111,0.5273,0.0,0.749159,8,0.0,
8uSrp69f2Qt1WyUiGwfXNSv52JXbjJoA2FVWmmwapump,wait120,1788425093.0,-0.661,middle,632.0,39944.76,13,5920,0.4618,0.0157,0.8902,0.5888,40,34,11,1.0,0.0909,1.28,0.0,0.509275,8,0.0,
CGNaDXzxd2pEx1cewPXMceCYoC8KjwQ65XsgwY5hBwTZ,surge,1788425362.0,0.1371,middle,844.0,21942.73,5,1361,0.0,0.011,0.1918,0.9317,40,40,37,1.0,0.027,3.1362,0.8378,0.002264,8,0.0,
GqrR58mZHKw6HK9bGLDVLyuu2EZfKUFSRU4p2sjJpump,surge,1788425362.0,0.34634999999999994,middle,1765.0,99300.36,32,2376,0.0109,0.0055,0.3013,0.1492,40,40,37,1.0,0.027,1.3271,0.1081,0.075007,8,0.625,
GhnUsGw5uC6bTY4Cwx9SwBUvVjhgXru6FwYyoi69pump,wait120,1788426512.0,-0.03090000000000004,middle,635.0,114799.11,3,1069,0.16,0.0253,0.7259,0.8781,40,39,23,1.0,0.0435,1.0386,0.087,0.912074,8,0.0,
FEbNF3bNjitdZRvHQysYarMzU3amLiS6VSdk9kdvpump,surge,1788426512.0,0.016350000000000087,middle,388.0,4313.46,15,1067,0.1649,0.0253,0.5689,0.5045,40,37,27,0.8148,0.0741,1.2132,0.0769,0.165004,8,0.0,
v4iV886RnEG1DgaiwX7MGndYMjCZVihTNyL9aTJpump,surge,1788426940.0,0.1279999999999999,middle,729.0,4653.55,21,1289,0.0,0.0062,0.3157,0.4707,40,39,27,0.7407,0.1111,1.1669,0.5926,0.007601,8,0.0,
3EFotDUaMcYTLTTtpGsu2ipF9zWpvHBL52CdiBTcpump,surge,1788428696.0,-0.01044999999999996,middle,1029.0,76006.07,19,1463,0.0752,0.0123,0.3042,0.4531,40,40,38,1.0,0.0263,1.8951,0.1579,0.057029,8,0.75,
8JRQk5sLdm3xsye29Ey66xRoAT9aeRXNMJgFZzfvpump,surge,1788428696.0,0.045050000000000034,middle,3363.0,784.65,26,5507,0.0002,0.008,0.9472,0.6044,40,40,10,1.0,0.1,0.7302,0.9,0.001407,8,0.0,
DjVGs3rLy6GVPD9NxfaDqfSHfwXoxz52xRDgSR6mpump,liqctl,1788428696.0,0.22294999999999998,middle,584.0,29665.75,40,0,,,,,,,,,,,,,,,window beyond page cap
Dqcbjp55i3HVj7NuYXLsHZJmL5CVWpY4YQmW5N88RemE,liqctl,1788429345.0,0.2842499999999999,middle,437.0,24746.23,12,634,0.1309,0.0158,0.0599,2.0733,40,40,25,1.0,0.04,1.3507,0.44,0.064918,8,0.0,
XMZUjVvSW7dRSSLQxnSz4NhX2nhmYffdjTSEt8wpump,surge,1788430897.0,0.020950000000000024,middle,386.0,82470.74,40,0,,,,,,,,,,,,,,,window beyond page cap
FCTbk7zLQWfDvULhvUD1mivmdEqFrQJU4s8eiFTRDb6N,liqctl,1788430897.0,0.21189999999999998,middle,331.0,55069.62,7,664,0.1205,0.012,0.3343,2.6194,40,40,21,0.5238,0.1429,0.4211,0.0952,0.576298,8,0.0,
EQgCweWhpaCi1iQEfTwnoJA7CZKLgqmTDdfn7eufYw6x,surge,1788431854.0,0.21744999999999992,middle,719.0,20153.44,8,1339,0.1942,0.0075,0.0433,0.3926,40,40,28,0.9286,0.0714,1.7245,0.7143,0.002113,8,0.0,
6FpciYYCEgeFrvQJ1BFjJW64ebX6R9qvxN7x8mmbpump,liqctl,1788432687.0,-0.020050000000000012,middle,3582.0,47439.86,10,6991,0.001,0.0074,0.9894,0.2252,40,40,29,0.931,0.069,3.9967,0.931,0.000228,8,0.0,
9ohAvXkzU6UTAn5vBRcD54AVvmo5vYHgCCZhAYE3nF7x,wait120,1788434416.0,-0.8588,middle,329.0,7092.55,1,775,0.0581,0.0606,0.5781,7.5659,40,39,22,0.8636,0.0909,0.5236,0.2727,0.063307,8,0.125,
Fj8dD9KUPD9YAJFBc9a8J2YkLx1Q8WdTH9mR4ZWTpump,surge,1788434416.0,0.2790999999999999,middle,424.0,64560.23,29,1628,0.1235,0.0111,0.4091,0.66,40,40,27,1.0,0.037,0.9944,0.1481,0.554171,8,0.625,
JEBNRdDb1XnjCeNYyiD3DgfPEwYkAa1D39QY6tSQpump,launchctl,1788435750.0,-0.84855,middle,1215.0,66019.34,24,17679,0.6193,0.0124,0.9694,0.4439,40,12,7,1.0,0.1429,1.4742,0.0,0.12538,7,0.0,
7hENxrrQsjHA5NJ6s28BzFrjgSxSz33nWmJHc8NtxYvF,wait120,1788436621.0,0.08210000000000006,middle,973.0,73381.53,16,1347,0.4462,0.0215,0.8834,2.6709,40,39,18,0.9444,0.1111,1.0652,0.4444,0.15984,8,0.0,
6LhmMoixtpCgV5Bg8RXDnnchejPvhErGKhn3ufitpump,surge,1788437550.0,0.049449999999999994,middle,841.0,4303.77,6,1222,0.0,0.0041,0.2635,0.4624,40,40,33,0.7273,0.0606,1.1807,0.7273,0.0062,8,0.0,
ASWpdof1y9cba6vPB6TJwA9gbBcffFqRyosxnaunpump,surge,1788438391.0,0.06729999999999992,middle,315.0,720.3,40,0,,,,,,,,,,,,,,,window beyond page cap
As6ZxTeZRnqamMyHkgjkedyu7DV5zgK5LerLUSRpump,surge,1788438521.0,0.06555,middle,688.0,1896.11,13,791,0.0885,0.0202,0.3856,0.9175,40,40,38,0.9737,0.0526,1.8063,0.7632,0.000153,8,0.0,
8HHXyY2AovF4kWzLt3PW8UhWmtrusbxUTWFwLsqGpump,surge,1788441027.0,-0.60145,middle,2864.0,34637.74,21,4700,0.0051,0.0057,0.9474,0.2376,40,40,30,1.0,0.0333,2.7848,0.8333,0.000224,8,0.0,
Dkcbu5UmbpRfMbNBozdBLvReUHX7tdroScZ5CfdWpump,surge,1788441027.0,0.017349999999999977,middle,770.0,2295.34,17,1174,0.0009,0.0051,0.494,0.4598,40,40,32,0.6562,0.0938,3.6361,0.9062,0.00535,8,0.0,
9eECz3PAyTTYr1YR8B41EAzGCk6bQW6BkFMovLpCpump,liqctl,1788442424.0,-0.03854999999999997,middle,1028.0,80823.48,40,0,,,,,,,,,,,,,,,window beyond page cap
Nkb5DVdrbXDHSjwYjR4yCDF9eYw1JJv5PtTxYqWpump,surge,1788443365.0,0.00029999999999996696,middle,416.0,1193.72,17,673,0.0,0.1798,0.2095,0.5143,40,38,31,1.0,0.0323,0.326,1.0,0.003931,8,0.0,
BiaV4T8DwGKsLghZFd7m663UPHs9yY2HGhRaKFG6pump,surge,1788445344.0,0.038149999999999906,middle,4203.0,857.48,20,8020,0.0,0.011,0.985,0.4676,40,40,17,1.0,0.0588,0.9256,0.9412,0.00041,8,0.0,
3pbVfebddfTz2QNPwAnL4sJH3LEXDzZvtsqTCAChpump,liqctl,1788445344.0,-0.86545,middle,636.0,33539.63,19,12462,0.7736,0.0042,0.9861,0.2541,40,24,13,1.0,0.0769,1.4759,0.1818,0.102,8,0.0,
8aZFRJJFMUMEF3oEUCaNkkTPdNBGYwd38uUCFVa1PmC3,surge,1788445537.0,-0.22350000000000003,middle,729.0,22722.1,10,1434,0.1932,0.0049,0.0718,0.4911,40,40,33,0.9394,0.0606,1.2788,0.5758,0.002119,8,0.0,
9CyShuK8TarX9oHt1wuoRvyxmHbpxTLRDhuZZxVZpump,surge,1788447111.0,-0.86985,middle,344.0,8508.03,2,540,0.4093,0.05,0.5241,1.0936,40,39,30,1.0,0.0333,0.615,0.0667,0.126666,8,0.375,
EJisojxe3Uy21maNX6K3NFpKEb1Pe5E9bR5bdirApump,surge,1788447416.0,-0.02090000000000003,middle,429.0,7501.32,2,1223,0.3393,0.1586,0.5895,1.1605,40,40,24,1.0,0.0417,0.7767,0.0833,0.092638,8,0.375,
dD22xcq79ZvsyQxy29ixdeNgQ2HFhv8PrkKcYE9pump,surge,1788448014.0,-0.005299999999999971,middle,696.0,1705.31,11,1177,0.0136,0.0297,0.3178,0.9303,40,37,27,1.0,0.037,0.3331,0.963,0.002266,8,0.0,
DjqEjTdQYWe667u7HE3v4Evu8xfvx362G1ThrkYy88yh,liqctl,1788448014.0,0.5979000000000001,middle,661.0,56059.71,12,2525,0.478,0.0107,0.701,1.3939,40,40,23,1.0,0.0435,1.3968,0.6087,0.0021,8,0.0,
5bJsG8timj1P35Fuc59M9zTcX2zKyC6QPyEgttUnpump,surge,1788448624.0,0.02825000000000011,middle,4135.0,992.87,40,0,,,,,,,,,,,,,,,window beyond page cap
D8PvKVVbY5dkYQJHferr8VrLELo5Zw6NgK6MGGmkHSy8,surge,1788449038.0,-0.13924999999999998,middle,824.0,310635.43,12,2433,0.462,0.009,0.7012,1.5269,40,40,26,0.9615,0.0769,1.2463,0.5769,0.002953,8,0.0,
2AHiQRHXW9paYDhmErpNgfPnqH1eBMyrAfAdXLSipump,liqctl,1788449869.0,-0.01605000000000001,middle,2143.0,179324.27,40,0,,,,,,,,,,,,,,,window beyond page cap
9BCUuvhvH3ZBbm4Zso2ccYzrmVnTKX5MXPP5Dx1Y2Kog,liqctl,1788449869.0,0.8938999999999999,middle,903.0,68240.33,19,2434,0.373,0.0123,0.719,2.6689,40,40,24,0.9583,0.0833,1.5815,0.6667,0.002103,8,0.0,
9mtcsaAfuojfW3jdCEYXekfgccPZY8RquAqbA45Rpump,wait120,1788450250.0,0.61385,middle,515.0,108445.15,8,1238,0.3271,0.025,0.6785,0.8423,40,37,18,1.0,0.0556,0.8896,0.1111,1.426179,8,0.0,
E5THzwhi3FnERVLyJLskmX8ECT1Z6HMvg2jkYgjtpump,launchctl,1788451152.0,-0.24539999999999995,middle,1121.0,89806.23,21,19826,0.8085,0.0443,0.9863,0.5551,40,23,10,1.0,0.1,1.0081,0.0,0.202088,8,0.0,
5R8bVvKrdotCukqqYb9emndQ9rqMiMfCVRTWWVdipump,liqctl,1788451152.0,-0.12095,middle,425.0,37883.65,22,8077,0.5269,0.0115,0.9635,2.2341,40,7,2,1.0,0.5,,,1.086699,2,0.0,
7TEjnVJBdUtT9wfDFB73a9hukGZf7Fioot9GWjP9ASb3,surge,1788451421.0,-0.014000000000000012,middle,567.0,6614.35,7,726,0.0937,0.0096,0.0372,0.4877,40,40,31,1.0,0.0323,2.9936,0.9032,0.002109,8,0.0,
2k2DikoxThbQzYgKxNdg52EhW4XBqVtspPx5rf5tA9Ku,liqctl,1788451421.0,0.5609,middle,1201.0,207012.51,31,3196,0.4531,0.0119,0.9334,1.5443,40,40,20,0.9,0.1,1.6889,0.45,0.023781,8,0.0,
679fne1mfgLnxuUbtDpdxcqjXjdkt8qNwWHpTDBLpump,liqctl,1788451421.0,-0.04915000000000003,middle,1800.0,164129.51,13,7706,0.3822,0.0074,0.9153,0.33,40,30,19,1.0,0.0526,0.766,0.0,0.531478,8,0.0,
8bx9zrkguXuBBp1jNRCP9dpzvcZsaEyJ3wEPwhfydAZu,surge,1788453017.0,0.13054999999999994,middle,588.0,2915.91,12,644,0.0248,0.0062,0.0186,0.395,40,40,36,1.0,0.0278,4.5237,0.9722,0.002105,8,0.0,
hRhVQ5onHb28vABSfqSfs8Ws8D9ub9LQRveqZHMpump,surge,1788453605.0,0.03204999999999991,middle,599.0,1755.26,35,1631,0.0,0.0166,0.607,1.8536,40,40,20,1.0,0.05,0.0112,1.0,0.002223,8,0.0,
FrTtEgTCeKgi2jLiZLDb2rbyW6LBhFRTWNgYhM24UmuM,liqctl,1788453834.0,0.2055499999999999,middle,444.0,193195.46,8,1488,0.3105,0.0067,0.3501,0.965,40,40,16,0.9375,0.125,0.7681,0.125,0.522001,8,0.0,
CF1aisKy9FEv6yBWgqTfetTrtyQUKHBQhKixEgXVpump,surge,1788454644.0,-0.57525,middle,3214.0,33141.23,27,4483,0.0027,0.0085,0.9563,0.3859,40,40,36,1.0,0.0278,4.0763,0.9167,0.00024,8,0.0,
AtuteQZ9G8k9auF5mmL3T9KFm2vLp1ReRSbXPtB6wsup,surge,1788454779.0,0.019949999999999912,middle,526.0,19249.11,16,720,0.2236,0.0181,0.1167,0.9997,40,40,34,1.0,0.0294,1.6302,0.6176,0.002116,8,0.0,
GeKhkmjkjXqX8mjaJ18YX6q3wej8ub5QW8JX348pump,liqctl,1788454779.0,-0.37405,middle,479.0,22525.95,17,2590,0.4799,0.0344,0.7656,0.7598,40,28,17,1.0,0.0588,1.2912,0.4706,0.0605,8,0.125,
2kvQpbNcdToU8hhA7b47RDw8ivc79Kb43WUYgd3npump,surge,1788455172.0,0.04469999999999996,middle,1404.0,62961.33,40,0,,,,,,,,,,,,,,,window beyond page cap
7W9w3jJeEx8NXke7Q5iFFeZrZg6TjFn5ZMvG66RBC7WJ,liqctl,1788455172.0,0.2753000000000001,middle,1059.0,172650.34,12,1501,0.3784,0.0133,0.7522,1.3276,40,40,28,0.9286,0.0714,1.4379,0.5,0.002507,8,0.0,
H5XJj8TkkF6wADJXw4PeG8aFp4no1dB6dYoG2EwUpump,wait120,1788455570.0,-0.02080000000000004,middle,1413.0,108152.59,32,30762,0.6975,0.0083,0.9899,0.4152,40,22,11,1.0,0.0909,1.7273,0.5455,0.101882,8,0.0,
Ewm9gmUbxWGC5azjSNSDinCW7ZjG573nBfnfyuy7pump,liqctl,1788455570.0,-0.7966,middle,928.0,47829.67,30,17172,0.4971,0.0077,0.979,0.4214,40,6,4,1.0,0.25,1.6307,0.0,0.008034,4,0.0,
3R81h7xkvEfyY74YAiqUCBM8KVRVYJxnQjBcGVyGUWkZ,liqctl,1788457200.0,-0.44725000000000004,middle,1244.0,82784.47,40,0,,,,,,,,,,,,,,,window beyond page cap
3CdEUXohxcnSh2w5JzqVbMtFFj1uWo8hiBkmCXHHV4AA,liqctl,1788458066.0,-0.52105,middle,440.0,105077.42,40,0,,,,,,,,,,,,,,,window beyond page cap
4AG3MYbD36RLvfHSMSkrFZ5Q2JyfTYnMsBF63Moopump,liqctl,1788458066.0,-0.23785,middle,973.0,123100.23,37,16536,0.4106,0.0067,0.9946,0.177,40,6,4,1.0,0.25,0.9885,0.0,0.566097,4,0.0,
6a6cFF36wkKsApqZ4kqepfev2ve5eSNRGMPaaX4wpump,surge,1788459039.0,0.5287,middle,1043.0,110087.28,21,1329,0.0271,0.0053,0.1099,0.4266,40,40,36,0.9722,0.0556,1.0258,0.1111,0.555261,8,0.75,
9Lx46r3NUv5Pyy2hvR6Vgcd9E6KJzQfVpRb9uEm16Zcc,liqctl,1788459304.0,0.51955,middle,544.0,131039.63,16,3499,0.4456,0.0089,0.9366,2.0676,40,40,31,0.9677,0.0645,1.5378,0.5484,0.002524,8,0.0,
7qd5E8VgEEkz1os86pTSXuiCjznXRFAXRzGKH8VSLS7,launchctl,1788460763.0,-0.33135000000000003,middle,902.0,12952.27,7,730,0.2603,0.0288,0.437,1.4013,40,39,34,1.0,0.0294,2.9702,0.8824,0.00238,8,0.0,
FK7VDj8kN7HrAjUAwbtoFPzEbjnSBLLPUcVD3ZX5pump,surge,1788460763.0,-0.23134999999999994,middle,1377.0,124822.47,27,1071,0.0887,0.0121,0.3847,0.9873,40,38,30,1.0,0.0333,1.2,0.2,0.054772,8,0.5,
2Q3jDcaYDD9FKUCmE84oLruSZuchp3sErFJyfJwPcKVd,liqctl,1788462160.0,0.48629999999999995,middle,974.0,154286.75,11,1690,0.3751,0.013,0.6639,1.538,40,40,29,0.931,0.069,1.9697,0.5517,0.002559,8,0.0,
HftSdVjmfs137EBSvaBQT14GcFfbUshqdUfk67fABbhh,surge,1788462550.0,0.6307499999999999,middle,405.0,13240.67,17,455,0.0791,0.0088,0.0176,1.2507,40,40,36,1.0,0.0278,5.4737,0.8056,0.002102,8,0.0,
DqHKom9vHM2sEU9thNzeHtvfjzsZJPDgkq3Xwuhtpump,surge,1788462966.0,-0.016100000000000003,middle,535.0,20384.06,40,0,,,,,,,,,,,,,,,window beyond page cap
228tbyCzYJAmD6dNichr5GAPfPw9JNKsLux2n4h8V5U5,liqctl,1788462966.0,-0.6341,middle,2533.0,247796.11,40,0,,,,,,,,,,,,,,,window beyond page cap
HMc3p84ZeEYRvDWHc7PdBRVyRDmMerXEu4TqkC4Fpump,wait120,1788463865.0,-0.137,middle,445.0,36685.05,10,9009,0.8822,0.0411,0.9769,0.8798,40,32,19,1.0,0.0526,1.8232,0.0,0.052084,8,0.0,
CvHxSn5VnjAckNZdddM1cMe9Yj3qNDdtpPLsPjoE8Tub,surge,1788464201.0,0.026250000000000107,middle,782.0,164736.1,12,1542,0.4351,0.0162,0.8398,2.0397,40,40,30,0.9667,0.0667,1.3541,0.5667,0.002114,8,0.0,
VMDZQanycVbqQVBHSEVr17825BUL4zMPECyJfTmpump,surge,1788464201.0,-0.0023999999999999577,middle,578.0,125619.93,7,564,0.0603,0.023,0.2465,0.9209,40,38,35,1.0,0.0286,2.9258,0.9706,0.003074,8,0.0,
2iYZbVPgTnQPMGtzHVS7tw2AkoXv8FrxQoAaUie6Xxkx,wait120,1788465077.0,-0.16000000000000003,middle,524.0,34755.87,17,7786,0.4628,0.0085,0.9405,1.5605,40,10,6,1.0,0.1667,1.4553,0.0,0.054552,6,0.0,
gagcXWV7WduHPjRksdQXkP6KErgwotsY1xyQPqopump,wait120,1788465275.0,-0.03005000000000002,middle,336.0,8904.61,1,703,0.1878,0.0896,0.7354,6.3302,40,38,24,1.0,0.0417,0.8918,0.1667,0.051155,8,0.25,
3TrsJhHqPzwo5RWTzHpUGGgCvYzvdEEkUVa93PCVpump,surge,1788465275.0,0.6327499999999999,middle,1488.0,136930.7,30,1683,0.0689,0.0137,0.4337,1.1259,40,39,32,1.0,0.0312,1.4072,0.1875,0.054501,8,0.5,
2BGBXtKhd3Yzm3asL52BdkLDnh12SbbaZfNqevhrdhP3,liqctl,1788465275.0,-0.025599999999999956,middle,1201.0,45762.48,7,2467,0.1224,0.0134,0.6133,0.6991,40,39,21,0.9524,0.0952,3.0921,0.0952,0.070265,8,0.0,
GtPuLjZUvEyrTXZzNAUQWBNVcgf3YNCgJDKZ7kippump,liqctl,1788466367.0,-0.67555,middle,6659.0,1160235.15,40,0,,,,,,,,,,,,,,,window beyond page cap
917vmMXeo1Cim7W92Cd8MPF7j3624xYmh9xksnc1pump,surge,1788466962.0,0.020000000000000018,middle,2835.0,2853.31,31,2127,0.0038,0.0141,0.8923,0.8883,40,4,2,1.0,0.5,0.8132,0.0,0.266399,2,0.5,
FCtBQkhEotgvzHXABha2sdmgkv7C2YLkvmyMQK2Ypump,liqctl,1788466962.0,0.06194999999999995,middle,384.0,28994.38,27,50,0.64,0.1,0.66,1.8076,18,17,7,0.7143,0.2857,0.8851,0.2857,0.3071,5,0.0,
3QhQRBRwQRkpWyXQhaqbqxrMcFWHdnWtoKnKaTtHpump,wait120,1788468745.0,-0.7766,middle,516.0,92974.19,2,1504,0.2061,0.0173,0.8238,0.6106,40,40,20,1.0,0.05,0.9971,0.1,0.417982,8,0.0,
9Arnb9hNS7T8MRDLv9Lbg6ttENHAhzfyqDFxB18Fpump,surge,1788468745.0,0.0565500000000001,middle,354.0,4588.07,6,514,0.07,0.0272,0.1304,0.5371,40,38,27,0.7778,0.1111,3.4813,0.5185,0.012075,8,0.0,
GaSsQFGPEVj5FxU5VsPjusJPaad4PDkMaiwLWAoVpump,launchctl,1788469326.0,-0.16820000000000002,middle,480.0,27026.24,11,10401,0.909,0.0151,0.9941,0.8537,40,37,21,0.9524,0.0952,1.6605,0.2857,0.06028,8,0.0,
DnsHc6Sss768nYEf5FbJFoTTWFYSuwFLvw64ZqigDfHm,surge,1788469667.0,-0.8231999999999999,middle,392.0,4686.81,1,628,0.1927,0.0175,0.1131,1.4422,40,40,25,1.0,0.04,1.3557,0.6,0.002286,8,0.0,
6Psyw62PeV3HmtPXKBoK7k1q4aEsMucLTfE9QG9gpump,liqctl,1788469667.0,0.4596499999999999,middle,344.0,34368.67,4,711,0.1842,0.0183,0.3024,0.9401,40,28,13,0.8462,0.1538,1.8336,0.0,0.094968,8,0.0,
J3qm7RXmdTvLP1VFa9sg6QXGmRxkbinyZKUBirBnpump,liqctl,1788470649.0,-0.6386499999999999,middle,600.0,41665.41,40,37813,0.7636,0.008,0.9999,0.1564,40,13,9,1.0,0.1111,0.9214,0.2222,0.130912,8,0.0,
3Syvgx9gYcG4buznB4zSRAmpwdq32bbEmhKYd9Kvpump,surge,1788472042.0,0.4835499999999999,middle,1786.0,115183.43,35,2509,0.0219,0.0052,0.383,0.2494,40,40,33,1.0,0.0303,1.3108,0.0606,0.078876,8,0.625,
AK53BkSHcBMUmCzw6AVpmrjhFCuPfwbesmNahxSXpump,liqctl,1788472829.0,0.5321,middle,420.0,29718.15,29,947,0.0444,0.0095,0.1119,0.9794,40,40,21,1.0,0.0476,1.6522,0.0952,0.052183,8,0.5,
Ft8kDjjSM9ngTUPKTnFKFCvf8WdKJg7fsEnb1KZkxBD8,liqctl,1788474443.0,0.14349999999999996,middle,632.0,128334.93,25,2711,0.3821,0.0089,0.6525,1.3045,40,40,27,0.9259,0.0741,1.3012,0.4815,0.216033,8,0.0,
ks7jsNEfMQy4qFSQt6n1ssr5cHZKLzRDNERo3vUpump,surge,1788475135.0,0.031199999999999894,middle,468.0,903.68,15,2579,0.0,0.0132,0.8484,0.6651,40,40,13,1.0,0.0769,1.5838,0.7692,0.00219,8,0.0,
2oT4BWajinCW87u4JZZdZabNcMMfjkVsefA8xXUwpump,surge,1788475319.0,0.07054999999999989,middle,971.0,4527.86,10,1510,0.0,0.0046,0.4397,0.4495,40,40,30,0.7667,0.0667,1.3978,0.7,0.005801,8,0.0,
3vc6V269fYgzMMmHqNHS4jxt5w5RXJsnjKyLTbu3pump,wait120,1788476950.0,-0.009549999999999947,middle,337.0,30302.87,15,13918,0.7242,0.0052,0.9777,0.3522,40,17,9,1.0,0.1111,1.2963,0.0,0.103072,8,0.0,
Fm4a284h7aTfcoCsfKXPHQsvdEqSoBj5YRQx3FW1uuJp,liqctl,1788476950.0,0.3063,middle,343.0,49526.34,5,969,0.1847,0.0093,0.2208,1.1089,40,40,23,0.7826,0.1304,0.3996,0.0,0.768009,8,0.0,
Fdb11HCogPZHNgrY9jLVs6j6tLRoT2NqPTyfk4ViVSbV,wait120,1788477486.0,-0.8269,middle,326.0,3834.44,1,627,0.1802,0.0112,0.1866,1.7103,40,40,28,1.0,0.0357,1.584,0.6071,0.002287,8,0.125,
7P9BbPLLgtdCTQHBKrhRfFScnNi7BZAfihmLfQUBpump,liqctl,1788477736.0,-0.53225,middle,1814.0,157948.5,40,19671,0.588,0.0078,0.9954,0.1592,40,7,2,1.0,0.5,0.996,0.0,0.249488,2,0.0,
BSsG1tU6j7UA9qQrDyutvgt1WX5BhJ11qofGhKiUpezX,surge,1788478355.0,0.74725,middle,478.0,8436.05,5,376,0.008,0.0106,0.0213,0.6094,40,40,28,1.0,0.0357,1.8329,0.6786,0.002105,8,0.0,
B4Vwx8GuoR2NQfK6XhjTo83QUgDFXzU2dAAZvCrNh3F9,liqctl,1788479438.0,-0.027800000000000047,middle,574.0,50673.05,6,1263,0.2225,0.0135,0.559,0.6151,40,39,22,1.0,0.0455,1.9048,0.0909,0.101922,8,0.0,
9F5AyxHH2QgTzcZxACV6KQDeJBWGiqLuCJMQSosopump,launchctl,1788480331.0,-0.023950000000000027,middle,464.0,52966.93,4,918,0.3083,0.0251,0.3911,0.6699,40,36,17,0.9412,0.1176,2.5794,0.0,0.307108,8,0.0,
BrsxuJwoFeGCvgo3JT9g7JZ3iFhf3ttL9xE16R7Xpump,surge,1788480635.0,0.04564999999999997,middle,1458.0,315.58,33,3848,0.0,0.0159,0.9033,0.6474,40,40,17,1.0,0.0588,0.2159,0.8824,0.002092,8,0.0,
Erx8qokrbuG7wUJCtibn9waSv3rt33LM6Y67cHyAa6w6,surge,1788481343.0,0.5661499999999999,middle,685.0,21694.1,10,690,0.2406,0.0116,0.0536,1.6591,40,40,32,0.9688,0.0625,1.586,0.6562,0.001924,8,0.0,
5ZXmMdL6qjG9tzAXr3D9zarnvv5xJ5eKjPVAqXmgNWWy,liqctl,1788481861.0,-0.024950000000000028,middle,851.0,65400.97,4,1362,0.2107,0.0191,0.4266,0.4889,40,38,18,0.9444,0.1111,1.191,0.2222,0.090255,8,0.0,
5Lyd9gkDfuLhF6gaFMaE3HGaE2R7xyVCA6GoMQPYpump,surge,1788482212.0,-0.03710000000000002,middle,325.0,135.59,1,0,,,,,,,,,,,,,,,no signatures in window
6k2tvF5VtRh3zQm45utCuPNYSVRtNLYPF153UjxYjwuY,surge,1788482212.0,-0.83245,middle,331.0,5307.39,2,498,0.1185,0.0161,0.1867,1.0005,40,39,31,1.0,0.0323,1.2682,0.5161,0.002146,8,0.0,
J28oP2BNmna9rPvxZpVjcXy4WX9VD5uebojMdAfmpump,launchctl,1788482675.0,-0.03554999999999997,middle,357.0,33483.49,4,3030,0.798,0.031,0.8723,0.5599,40,35,21,1.0,0.0476,1.3215,0.0952,0.101907,8,0.0,
BFR7Ku415GzFyVKSFsvN84ifsfs7dXywLSgySbY6pump,surge,1788482675.0,0.06810000000000005,middle,1080.0,33056.51,31,2089,0.0742,0.0072,0.2341,0.3633,40,40,28,1.0,0.0357,1.6872,0.25,0.048717,8,0.875,
EKrtLwQ3tVQ41GVXwwuwenH2hB9WGNd9aY4jhCFwgHet,surgeliq,1788482675.0,0.0020999999999999908,middle,870.0,18549.19,8,1074,0.1601,0.0084,0.135,1.1881,40,40,34,1.0,0.0294,1.627,0.6176,0.001931,8,0.0,
HCCCSLuuD6Gjb6uBKMdquBbUYgP91utyiZDPCg18aDwQ,surge,1788483008.0,0.007649999999999935,middle,391.0,5341.54,6,443,0.0903,0.0135,0.0248,4.316,40,39,31,1.0,0.0323,2.9968,0.871,0.001913,8,0.125,
niGbRpa2SDMsXU27Swc3WyACZfZAfELzbBBWd1mLKf4,surge,1788483512.0,0.3716999999999999,middle,605.0,53327.26,7,910,0.344,0.0132,0.3495,1.6775,40,40,37,0.973,0.0541,1.7931,0.7027,0.005985,8,0.0,
3GnjurRWFzqSesmX8ySVPgRxbqBxnhMkmudTavL1pump,surge,1788485146.0,-0.6515,middle,343.0,18715.8,9,6405,0.9135,0.0504,0.9692,0.8223,40,33,24,1.0,0.0417,1.9982,0.25,0.094142,8,0.0,
26eGzdysxjeTN5fkTmJWg8q8FX1Fwu1ZAtk6Eg72XFyo,surgeliq,1788485146.0,0.2682500000000001,middle,992.0,144924.03,14,1784,0.4288,0.0135,0.8038,2.0957,40,40,36,0.9444,0.0556,1.665,0.5556,0.001934,8,0.0,
qbHi6X4mJzs4RSJyVMy3947xF72ot3urG5oEFkcpump,liqctl,1788486107.0,0.51955,middle,2109.0,144987.54,34,19538,0.5218,0.0067,0.9833,0.4727,40,11,7,0.8571,0.2857,0.9527,0.0,0.101227,6,0.0,
AGWi5TMt914WwHKJicrgSiiqMFVsFGDdPfdBBGySpump,liqctl,1788486107.0,0.10529999999999995,middle,780.0,63901.83,32,22360,0.5822,0.0078,0.9918,1.9826,40,5,3,1.0,0.3333,0.5336,0.0,0.0111,3,0.0,
2ezdFs8GwqxxQCVFUAWEzYBKVnGVHskd1kthJASipump,liqctl,1788486945.0,-0.38234999999999997,middle,1318.0,152348.16,40,0,,,,,,,,,,,,,,,window beyond page cap
45p6Ah2NinRvj76tDhisF1RpeNTees4KDv97hgd7pump,wait120,1788488085.0,-0.5075000000000001,middle,336.0,33624.33,4,2623,0.5852,0.0175,0.8296,0.8946,40,38,23,0.913,0.087,1.656,0.3043,0.061945,8,0.25,
D7ipxLVNRLYjp33t8aih5cWzTVeobK8cgPNV9ePgpT5q,liqctl,1788488440.0,-0.02080000000000004,middle,1647.0,35736.54,10,3791,0.2097,0.0106,0.9815,0.5419,40,40,21,0.8571,0.1429,3.4798,0.9524,0.01,8,0.0,
5aw3kJj7Qa8foSkwhNZjLGTwb3UVBzj9QYqcMyQkpump,launchctl,1788489698.0,-0.02510000000000001,middle,493.0,48449.77,5,4700,0.8119,0.0234,0.9228,2.121,40,32,17,0.9412,0.1176,1.0972,0.1176,0.30353,8,0.0,
4V72ov6YG2taNb1jdRQ8XQ9KSDDWbL189afUsJKnnH4L,surge,1788489698.0,0.3550500000000001,middle,946.0,146824.93,12,2795,0.3202,0.0129,0.7342,1.1663,40,40,34,1.0,0.0294,2.5489,0.7647,0.002271,8,0.0,
4XpnXEQCdk9W9RsZ549sZUF7G1azTUwmdDKnN4sjpump,launchctl,1788490762.0,-0.43210000000000004,middle,443.0,29593.17,6,4472,0.8301,0.1127,0.9428,0.6619,40,29,20,1.0,0.05,1.5186,0.4,0.253671,8,0.0,
5TiPtwDZ9968VAG7WHq7Yy6nHcqn2fLYF3M6DFm8pump,surge,1788491070.0,0.13044999999999995,middle,1718.0,66635.57,23,2155,0.0246,0.0032,0.2599,0.1923,40,40,33,0.9394,0.0909,1.8793,0.2727,0.042193,8,0.875,
CzMkHANv5DoT4wviAf42JyTnhoqkqxUY57Xyqpmqpump,liqctl,1788491070.0,-0.025800000000000045,middle,745.0,137261.44,4,2111,0.2302,0.0137,0.7366,0.5894,40,40,17,0.9412,0.1176,1.2381,0.2353,0.151861,8,0.0,
4dNAfMerrAqjCBHrBRuhdGpMf3rcaiXokssBmSspVdvG,surge,1788491939.0,-0.88595,middle,385.0,3652.17,1,554,0.0018,0.009,0.0162,0.5634,40,40,32,0.9375,0.0625,1.4338,0.6875,0.001887,8,0.0,
8e5xDhWnd3mCLn43rqZJbW1k7VG2qqkWUzaaiFsfpump,launchctl,1788492663.0,-0.1279,middle,626.0,133459.87,4,1368,0.1367,0.0227,0.7493,0.8299,40,39,9,1.0,0.1111,1.721,0.0,1.620866,8,0.0,
2RxLo1w3FthtQaZe2zboAtAiC5U7L7SPaYLaUVmipump,liqctl,1788492955.0,0.12175000000000002,middle,387.0,72094.05,4,1285,0.1377,0.0109,0.4226,0.7476,40,35,22,0.9091,0.0909,0.8696,0.0,1.200062,8,0.0,
jtJpeNYaBxkBfbvoPFo4nEWuPYFUBAqZa7NUuUZpump,liqctl,1788492955.0,0.2784,middle,768.0,34719.34,10,6952,0.5177,0.0332,0.889,0.5527,40,17,12,1.0,0.0833,1.6081,0.0,0.301892,8,0.0,
BXFH5tTDHyw35SvXSiUsuDy346zKv5LwV8we9QLApump,surge,1788493590.0,0.014100000000000001,middle,870.0,2802.91,11,1229,0.0,0.0057,0.5386,0.5141,40,40,34,0.5882,0.0882,2.1103,0.9118,0.0049,8,0.0,
AFbr3YMP4MHUC5oPJzLYvNNVDAwrc4g5ahq2HGmceA4e,surge,1788494654.0,0.18805000000000005,middle,627.0,100089.85,12,3110,0.3736,0.0071,0.8322,1.3203,40,40,31,0.9677,0.0645,2.1592,0.7097,0.001926,8,0.0,
JBrzNDUrpovsi7FSUR17pxcajoN5XAxK1dMDNwuKbamf,liqctl,1788494654.0,-0.32620000000000005,middle,639.0,43629.83,40,0,,,,,,,,,,,,,,,window beyond page cap
9o28ArBUGntPSKfkL6eU2c3csyAUsyTnb8mnWHNPzCCY,surge,1788495550.0,0.79765,middle,997.0,119472.72,11,1478,0.3863,0.0108,0.5487,1.7082,40,40,35,0.9714,0.0571,2.0337,0.6286,0.002306,8,0.0,
BqxDuUjQ8DHBnqDHwfknozufqaRdkWTrPx5zT7Vgo5Wq,surge,1788495945.0,-0.8398,middle,367.0,5096.09,2,439,0.0068,0.0228,0.0979,0.7575,40,40,34,1.0,0.0294,5.0938,0.6765,0.002128,8,0.0,
2hfJc9i2FaRB7z8wGbMKF37v1sdWQDJRpDt6d1gxpump,surgeliq,1788495945.0,-0.003049999999999997,middle,360.0,36048.14,10,441,0.0023,0.0476,0.0884,0.6785,40,33,28,1.0,0.0357,0.977,0.0,0.505394,8,1.0,
DpyDVnzsaJq8DHvumCPPnMHwXQ9PxR7C3AsqeARhpump,launchctl,1788496640.0,0.057050000000000045,middle,1076.0,4612.4,20,1311,0.029,0.0145,0.5149,0.4816,40,40,29,0.8276,0.069,3.8719,0.8276,0.0056,8,0.0,
Fxf2XpY4rFzvALjUZdg1UqLQbLQz2bXcnVtnoPkacMYX,surge,1788498553.0,0.10824999999999996,middle,1706.0,176282.27,14,2677,0.359,0.0082,0.7508,1.5155,40,40,38,1.0,0.0263,3.1866,0.8421,0.002223,8,0.0,
7mxsEusonh3oqphN5cR2dC3zk21wVCzX1PPR6hAvynBA,surge,1788499271.0,0.50505,middle,814.0,23892.91,9,1439,0.1376,0.0069,0.0424,0.3471,40,40,33,1.0,0.0303,1.9997,0.7576,0.001928,8,0.0,
62tx1jAPbuu9NyAjyJkkZVLZdqKn6zbW9Cc9FXC9pump,surge,1788501503.0,0.025150000000000006,middle,720.0,206891.94,40,0,,,,,,,,,,,,,,,window beyond page cap
6i6ewsf4KPhA9ArCcY46NYx1yqX56AhMfwfebtCo8rS1,surge,1788501503.0,-0.83355,middle,376.0,4506.71,2,899,0.1557,0.0122,0.2036,0.8381,40,40,28,0.9643,0.0714,2.2754,0.75,0.002104,8,0.0,
FxnYKg6ps2GR2KkYyV7FEHBvpP1CxhmdymokL5La6FZv,surge,1788502483.0,-0.833,middle,490.0,5267.45,2,810,0.1407,0.0074,0.1531,0.7276,40,40,28,1.0,0.0357,2.2139,0.8214,0.002096,8,0.0,
9DiUMUVnTzSJEWk1owCTUKY8XPrwPqkF8pQZdtQmqmEj,liqctl,1788502483.0,-0.15300000000000002,middle,765.0,96861.16,16,1877,0.4987,0.0144,0.9414,6.5163,40,40,23,0.9565,0.087,1.153,0.3043,0.105568,8,0.0,
2momHuq32QrGiwzVdcsNLaiUSw1oSaCRs3UMk2LXRUDL,liqctl,1788502483.0,0.5122500000000001,middle,1020.0,244477.47,17,3301,0.4117,0.0076,0.8346,1.3936,40,40,21,0.9524,0.0952,1.0022,0.381,1.03822,8,0.0,
zii5wYXFJHpmeaWczh46M6mzPH9esfj2jYS5VYmpump,surge,1788504083.0,-0.003950000000000009,middle,2168.0,716.88,35,4393,0.0109,0.0114,0.7803,0.3042,40,40,18,1.0,0.0556,0.1567,1.0,0.002308,8,0.0,
7geXoq4AUGZF7SjEyBmanuPKj9nry8iGSaEPEB1SyPH8,liqctl,1788504477.0,0.38359999999999994,middle,999.0,164807.05,34,2828,0.3586,0.0113,0.668,1.2549,40,40,24,0.9583,0.0833,1.2725,0.5417,0.276529,8,0.0,
4vqw4DTnaz6TEKJRiqcRvMoaE2LtAZTTD2uAKoZ2VDKo,liqctl,1788504477.0,0.6529,middle,1083.0,129970.53,10,2864,0.3404,0.0126,0.7088,1.2243,40,40,28,1.0,0.0357,1.4845,0.5714,0.001933,8,0.0,
EiLdN4JQBVw2396rdQfYDVhcAXV6AHmZawMq5tzYDRLb,surge,1788507522.0,-0.8591,middle,352.0,3837.15,2,513,0.1481,0.0195,0.1949,0.6893,40,40,31,0.9355,0.0968,1.6071,0.6774,0.002067,8,0.0,
FNYmxH2ksRw6Zs1X1TbYUkLyCgV2jaRdfXhfwZ1ajPjx,surge,1788507522.0,0.3902000000000001,middle,1458.0,216539.3,11,1927,0.4027,0.0161,0.7955,1.9351,40,40,32,0.9688,0.0625,1.9383,0.7188,0.001926,8,0.0,
4ztt6Ls43DWrhKkY1sG8aEG9e7eFVjoFkpEezJE1pump,liqctl,1788507522.0,-0.34965,middle,873.0,152345.32,10,1457,0.1984,0.0178,0.7419,0.7718,40,39,25,0.96,0.08,1.4095,0.3333,0.128218,8,0.0,
CozTSN85HBatRy2DuR98suYGWTCGna6buYhKwSnmpump,liqctl,1788507853.0,-0.38954999999999995,middle,606.0,134797.44,25,1148,0.223,0.02,0.4834,0.9343,40,37,18,0.8333,0.2222,0.982,0.3889,1.119202,8,0.0,
J2EHcgnQguytyzByp9HTXiTJUVE7Dhi5sfxLMzMTawZJ,liqctl,1788508975.0,-0.05589999999999995,middle,782.0,82417.84,24,2405,0.3264,0.0116,0.5796,1.2821,40,40,19,1.0,0.0526,1.061,0.4211,0.292718,8,0.0,
9eN9bGCdnhgtBU5nEfhd4PjvYn5UaZNy1AySbJ4npump,surge,1788511023.0,-0.10519999999999996,middle,2372.0,74110.24,26,3738,0.1426,0.0054,0.7432,0.348,40,40,35,0.9714,0.0571,3.8835,0.4412,0.014669,8,0.5,
AuX59sCv9EWKRHT9CfYfRveEsDqaQs4HMrG8ZL1npump,launchctl,1788511543.0,-0.7721,middle,660.0,95560.97,3,1801,0.1433,0.0144,0.7674,0.7739,40,40,20,0.8,0.1,0.8367,0.0,0.628375,8,0.0,
AbKaho5Hb18sKY2879BPhqbvK9AADptyfxFwXFCHpump,surge,1788511543.0,0.12735000000000007,middle,905.0,342.05,22,2549,0.0129,0.0137,0.8211,0.49,40,40,9,1.0,0.1111,0.3429,0.8889,0.00243,8,0.0,
BkXUS3F68ZQ5UQbgAgdsqQGq1Rvj6rqLtxyyHj4Wpump,surge,1788511861.0,-0.04805000000000004,middle,363.0,21402.85,1,566,0.3004,0.0177,0.2898,1.1842,40,37,21,0.9524,0.0952,1.8244,0.2857,0.05001,8,0.125,
2CJ9rFxo8wgoBT1FdDK54ULR883KkL2woyWZqy7Npump,surge,1788512596.0,0.1894499999999999,middle,1678.0,107613.62,40,0,,,,,,,,,,,,,,,window beyond page cap
3nhX5ETSNbV9VKLMrcEv2apyZQ6TUY6Reu99X1BKpump,surge,1788514079.0,0.0383,middle,1172.0,1787.07,14,2737,0.0007,0.0058,0.3339,0.2431,40,40,30,1.0,0.0333,2.4557,0.8667,0.000649,8,0.0,
FaVJEP9cWRzzcZsTEvxHfabtg8ydiJevrB2CirPLpump,wait120,1788514789.0,-0.0403,middle,422.0,46298.98,2,528,0.0417,0.036,0.2462,1.2828,40,37,23,1.0,0.0435,1.9753,0.2174,0.170039,8,0.0,
VbBPN4o4ZC8WgeeKTZzvmQoNMjpT3GSn2nRDoZnpump,surge,1788514789.0,0.0042999999999999705,middle,490.0,1460.33,8,577,0.0,0.0121,0.0381,0.4896,40,40,37,1.0,0.027,5.329,0.973,0.001902,8,0.0,
7Zddh63UHyTQNDDXhnjnua2VXP8rDcFoHVFoBKQbpump,surge,1788515310.0,0.12270000000000003,middle,714.0,49632.13,18,758,0.0079,0.0066,0.0818,0.5863,40,39,30,1.0,0.0333,1.4162,0.4,0.013411,8,0.625,
9c1WJc3UHbX6czi9133GaKtp9WTZdTUzYSVDpd2gpump,surge,1788515310.0,0.0798000000000001,middle,3197.0,800.52,24,6252,0.0002,0.0216,0.9557,0.6125,40,40,13,1.0,0.0769,0.5659,1.0,0.002214,8,0.0,
CvtkBQhKgXneKraxftGw4TAMxyhbEexHsdDyMzENEgDZ,surge,1788517583.0,0.2109000000000001,middle,1239.0,189103.71,11,2139,0.3843,0.0136,0.77,1.5969,40,39,25,0.96,0.08,1.5892,0.52,0.001932,8,0.0,
2eA95XeALhJazazsK59hNCw1rg9CNWncZrwiyyoWpump,liqctl,1788517583.0,-0.4718,middle,760.0,60436.32,40,10765,0.5627,0.0059,1.0,0.0,40,25,18,0.8889,0.1111,1.3132,0.1111,0.149682,8,0.0,
FbEh8uShb7foT18CnkVrYc7xboyGeyyjM2WWRUtWpump,wait120,1788518860.0,-0.051100000000000034,middle,2642.0,295200.96,14,7262,0.4528,0.0149,0.9696,0.2117,40,30,24,0.9167,0.0833,0.9505,0.0,0.363782,8,0.0,
EEokwXGkX1pH1ZZcYFyWxfbGCkntVkNmeRfRUw1pkbZB,liqctl,1788519690.0,0.5056,middle,620.0,210730.18,9,2936,0.4741,0.0072,0.782,1.355,40,40,30,0.9,0.1,1.1089,0.4333,1.470982,8,0.0,
4zu54Htuniz3qYL4Jf9cQFxZkQLVsFbKGtx5Mm5Tpump,surge,1788520656.0,0.03584999999999994,middle,347.0,3683.07,4,638,0.0078,0.0172,0.185,0.5504,40,39,28,0.5714,0.1071,2.64,0.4286,0.0265,8,0.0,
H5VFvA9gwCEUh1eMWqarB1JK4ufDbHeERehLmsEcpump,surge,1788521336.0,0.0472999999999999,middle,342.0,527422.28,4,408,0.0858,0.0441,0.1961,0.5177,40,36,23,0.7826,0.1304,3.0701,0.2609,0.1142,8,0.0,
6TzpyzP3B2MPPmKYay3fD3HLjigb2Efsn9Xkps4Qpump,surge,1788522280.0,0.29689999999999994,middle,989.0,67565.78,34,1246,0.0144,0.0088,0.1172,0.4027,40,40,34,1.0,0.0294,2.098,0.2647,0.05556,8,0.375,
BcPumLZsuXp2eg1P2PUqkhBKk7hhTr37zarE11opEqcc,liqctl,1788522622.0,0.23370000000000002,middle,353.0,35594.25,20,661,0.3177,0.0272,0.7443,5.8017,40,40,25,0.92,0.08,0.5354,0.08,0.46224,8,0.0,
FV61r4wbPBb397P9jiYQpJCASHWndBp61qH4Dj7xn3Hu,surge,1788523395.0,0.1902999999999999,middle,722.0,127810.65,11,1957,0.4808,0.0107,0.791,1.5329,40,40,30,0.9333,0.0667,1.6238,0.6667,0.002296,8,0.0,
BtcWgFAwhy6MBTwfZhxyn18H9iXBqs1ByqvXdvtaLrdf,surge,1788524131.0,-0.7339,middle,577.0,12574.27,6,912,0.136,0.0066,0.0658,0.5722,40,40,31,1.0,0.0323,1.5477,0.6452,0.001928,8,0.0,
AUdjEyu3gEd3CnCM6WbN1r6fhmuU9kVZscqXtqUHpump,surge,1788524131.0,0.0545500000000001,middle,342.0,3508.06,4,756,0.0106,0.0357,0.1852,0.6038,40,39,20,0.75,0.1,0.7141,0.25,0.070954,8,0.0,
51umrH1dodwRHiXGui9SrNs4GQLSZtpyfRV9t3nApump,liqctl,1788524378.0,-0.14005,middle,823.0,171764.51,7,3088,0.3462,0.0094,0.7568,0.5365,40,39,16,0.875,0.1875,1.1204,0.1875,0.334947,8,0.0,
C5E6SFJWzUd27qidVpZQj48f8CRjpdXgPm1pzmnJpump,surge,1788525881.0,0.01639999999999997,middle,923.0,301721.68,20,888,0.0383,0.0203,0.8446,0.5148,40,37,32,0.5625,0.125,2.3105,0.9688,0.001649,8,0.0,
7KkgU73L1eBejV9uB95WHimxsoG7NZLsnCV7GDMCpump,liqctl,1788526926.0,-0.42695000000000005,middle,771.0,89668.77,24,22138,0.6059,0.0113,0.979,0.6071,40,7,3,1.0,0.3333,1.2982,0.0,0.241233,3,0.0,
9CzNGAEutxKHJ5CwYC5Lk8X8YzgYrQnvKChP2BFEpump,liqctl,1788526926.0,0.6428,middle,2931.0,372710.85,40,0,,,,,,,,,,,,,,,window beyond page cap
DyZv9MMngB96HomWazbLU3faafLR5cz2VuzHCY1Qpump,launchctl,1788527614.0,-0.018199999999999994,middle,690.0,175344.36,4,1750,0.1034,0.0314,0.7,0.9915,40,34,10,1.0,0.1,0.9923,0.0,0.983182,8,0.0,
Aug6iiekkLBEU3a6N6pXoJx2i8EfKEt48c37aWiXpump,surge,1788527614.0,0.35125000000000006,middle,1958.0,48853.06,40,0,,,,,,,,,,,,,,,window beyond page cap
Ba4kjZ8o41JxgmrnTFUg9EtQJWbVYmMBhyxQLTEnpump,surge,1788528085.0,-0.02510000000000001,middle,3337.0,336977.07,7,5921,0.1601,0.0069,0.902,0.2298,40,36,27,1.0,0.037,0.9461,0.0,0.307189,8,0.0,
9GrpUvhKAeDRVuJ2rGkFokumDXQNRjTHxjkxJsGhV4Am,surge,1788528694.0,0.53485,middle,964.0,37061.89,9,943,0.2407,0.0159,0.2174,1.2546,40,40,29,1.0,0.0345,1.6627,0.6207,0.001928,8,0.0,
8kDBXMHJRUWDNznLnDkfMZkCi5VZuYSiWXjf5e3nQwWg,liqctl,1788529093.0,-0.022399999999999975,middle,572.0,68414.44,5,1412,0.2266,0.0276,0.5992,0.7619,40,39,26,0.9615,0.0769,1.1817,0.12,0.147262,8,0.0,
JsDXNy7nSgTg6ByKQFGFNaJRCX7ZXsuDoqcnZHvgaqz,surge,1788530591.0,0.53925,middle,1061.0,142187.92,10,1623,0.4609,0.0173,0.7843,1.4344,40,40,34,0.9706,0.0588,1.8166,0.6471,0.001927,8,0.0,
7oPBZEH9nh7F9EGRcCfqUsdz88WTZB4P7G5HhDATDKCM,surgeliq,1788530591.0,0.28180000000000005,middle,1110.0,201763.05,17,2877,0.5349,0.0136,0.8964,1.3684,40,40,35,0.9143,0.0571,1.1513,0.5429,0.002342,8,0.0,
HozAuyTygjRusJP1JdsfVWfrdJpuuFcWJYo2v6pF8Wyq,liqctl,1788530591.0,0.27315,middle,835.0,177201.31,10,1533,0.3659,0.0124,0.6419,2.0327,40,40,33,0.9697,0.0606,2.0012,0.6061,0.002303,8,0.0,
3pCfBG2gNWWwWbKEs7cxvPcvDtaQi7yh9qmVB2Cqpump,surge,1788531220.0,-0.69955,middle,1754.0,203471.72,13,3077,0.1124,0.0078,0.5518,0.2674,40,39,30,0.9667,0.0667,2.0946,0.5667,0.00785,8,0.0,
3cBMPxNX51L7oyK5Pzi8R7C4At4SccGWGHeWrqKYnmCF,liqctl,1788531220.0,-0.49105,middle,699.0,122533.88,17,5524,0.3648,0.0212,0.9252,2.0418,40,17,4,1.0,0.25,1.2632,0.0,1.175505,4,0.0,
45X9LsPU7T8kguTBqcaCJ6rxzVVxuQFsjDXZNy5jpump,surge,1788531389.0,0.34175,middle,356.0,8767.31,6,605,0.005,0.0116,0.0793,3.2428,40,39,24,0.7083,0.125,1.3359,0.3333,0.067587,8,0.0,
EA54QBL5HzTQSyKgURsPkyH4mrbssXCBb4xdFnNPWFtE,liqctl,1788531389.0,0.30105000000000004,middle,1280.0,109796.21,13,3486,0.4094,0.0092,0.9412,1.5203,40,40,30,1.0,0.0333,1.5554,0.5,0.007298,8,0.0,
5eCY2RV3xEYgAdjLg9dqfKSKqCXeMG8PNn47cVgXoTUC,liqctl,1788532827.0,-0.4635,middle,827.0,92701.0,16,8376,0.3841,0.0099,0.9438,0.4882,40,25,15,1.0,0.0667,2.2877,0.1333,0.117771,8,0.0,
BwfPU7kfVrWkaGoNXwSpibqTjuRFwmQWwYafXQtPpump,surge,1788534094.0,0.20690000000000008,middle,369.0,305366.88,40,0,,,,,,,,,,,,,,,window beyond page cap
F215BgbjEohrQXzYNCqGSXpmszQn7Nudk2qGwL4kpump,surge,1788534373.0,-0.33509999999999995,middle,1515.0,83766.14,12,2927,0.0687,0.0147,0.7882,0.7109,40,36,29,0.931,0.069,1.7314,0.5172,0.005575,8,0.0,
2kGoHWjgJuaTQRWC5zBwY6WxQDdUw69Wq5wHZegmsbQi,surgeliq,1788534373.0,0.12824999999999998,middle,386.0,64867.44,11,940,0.5309,0.0181,0.734,1.6267,40,39,29,0.8966,0.1034,1.4726,0.5862,0.001928,8,0.0,
2GAFpDSfotuULr2dRUZYtg85HBHy1PPY9VkbFAydV15m,surge,1788535615.0,0.36545000000000005,middle,509.0,14912.19,16,1447,0.1866,0.0041,0.0311,0.3346,40,40,28,0.9643,0.0714,1.6828,0.7143,0.001926,8,0.0,
D4XWN4GNzPrGstUnbJ7uqkKKb1pdKTaGEJ4QFEj6pump,liqctl,1788537410.0,-0.53,middle,1649.0,95889.7,40,0,,,,,,,,,,,,,,,window beyond page cap
9Pr6Y5MmE1Y6ZLkQmbM4g7GzncGdwCdxgSdsBR8Nazdo,surge,1788537954.0,-0.0027000000000000357,middle,546.0,5763.79,5,735,0.0544,0.0095,0.0259,0.385,40,40,36,1.0,0.0278,3.2215,0.9167,0.00192,8,0.0,
2RACpo9uvpfdxhsHmTPKufWAmSipwh7uQULb3kK6KyB4,liqctl,1788537954.0,-0.021950000000000025,middle,822.0,14083.47,5,2390,0.0623,0.0084,0.4176,0.35,40,39,21,1.0,0.0476,2.1025,0.381,0.069019,8,0.0,
4x8T7z8z2RtaTJtXA1BePHMFdwYUJTkikq1tb1FJQf62,liqctl,1788537954.0,0.2910999999999999,middle,568.0,297484.69,15,1620,0.3475,0.0093,0.316,1.132,40,40,15,0.9333,0.1333,0.9669,0.0,1.457218,8,0.0,
GDK9kvJVi9eyFjuSmW1hRP8q3V2gLLHuVLQ1PUTWpump,surge,1788538895.0,-0.02410000000000001,middle,501.0,9877.5,2,1044,0.3257,0.0201,0.5738,0.5712,40,40,30,1.0,0.0333,0.7775,0.1333,0.117845,8,0.5,
6zom8xrWeoHS6Z3MSyPspHgi1AoM1yif8JUFeUwmpump,surge,1788539399.0,0.27905,middle,561.0,37465.38,16,699,0.0072,0.0072,0.0258,0.5755,40,40,38,1.0,0.0263,1.6739,0.6842,0.010044,8,0.125,
4AvKTAuYZGkCzvzLbmyM69QrrTpmyQCZhT1wKRm292Dr,surge,1788539763.0,0.06509999999999994,middle,1243.0,239412.65,16,3302,0.4031,0.0121,0.9191,1.5281,40,40,31,0.9355,0.0645,2.0305,0.6452,0.001925,8,0.0,
B6DfUsHYvvDjunsCWFiYcJSNMghfW7W3Hr82wSGqpump,surge,1788540609.0,-0.04400000000000004,middle,513.0,24446.6,33,982,0.224,0.0102,0.0804,0.8072,40,40,28,0.9643,0.0714,2.682,0.6071,0.018943,8,0.0,
HLBm9EovjiN7H2TCZGE3vsbmadhzwvc6WhrRLBRypump,liqctl,1788540609.0,0.27335,middle,402.0,26802.63,16,1723,0.3894,0.0261,0.4614,0.7068,40,18,12,1.0,0.0833,0.9006,0.1667,0.115493,8,0.0,
B3ZRUJH6CqAXb31Lzt1rNo8JjVbdq1Ranw3YQapYb1p2,surge,1788541605.0,0.6777,middle,692.0,105713.5,19,1718,0.4633,0.0093,0.5227,1.5694,40,40,34,1.0,0.0294,1.8374,0.7059,0.0021,8,0.0,
sNAZdcSZsydcA1jYroGuzZBJ1XsrFzNGehUC8Ajpump,surge,1788541967.0,-0.005700000000000038,middle,434.0,1218.68,8,561,0.0588,0.025,0.0963,0.6274,40,38,37,1.0,0.027,0.0014,1.0,0.001902,8,0.0,
WynEWXhQn8G7hKGhoJ68bAtBmHnnDiSwBKqTWgYazo9,wait120,1788542699.0,-0.59275,middle,1080.0,56887.08,17,13970,0.8875,0.0153,0.9984,0.1017,40,35,22,0.9091,0.0909,1.7444,0.2727,0.10006,8,0.0,
FXjgjSHP9dRXAUry8z6hzNXh4YVRtFWsybGuuHvwGV61,liqctl,1788542965.0,-0.02949999999999997,middle,562.0,77548.19,7,2452,0.2231,0.0053,0.3259,0.3221,40,39,18,1.0,0.0556,1.3677,0.0,0.124798,8,0.0,
8noZATrhrhzHzPZkhm49CHA4brgeLFABM1bPTHb7kQSu,launchctl,1788544052.0,-0.02695000000000003,middle,424.0,19614.96,3,1868,0.0685,0.0086,0.2061,0.4753,40,38,23,0.9565,0.087,2.6948,0.087,0.068044,8,0.0,
