ts,mint,symbol,arm,entry_lag_s,mint_authority,freeze_authority,top1_share,top5_share,holders_sampled,decimals,danger,holders_error,price_impact_pct,quoted_out,sol_in_lamports,tx_count,tx_span_s,tx_per_min,tx_capped,slot_dense_share,sig_n5m,source,boosts,m5_buys,m5_sells,buy_ratio_m5,h1_buys,h1_sells,vol_m5_usd,vol_h1_usd,chg_m5_pct,chg_h1_pct,liquidity_usd,mentions_15m,mentions_1h,authors_1h,reach_1h,dev_buy_sol,has_telegram,has_twitter,has_website
1788748680,5wwPbfPwiHXbrejgX5qQeMh5t8Q5wPgH1fkEyyVYpump,STONKTRUMP,organic,4301.0,False,False,,,0,6,,,2.421714719826199,5157429622,18814189,1000,176,340.91,True,0.229,1000,boost,100,497,590,0.842,8174,6103,21859.09,403728.19,-1.88,108.0,54861.26,,,,,,,,
1788748680,5wwPbfPwiHXbrejgX5qQeMh5t8Q5wPgH1fkEyyVYpump,STONKTRUMP,hotctl,4301.0,False,False,,,0,6,,,1.022523017181616,5007741587,18814189,1000,176,340.91,True,0.229,1000,boost,100,497,590,0.842,8174,6103,21859.09,403728.19,-1.88,108.0,54861.26,,,,,,,,
1788748680,CTALnV64vd1dkMxvtsuBgoYVhzB8tZ1XyRQFNS3ppump,TRONK,hotctl,4201.0,False,False,,,0,6,,,0.9199747908060503,1533563658,18814189,1000,163,368.1,True,0.328,1000,boost,500,796,514,1.549,15172,10093,6025.6,2254706.74,2.27,156.0,105139.74,,,,,,,,
1788748680,7Y7V1a4m2nWK7BMgbka5B4vR1pDvCK7yva3Hnrqkraze,Nasduck,hotctl,6678.0,False,False,,,0,6,,,0.8111408505636906,528803920,18814189,1000,3,,True,1.0,1000,dex,0,877,752,1.166,15265,13625,205878.88,3230341.23,10.69,58.05,198015.19,,,,,,,,
1788748680,ATDSqisE3TUcuZQmkpGivybDdqFxY2RL1Vepjrpppump,Caviar,hotctl,308.0,False,False,,,0,6,,,1.3786922086629314,42194246160,18814189,1000,18,3333.33,True,1.0,1000,dex,0,353,352,1.003,939,806,34755.08,92678.51,122.0,832.0,,,,,,,,,
1788748680,5wwPbfPwiHXbrejgX5qQeMh5t8Q5wPgH1fkEyyVYpump,STONKTRUMP,organic1h,4301.0,False,False,,,0,6,,,2.169441898973517,4622431703,18814189,1000,176,340.91,True,0.229,1000,boost,100,497,590,0.842,8174,6103,21859.09,403728.19,-1.88,108.0,54861.26,,,,,,,,
1788748680,5wwPbfPwiHXbrejgX5qQeMh5t8Q5wPgH1fkEyyVYpump,STONKTRUMP,hotctl1h,4301.0,False,False,,,0,6,,,0.836153707302856,4625998489,18814189,1000,176,340.91,True,0.229,1000,boost,100,497,590,0.842,8174,6103,21859.09,403728.19,-1.88,108.0,54861.26,,,,,,,,
1788748680,CTALnV64vd1dkMxvtsuBgoYVhzB8tZ1XyRQFNS3ppump,TRONK,hotctl1h,4201.0,False,False,,,0,6,,,0.7994926675759444,1523771549,18814189,1000,163,368.1,True,0.328,1000,boost,500,796,514,1.549,15172,10093,6025.6,2254706.74,2.27,156.0,105139.74,,,,,,,,
1788748680,7Y7V1a4m2nWK7BMgbka5B4vR1pDvCK7yva3Hnrqkraze,Nasduck,hotctl1h,6678.0,False,False,,,0,6,,,1.554399338508011,524644559,18814189,1000,3,,True,1.0,1000,dex,0,877,752,1.166,15265,13625,205878.88,3230341.23,10.69,58.05,198015.19,,,,,,,,
1788748680,ATDSqisE3TUcuZQmkpGivybDdqFxY2RL1Vepjrpppump,Caviar,hotctl1h,308.0,False,False,,,0,6,,,1.1178715747213188,29199241515,18814189,1000,18,3333.33,True,1.0,1000,dex,0,353,352,1.003,939,806,34755.08,92678.51,122.0,832.0,,,,,,,,,
1788749065,CTALnV64vd1dkMxvtsuBgoYVhzB8tZ1XyRQFNS3ppump,TRONK,organic,4585.9,False,False,,,0,6,,,0.845625329603022,1488585382,18814189,1000,163,368.1,True,0.328,1000,boost,500,807,554,1.457,14309,9695,5882.65,1922324.28,1.56,93.9,105392.14,,,,,,,,
1788749065,38Hemrq1EwQizHr22389D3wtL3mpSX59FtDxDaCGcBty,BIG,organic,409.9,False,False,,,0,6,,,1.1592074534794072,39900773392,18814189,1000,465,129.03,True,0.0774,633,dex,0,489,139,3.518,555,166,2922.52,4205.57,-2.25,206.0,,,,,,,,,
1788749065,BNUsEB2PLUaWg5xWB7CFsTznfdvvxNh1g2kPDcqcqV7o,BIG,organic,475.9,False,False,,,0,6,,,1.1053118581711259,382844191406,18814189,1000,534,112.36,True,0.2532,316,dex,0,321,329,0.976,953,751,28471.55,77229.0,33.21,170.0,,,,,,,,,
1788749065,CXM2JBgD16FkidhFzkvkSGeettXNqav1x9ynxXeJjMxE,401k,hotctl,284.9,False,False,,,0,6,,,2.7258856611638,17768647708,18814189,1000,3,,True,1.0,1000,dex,0,961,811,1.185,1302,1069,75656.49,99358.76,45.75,51.35,20505.14,,,,,,,,
1788749065,Ag7wBndNw5Kp4UHz8PyhPbPJgATatqRD5yhk2dqfadn6,GOAT,hotctl,310.9,False,False,,,0,6,,,0.19830156146683928,88351251142,18814189,1000,224,267.86,True,0.479,1000,dex,0,1874,733,2.557,2559,973,169716.77,227611.67,12.48,59.85,24006.69,,,,,,,,
1788749065,8b9XCUW4UB9GLd1jspkyvVbHrnFEjvK8CfBnC8QM5Sy3,LMI,hotctl,372.9,False,False,,,0,6,,,1.560622343423183,54277262732,18814189,1000,94,638.3,True,0.821,1000,dex,0,1460,532,2.744,2107,640,145144.53,173982.3,117.0,268.0,35311.28,,,,,,,,
1788749065,amSLEcL6paeDuJ7VHVGDQfDNbg9XZ4fY5yDWu7LTSwx,SOL,hotctl,384.9,False,False,,,0,6,,,0.0,130964520413,18814189,1000,209,287.08,True,0.55,1000,dex,0,1257,712,1.765,1815,1051,238855.52,348381.87,-0.47,140.0,12593.93,,,,,,,,
1788749065,38Hemrq1EwQizHr22389D3wtL3mpSX59FtDxDaCGcBty,BIG,hotctl,409.9,False,False,,,0,6,,,1.129454833313227,41627716839,18814189,1000,465,129.03,True,0.0774,633,dex,0,489,139,3.518,555,166,2922.52,4205.57,-2.25,206.0,,,,,,,,,
1788749065,BNUsEB2PLUaWg5xWB7CFsTznfdvvxNh1g2kPDcqcqV7o,BIG,hotctl,475.9,False,False,,,0,6,,,0.0,445191470523,18814189,1000,534,112.36,True,0.2532,316,dex,0,321,329,0.976,953,751,28471.55,77229.0,33.21,170.0,,,,,,,,,
1788749065,44TQMRTZZ4ChzZFd4n3AFXozJBj7ZtmL3L8CDA6iESno,ᵃᵐᶜ,hotctl,496.9,False,False,,,0,6,,,1.224533268111061,300460849047,18814189,1000,599,100.17,True,0.25,220,dex,0,385,300,1.283,804,561,26401.67,59650.37,17.65,269.0,,,,,,,,,
1788749065,CTALnV64vd1dkMxvtsuBgoYVhzB8tZ1XyRQFNS3ppump,TRONK,organic1h,4585.9,False,False,,,0,6,,,1.755636016654423,1513784223,18814189,1000,163,368.1,True,0.328,1000,boost,500,807,554,1.457,14309,9695,5882.65,1922324.28,1.56,93.9,105392.14,,,,,,,,
1788749065,38Hemrq1EwQizHr22389D3wtL3mpSX59FtDxDaCGcBty,BIG,organic1h,409.9,False,False,,,0,6,,,1.1320698442494572,41585816899,18814189,1000,465,129.03,True,0.0774,633,dex,0,489,139,3.518,555,166,2922.52,4205.57,-2.25,206.0,,,,,,,,,
1788749065,BNUsEB2PLUaWg5xWB7CFsTznfdvvxNh1g2kPDcqcqV7o,BIG,organic1h,475.9,False,False,,,0,6,,,0.46371712423613637,507205212081,18814189,1000,534,112.36,True,0.2532,316,dex,0,321,329,0.976,953,751,28471.55,77229.0,33.21,170.0,,,,,,,,,
1788749065,CXM2JBgD16FkidhFzkvkSGeettXNqav1x9ynxXeJjMxE,401k,hotctl1h,284.9,False,False,,,0,6,,,4.39264122062928,18386392460,18814189,1000,3,,True,1.0,1000,dex,0,961,811,1.185,1302,1069,75656.49,99358.76,45.75,51.35,20505.14,,,,,,,,
1788749065,Ag7wBndNw5Kp4UHz8PyhPbPJgATatqRD5yhk2dqfadn6,GOAT,hotctl1h,310.9,False,False,,,0,6,,,0.1488144395597128,72165308083,18814189,1000,224,267.86,True,0.479,1000,dex,0,1874,733,2.557,2559,973,169716.77,227611.67,12.48,59.85,24006.69,,,,,,,,
1788749065,8b9XCUW4UB9GLd1jspkyvVbHrnFEjvK8CfBnC8QM5Sy3,LMI,hotctl1h,372.9,False,False,,,0,6,,,0.0,41294090070,18814189,1000,94,638.3,True,0.821,1000,dex,0,1460,532,2.744,2107,640,145144.53,173982.3,117.0,268.0,35311.28,,,,,,,,
1788749065,38Hemrq1EwQizHr22389D3wtL3mpSX59FtDxDaCGcBty,BIG,hotctl1h,409.9,False,False,,,0,6,,,2.8282247815258255,40869988144,18814189,1000,465,129.03,True,0.0774,633,dex,0,489,139,3.518,555,166,2922.52,4205.57,-2.25,206.0,,,,,,,,,
1788749065,BNUsEB2PLUaWg5xWB7CFsTznfdvvxNh1g2kPDcqcqV7o,BIG,hotctl1h,475.9,False,False,,,0,6,,,0.4498929769360034,507205212081,18814189,1000,534,112.36,True,0.2532,316,dex,0,321,329,0.976,953,751,28471.55,77229.0,33.21,170.0,,,,,,,,,
1788749065,44TQMRTZZ4ChzZFd4n3AFXozJBj7ZtmL3L8CDA6iESno,ᵃᵐᶜ,hotctl1h,496.9,False,False,,,0,6,,,2.154957881677718,265075895182,18814189,1000,599,100.17,True,0.25,220,dex,0,385,300,1.283,804,561,26401.67,59650.37,17.65,269.0,,,,,,,,,
1788749502,5eXvfpaezUDxgKZLefsUHwtAwjBPs7oYSMsmCTkZSwzg,Caviar,hotctl,409.3,False,False,,,0,6,,,0.0,140042630584,18754346,1000,229,262.01,True,0.484,1000,dex,0,542,462,1.173,917,762,124951.43,207602.2,14.69,38.0,22134.07,,,,,,,,
1788749502,5dDLGi6iFfPo1xGJjFK8jA3A9GGdp65mPqoANbfopump,CatGPT,hotctl,440.3,False,False,,,0,6,,,0.49752334318825764,9832979069,18754346,1000,4,,True,1.0,1000,dex,0,1932,2043,0.946,3629,3199,216862.99,362764.78,261.0,459.0,41597.18,,,,,,,,
1788749502,5eXvfpaezUDxgKZLefsUHwtAwjBPs7oYSMsmCTkZSwzg,Caviar,hotctl1h,409.3,False,False,,,0,6,,,0.5192010463681703,120781952505,18754346,1000,229,262.01,True,0.484,1000,dex,0,542,462,1.173,917,762,124951.43,207602.2,14.69,38.0,22134.07,,,,,,,,
1788749502,5dDLGi6iFfPo1xGJjFK8jA3A9GGdp65mPqoANbfopump,CatGPT,hotctl1h,440.3,False,False,,,0,6,,,0.9096887842530208,7526931840,18754346,1000,4,,True,1.0,1000,dex,0,1932,2043,0.946,3629,3199,216862.99,362764.78,261.0,459.0,41597.18,,,,,,,,
1788749772,HhbVqYcmUcePTFStwchWYhahoaqTMe81WFiKUXYHsX7h,CROU,hotctl,125.8,False,False,,,0,6,,,0.0,114288297019,18835319,1000,81,740.74,True,0.71,1000,dex,0,420,505,0.832,420,505,16329.24,16329.24,152.0,152.0,,,,,,,,,
1788749772,HhbVqYcmUcePTFStwchWYhahoaqTMe81WFiKUXYHsX7h,CROU,hotctl1h,125.8,False,False,,,0,6,,,0.07992780759405659,58270959886,18835319,1000,81,740.74,True,0.71,1000,dex,0,420,505,0.832,420,505,16329.24,16329.24,152.0,152.0,,,,,,,,,
1788749934,F8D7kqXEUmheGHefRm1WRReTVSUVQhxL9xfCrrfavCwv,CTO,hotctl,209.1,False,False,,,0,6,,,2.6668832621497653,56421907361,18906366,1000,19,3157.89,True,0.995,1000,dex,0,1374,1303,1.054,1374,1303,152871.94,152871.94,121.0,121.0,25365.02,,,,,2.0937,,,
1788749934,2w8FsWkqek2qk8B6SKK7oDwQzSMCQqREdnhfThMiDMXP,CatGPT,hotctl,146.1,False,False,,,0,6,,,0.4675288513979239,96639438263,18906366,1000,75,800.0,True,0.942,1000,dex,0,1086,678,1.602,1086,678,115170.55,115170.55,63.2,63.2,23507.56,,,,,,,,
1788749934,F8D7kqXEUmheGHefRm1WRReTVSUVQhxL9xfCrrfavCwv,CTO,hotctl1h,209.1,False,False,,,0,6,,,3.0083748057499204,101301626742,18906366,1000,19,3157.89,True,0.995,1000,dex,0,1374,1303,1.054,1374,1303,152871.94,152871.94,121.0,121.0,25365.02,,,,,2.0937,,,
1788749934,2w8FsWkqek2qk8B6SKK7oDwQzSMCQqREdnhfThMiDMXP,CatGPT,hotctl1h,146.1,False,False,,,0,6,,,0.0,62231162136,18906366,1000,75,800.0,True,0.942,1000,dex,0,1086,678,1.602,1086,678,115170.55,115170.55,63.2,63.2,23507.56,,,,,,,,
1788750181,HLp6Wz7Zp22fPbhBWZ6qMvEWbZiqaE3Q2GVPTLxcMWa7,CatGPT,organic,235.6,False,False,,,0,6,,,0.0,102798507768,18892254,833,372,134.35,False,0.0512,606,dex,0,461,162,2.846,461,162,7398.21,7398.21,100.0,100.0,,,,,,,,,
1788750181,AVVKSwWjQxkiK2crNyvzphYRi2EnHeCWeYLYrvVj11Qw,Henry,hotctl,146.6,False,False,,,0,6,,,0.0,97092943461,18892254,1000,93,645.16,True,0.854,1000,dex,0,1013,304,3.332,1013,304,55638.33,55638.33,84.87,84.87,28057.26,,,,,,,,
1788750181,CHjJCstDxytj76NVWe8kjgXEa9JdYjEDjeeiQJpPcegq,CTO,hotctl,234.6,False,False,,,0,6,,,0.33479004103460985,154036225995,18892254,1000,141,425.53,True,0.499,1000,dex,0,995,586,1.698,995,586,51139.29,51139.29,29.95,29.95,20942.35,,,,,,,,
1788750181,HLp6Wz7Zp22fPbhBWZ6qMvEWbZiqaE3Q2GVPTLxcMWa7,CatGPT,hotctl,235.6,False,False,,,0,6,,,0.3172430307362624,96820087664,18892254,833,372,134.35,False,0.0512,606,dex,0,461,162,2.846,461,162,7398.21,7398.21,100.0,100.0,,,,,,,,,
1788750181,HLp6Wz7Zp22fPbhBWZ6qMvEWbZiqaE3Q2GVPTLxcMWa7,CatGPT,organic1h,235.6,False,False,,,0,6,,,0.3136353925710047,96820087664,18892254,833,372,134.35,False,0.0512,606,dex,0,461,162,2.846,461,162,7398.21,7398.21,100.0,100.0,,,,,,,,,
1788750181,AVVKSwWjQxkiK2crNyvzphYRi2EnHeCWeYLYrvVj11Qw,Henry,hotctl1h,146.6,False,False,,,0,6,,,0.0473105280858281,94277967550,18892254,1000,93,645.16,True,0.854,1000,dex,0,1013,304,3.332,1013,304,55638.33,55638.33,84.87,84.87,28057.26,,,,,,,,
1788750181,CHjJCstDxytj76NVWe8kjgXEa9JdYjEDjeeiQJpPcegq,CTO,hotctl1h,234.6,False,False,,,0,6,,,1.7535671905920096,169474875599,18892254,1000,141,425.53,True,0.499,1000,dex,0,995,586,1.698,995,586,51139.29,51139.29,29.95,29.95,20942.35,,,,,,,,
1788750395,vbCEP73LcFsis9Dt3LBVt4TYDDe9xc8ABTmxSXCpump,OTC,hotctl,333.4,False,False,,,0,6,,,0.08791341321785454,83394071322,18900938,1000,269,223.05,True,0.317,1000,dex,0,621,554,1.121,621,554,51728.56,51728.56,269.0,269.0,,,,,,,,,
1788750395,9GGGhze1NnQwcABTzxdxx89BEFLFtDueHhkwh6japump,CatGPT,hotctl,1002.4,False,False,,,0,6,,,1.8536017103716127,3540677456,18900938,1000,1,,True,1.0,1000,dex,0,3416,2640,1.294,9321,7759,436258.56,1126083.11,47.15,998.0,60813.82,,,,,,,,
1788750395,3USfx9uuVj6rYVmurzsBmLzaLskcafNp2SPwGfY1pump,PILL,hotctl,166.4,False,False,,,0,6,,,3.991381909165223,513333908029,18900938,1000,309,194.17,True,0.7521,593,dex,0,376,375,1.003,376,375,42512.9,42512.9,4.12,4.12,,,,,,5.0,,,
1788750395,vbCEP73LcFsis9Dt3LBVt4TYDDe9xc8ABTmxSXCpump,OTC,hotctl1h,333.4,False,False,,,0,6,,,1.3810293718343394,55736896340,18900938,1000,269,223.05,True,0.317,1000,dex,0,621,554,1.121,621,554,51728.56,51728.56,269.0,269.0,,,,,,,,,
1788750395,9GGGhze1NnQwcABTzxdxx89BEFLFtDueHhkwh6japump,CatGPT,hotctl1h,1002.4,False,False,,,0,6,,,0.7203452023686158,3767040742,18900938,1000,1,,True,1.0,1000,dex,0,3416,2640,1.294,9321,7759,436258.56,1126083.11,47.15,998.0,60813.82,,,,,,,,
1788750395,3USfx9uuVj6rYVmurzsBmLzaLskcafNp2SPwGfY1pump,PILL,hotctl1h,166.4,False,False,,,0,6,,,3.9432745797398945,513333908029,18900938,1000,309,194.17,True,0.7521,593,dex,0,376,375,1.003,376,375,42512.9,42512.9,4.12,4.12,,,,,,5.0,,,
1788750623,3USfx9uuVj6rYVmurzsBmLzaLskcafNp2SPwGfY1pump,PILL,organic,394.2,False,False,,,0,6,,,1.7160406706127582,457271558144,18949014,1000,309,194.17,True,0.7521,593,dex,0,376,375,1.003,376,375,42512.9,42512.9,4.12,4.12,,,,,,5.0,,,
1788750623,CvZcuDiKXqkZfpvSYBH2cxnHWvVVYTg4fzTxV19ipAHw,DIGGER,organic,275.2,False,False,,,0,6,,,1.2675603186190683,515864254907,18949014,1000,450,133.33,True,0.1846,195,dex,0,387,321,1.206,387,321,26157.52,26157.52,45.57,45.57,,,,,,6.047,,,
1788750623,6NRBMWKtZsspiYiL1fpdfiZkMwgEfrE4opPxKJMf16Li,80085,hotctl,286.2,False,False,,,0,6,,,2.267996369016961,263772715452,18949014,1000,422,142.18,True,0.0989,435,dex,0,442,368,1.201,442,368,35668.23,35668.23,-0.38,-0.38,16148.3,,,,,,,,
1788750623,8WjyqQHv856Lc2phJ1Dd8gX8yoSmfZHLqjT8bY5g3wxW,CatGPT,hotctl,182.2,False,False,,,0,6,,,0.39860550502505804,110979454962,18949014,1000,144,416.67,True,0.987,1000,dex,0,992,522,1.9,992,522,84300.95,84300.95,83.39,83.39,24629.76,,,,,,,,
1788750623,6vQ3C5H9dovhDsxSZCDUAeddnxr6gBCUAruK1XRXvP12,S&P500,hotctl,156.2,False,False,,,0,6,,,0.0,184807508926,18949014,1000,321,186.92,True,0.451,909,dex,0,375,227,1.652,375,227,34158.49,34158.49,597.0,597.0,,,,,,3.0832,,,
1788750623,9VndogKFPm4bCe1SmAZM6RFnUvfS7hZD6rSxwdXyWZGa,Keel,hotctl,198.2,False,False,,,0,6,,,0.0,156211809558,18949014,1000,283,212.01,True,0.62,1000,dex,0,700,65,10.769,700,65,18537.18,18537.18,23.03,23.03,20022.42,,,,,,,,
1788750623,5dNGUxJWr81JxqM59tv87Mg9fRbtfEWxzhgpk4aopump,Inbox,hotctl,230.2,False,False,,,0,6,,,1.254373059366275,524100201979,18949014,1000,507,118.34,True,0.1754,211,dex,0,527,425,1.24,527,425,43265.42,43265.42,71.53,71.53,,,,,,4.0,,,
1788750623,CvZcuDiKXqkZfpvSYBH2cxnHWvVVYTg4fzTxV19ipAHw,DIGGER,hotctl,275.2,False,False,,,0,6,,,1.1850915544297609,516428691812,18949014,1000,450,133.33,True,0.1846,195,dex,0,387,321,1.206,387,321,26157.52,26157.52,45.57,45.57,,,,,,6.047,,,
1788750623,3USfx9uuVj6rYVmurzsBmLzaLskcafNp2SPwGfY1pump,PILL,organic1h,394.2,False,False,,,0,6,,,0.0,482888881932,18949014,1000,309,194.17,True,0.7521,593,dex,0,376,375,1.003,376,375,42512.9,42512.9,4.12,4.12,,,,,,5.0,,,
1788750623,CvZcuDiKXqkZfpvSYBH2cxnHWvVVYTg4fzTxV19ipAHw,DIGGER,organic1h,275.2,False,False,,,0,6,,,1.116961979498599,516428691812,18949014,1000,450,133.33,True,0.1846,195,dex,0,387,321,1.206,387,321,26157.52,26157.52,45.57,45.57,,,,,,6.047,,,
1788750623,6NRBMWKtZsspiYiL1fpdfiZkMwgEfrE4opPxKJMf16Li,80085,hotctl1h,286.2,False,False,,,0,6,,,2.453657537662835,273081292688,18949014,1000,422,142.18,True,0.0989,435,dex,0,442,368,1.201,442,368,35668.23,35668.23,-0.38,-0.38,16148.3,,,,,,,,
1788750623,8WjyqQHv856Lc2phJ1Dd8gX8yoSmfZHLqjT8bY5g3wxW,CatGPT,hotctl1h,182.2,False,False,,,0,6,,,0.0,91130537246,18949014,1000,144,416.67,True,0.987,1000,dex,0,992,522,1.9,992,522,84300.95,84300.95,83.39,83.39,24629.76,,,,,,,,
1788750623,6vQ3C5H9dovhDsxSZCDUAeddnxr6gBCUAruK1XRXvP12,S&P500,hotctl1h,156.2,False,False,,,0,6,,,2.7710909989536514,147121571853,18949014,1000,321,186.92,True,0.451,909,dex,0,375,227,1.652,375,227,34158.49,34158.49,597.0,597.0,,,,,,3.0832,,,
1788750623,9VndogKFPm4bCe1SmAZM6RFnUvfS7hZD6rSxwdXyWZGa,Keel,hotctl1h,198.2,False,False,,,0,6,,,0.0,150624836755,18949014,1000,283,212.01,True,0.62,1000,dex,0,700,65,10.769,700,65,18537.18,18537.18,23.03,23.03,20022.42,,,,,,,,
1788751018,Fo7LRQvaDNwgFL9JpyinJ1QQUeSXUeMt5sRyFwXKpump,ZCAT,hotctl,190.0,False,False,,,0,6,,,1.0872931652607303,20730543006,18983990,1000,55,1090.91,True,0.947,1000,dex,0,3429,1253,2.737,3435,1254,11317.93,17701.55,-27.15,113.0,24481.32,,,,,,,,
1788751018,F8EkRKxMr4bsyCzXA9jrhSwbPidQ9r2Gp2LczwYcovd2,UNKNOWN,hotctl,197.0,False,False,,,0,6,,,0.5651611371205228,143400878085,18983990,1000,126,476.19,True,0.637,1000,dex,0,1100,737,1.493,1102,737,70393.46,70604.48,44.77,48.17,22289.0,,,,,,,,
1788751018,7iX4rAQk2Qiuy8ToVir6HqseemgZsCPyMsh1Zf7Epump,pumpers,hotctl,130.0,False,False,,,0,6,,,0.0,108477835098,18983990,1000,183,327.87,True,0.783,1000,dex,0,337,254,1.327,337,254,33278.43,33278.43,301.0,301.0,,,,,,,,,
1788751163,8uKvPNbKp6XAUX2YBsfsTauHNXvfZhiXkHtGNbTfCG73,CatGPT,hotctl,170.7,False,False,,,0,6,,,0.41868105469857675,135561877741,18968554,1000,109,550.46,True,0.785,1000,dex,0,666,285,2.337,666,285,38928.24,38928.24,42.2,42.2,20241.62,,,,,,,,
1788751163,GScB5mN8XZzoEu7PFkszwoh1ztEhNJh7VCp96Py99iWK,Crap,hotctl,125.7,False,False,,,0,6,,,0.06417517016372727,133556929360,18968554,1000,144,416.67,True,0.754,1000,dex,0,426,257,1.658,426,257,32647.78,32647.78,257.0,257.0,,,,,,0.0,,,
1788751252,DPUqTHdEDDCf5bbeottUQxmdN3Fhf2TQndKfZLUCiZJf,CatGPT,hotctl,175.5,False,False,,,0,6,,,0.42894849709531285,141477407622,18968327,1000,148,405.41,True,0.712,1000,dex,0,793,615,1.289,793,615,152070.25,152070.25,50.05,50.05,22874.81,,,,,,,,
1788751252,GnbmbzqqbFXeo2WotmoTA1ve9iRQXHhfnw3pu12PJ5Fu,ABTC,hotctl,194.5,False,False,,,0,6,,,1.67816940186118,137928219738,18968327,1000,34,1764.71,True,0.953,1000,dex,0,2043,1932,1.057,2043,1932,203819.48,203819.48,-54.94,-54.94,10343.41,,,,,,,,
1788751354,4tEeeV5vC7CPMooexobRHXrFLH3icAyKVhXwt7TVB2Wj,ABTC,hotctl,125.6,False,False,,,0,6,,,0.126178868523861,175910479427,18979319,1000,163,368.1,True,0.648,1000,dex,0,432,427,1.012,432,427,78656.74,78656.74,24.44,24.44,20449.87,,,,,,,,
1788751354,7uYUWmZ4sYQNg9AarRfE33SEup3oP4J2449HdY3ypump,ABTC,hotctl,126.6,False,False,,,0,6,,,2.3480437176682534,41274160505,18979319,1000,19,3157.89,True,0.995,1000,dex,0,1167,927,1.259,1167,927,116487.67,116487.67,14.25,14.25,17447.87,,,,,3.0,,,
1788751354,8SXE8AQK25jQcZNGv2RvCLminxZAfUR8DuHpXYEV3u38,Crap,hotctl,147.6,False,False,,,0,6,,,3.459428896229514,213511395842,18979319,1000,62,967.74,True,0.99,1000,dex,0,803,416,1.93,803,416,144976.95,144976.95,48.24,48.24,9374.19,,,,,,,,
1788751354,Gr5ppm7UgGeXYNEVt8KsDbN1xyQRDvs8NFM7VnPrpump,NTDA,hotctl,151.6,False,False,,,0,6,,,0.02496122881051152,12989909,18979319,836,213,235.49,False,0.5144,836,dex,0,590,5,118.0,590,5,525420.99,525420.99,350709.0,350709.0,1066656.28,,,,,85.0054,,,
1788751354,4tEeeV5vC7CPMooexobRHXrFLH3icAyKVhXwt7TVB2Wj,ABTC,hotctl1h,125.6,False,False,,,0,6,,,0.0,169200615301,18979319,1000,163,368.1,True,0.648,1000,dex,0,432,427,1.012,432,427,78656.74,78656.74,24.44,24.44,20449.87,,,,,,,,
1788751448,AohmzJUd8v8acAXKWGgEhEJkUxNSaH189DPnMSpWpump,ABTC,organic,622.8,False,False,,,0,6,,,1.060455478312428,613793047938,18982772,1000,641,93.6,True,0.0667,60,dex,0,508,468,1.085,508,468,57271.55,57271.55,92.15,92.15,,,,,,,,,
1788751448,AohmzJUd8v8acAXKWGgEhEJkUxNSaH189DPnMSpWpump,ABTC,organic1h,622.8,False,False,,,0,6,,,1.0641881907403032,613793047938,18982772,1000,641,93.6,True,0.0667,60,dex,0,508,468,1.085,508,468,57271.55,57271.55,92.15,92.15,,,,,,,,,
1788751584,4nbPjawMvHE8YX1XLA4ssj4FMzziToAYs4sCzyxNM9K1,PUMPLIFE,hotctl,130.9,False,False,,,0,6,,,0.4439497765348922,104851955551,19020399,1000,108,555.56,True,0.866,1000,dex,0,1343,392,3.426,1343,392,78161.77,78161.77,76.13,76.13,27249.78,,,,,,,,
1788751742,4bTo9TofTKAiPcEDu6mev7aBDczARShaCv1PDCtUTRg7,Crap,hotctl,130.5,False,False,,,0,6,,,0.4890910610334377,112723420068,19009062,1000,154,389.61,True,0.615,1000,dex,0,502,188,2.67,502,188,84443.94,84443.94,17.5,17.5,19063.53,,,,,,,,
1788751742,5pCL2pBedfVqobb9RSmERvVGr2Q8cHJj2fXpZYLnpump,STONK,hotctl,174.5,False,False,,,0,6,,,2.8061512958336845,17819207948,19009062,1000,54,1111.11,True,0.941,1000,dex,0,2600,955,2.723,2600,955,13577.24,13577.24,145.0,145.0,26344.12,,,,,,,,
1788751831,Gd8otzU5JXnMjqp2FWvR8GdTpkdM8nszkfXx9zT5yYri,Keel,hotctl,215.6,False,False,,,0,6,,,0.0,148954517977,19007857,1000,221,271.49,True,0.452,1000,dex,0,937,93,10.075,937,93,30939.99,30939.99,42.29,42.29,21429.52,,,,,,,,
1788751926,9mcDK9MGgr4cMV2ECZ7iAPoB88Kfegn3SpzizYWLBxJ7,COINS,organic,177.6,False,False,,,0,6,,,0.053388908214659164,2898005481,19025433,1000,254,236.22,True,0.131,1000,dex,0,333,134,2.485,333,134,16797.95,16797.95,103.0,103.0,29260.01,,,,,,,,
1788751926,9mcDK9MGgr4cMV2ECZ7iAPoB88Kfegn3SpzizYWLBxJ7,COINS,hotctl,177.6,False,False,,,0,6,,,0.19442160328570413,2890738649,19025433,1000,254,236.22,True,0.131,1000,dex,0,333,134,2.485,333,134,16797.95,16797.95,103.0,103.0,29260.01,,,,,,,,
1788751926,3qe9MnUsJUUivJp2f4C8nSahmQSdDV1HqovPkxGgX4P1,TCAT,hotctl,155.6,False,False,,,0,6,,,1.6893169784584197,27112701182,19025433,1000,8,7500.0,True,1.0,1000,dex,0,1497,1068,1.402,1497,1068,111144.47,111144.47,71.83,71.83,21774.17,,,,,,,,
1788751926,9mcDK9MGgr4cMV2ECZ7iAPoB88Kfegn3SpzizYWLBxJ7,COINS,organic1h,177.6,False,False,,,0,6,,,0.02295775216024544,2882890379,19025433,1000,254,236.22,True,0.131,1000,dex,0,333,134,2.485,333,134,16797.95,16797.95,103.0,103.0,29260.01,,,,,,,,
1788752034,2zXgtNHHdc3UozgNkdizo3GBiR4ec6Ubi3wEfp3Dpump,BIRD,organic,264.5,False,False,,,0,6,,,1.4595648732818869,380194787307,19000285,643,320,120.56,False,0.1359,640,dex,0,340,224,1.518,340,224,19597.33,19597.33,132.0,132.0,,,,,,,,,
1788752034,2zXgtNHHdc3UozgNkdizo3GBiR4ec6Ubi3wEfp3Dpump,BIRD,hotctl,264.5,False,False,,,0,6,,,1.4467138574866591,380015439500,19000285,643,320,120.56,False,0.1359,640,dex,0,340,224,1.518,340,224,19597.33,19597.33,132.0,132.0,,,,,,,,,
1788752034,4FCZqyXatZXQsnwksXJSYx7EtDJibFzat9PujLUfpump,PONS,hotctl,361.5,False,False,,,0,6,,,0.38268388087924377,307031096094,19000285,1000,318,188.68,True,0.4756,778,dex,0,319,366,0.872,704,581,35038.82,61657.42,-58.82,77.95,,,,,,5.0,,,
1788752034,2zXgtNHHdc3UozgNkdizo3GBiR4ec6Ubi3wEfp3Dpump,BIRD,organic1h,264.5,False,False,,,0,6,,,0.0,406419937870,19000285,643,320,120.56,False,0.1359,640,dex,0,340,224,1.518,340,224,19597.33,19597.33,132.0,132.0,,,,,,,,,
1788752443,GX3JwuTNCuLGoGGuM8izMwhPfW7Zkhj2oagVAtnzgFJJ,zcat,organic,376.6,False,False,,,0,6,,,0.7008092698490342,147769428761,19028100,1000,362,165.75,True,0.0244,821,dex,0,426,284,1.5,560,362,23501.77,28886.48,24.02,35.08,21233.56,,,,,,,,
1788752443,FGNxuqbshFZ9JuxRynqeatrM93KEinTTVYXfw68Apump,WOFI,organic,391.6,False,False,,,0,6,,,0.13039722975547993,12906271,19028100,1000,423,141.84,True,0.0703,697,dex,0,411,19,21.632,573,21,5325.42,527899.9,1.23,353362.0,1068057.37,,,,,,,,
1788752443,GX3JwuTNCuLGoGGuM8izMwhPfW7Zkhj2oagVAtnzgFJJ,zcat,hotctl,376.6,False,False,,,0,6,,,0.0,147411582756,19028100,1000,362,165.75,True,0.0244,821,dex,0,426,284,1.5,560,362,23501.77,28886.48,24.02,35.08,21233.56,,,,,,,,
1788752443,5Xf3hrprffHnvjSP5cdKBoL9PK8yqEvhBncLzXkwnNVi,FIG,hotctl,387.6,False,False,,,0,6,,,0.5412441787817025,127830761657,19028100,1000,158,379.75,True,0.596,1000,dex,0,1091,908,1.202,1449,1185,223729.67,285053.0,24.83,68.49,24210.42,,,,,,,,
1788752443,GCzFJ98KGuwpHnNePa5qPDT6gK8oRG7AvHBGA5vDoKcX,Fartcoin2,hotctl,388.6,False,False,,,0,6,,,1.316930743072444,102181766839,19028100,1000,248,241.94,True,0.367,1000,dex,0,635,421,1.508,1079,696,40665.93,75326.18,14.85,229.0,,,,,,,,,
1788752443,FGNxuqbshFZ9JuxRynqeatrM93KEinTTVYXfw68Apump,WOFI,hotctl,391.6,False,False,,,0,6,,,0.13448213607623194,12904967,19028100,1000,423,141.84,True,0.0703,697,dex,0,411,19,21.632,573,21,5325.42,527899.9,1.23,353362.0,1068057.37,,,,,,,,
1788752443,GX3JwuTNCuLGoGGuM8izMwhPfW7Zkhj2oagVAtnzgFJJ,zcat,organic1h,376.6,False,False,,,0,6,,,0.08745250661465725,148746337234,19028100,1000,362,165.75,True,0.0244,821,dex,0,426,284,1.5,560,362,23501.77,28886.48,24.02,35.08,21233.56,,,,,,,,
1788752443,FGNxuqbshFZ9JuxRynqeatrM93KEinTTVYXfw68Apump,WOFI,organic1h,391.6,False,False,,,0,6,,,0.11224882989250307,12904501,19028100,1000,423,141.84,True,0.0703,697,dex,0,411,19,21.632,573,21,5325.42,527899.9,1.23,353362.0,1068057.37,,,,,,,,
1788752443,GX3JwuTNCuLGoGGuM8izMwhPfW7Zkhj2oagVAtnzgFJJ,zcat,hotctl1h,376.6,False,False,,,0,6,,,0.14108965799201312,150114889875,19028100,1000,362,165.75,True,0.0244,821,dex,0,426,284,1.5,560,362,23501.77,28886.48,24.02,35.08,21233.56,,,,,,,,
1788752443,5Xf3hrprffHnvjSP5cdKBoL9PK8yqEvhBncLzXkwnNVi,FIG,hotctl1h,387.6,False,False,,,0,6,,,0.27437132412290116,127063975967,19028100,1000,158,379.75,True,0.596,1000,dex,0,1091,908,1.202,1449,1185,223729.67,285053.0,24.83,68.49,24210.42,,,,,,,,
1788752443,GCzFJ98KGuwpHnNePa5qPDT6gK8oRG7AvHBGA5vDoKcX,Fartcoin2,hotctl1h,388.6,False,False,,,0,6,,,1.2927456110118491,101296390702,19028100,1000,248,241.94,True,0.367,1000,dex,0,635,421,1.508,1079,696,40665.93,75326.18,14.85,229.0,,,,,,,,,
1788752443,FGNxuqbshFZ9JuxRynqeatrM93KEinTTVYXfw68Apump,WOFI,hotctl1h,391.6,False,False,,,0,6,,,0.07690940773681532,12903895,19028100,1000,423,141.84,True,0.0703,697,dex,0,411,19,21.632,573,21,5325.42,527899.9,1.23,353362.0,1068057.37,,,,,,,,
1788752572,2vLqgLqNnVNBdATJYQ683ZVbgXXmXYL2yS8bi7gUatv2,TCAT,hotctl,320.3,False,False,,,0,6,,,0.0,73039136846,19030478,1000,179,335.2,True,0.309,1000,dex,0,1039,121,8.587,1355,208,70363.14,126175.93,23.13,104.0,25171.07,,,,,,,,
1788752671,FUd2tM5oNny7xZpSM8Eg2fnHUg2G8s1jyW8tkC14pump,SOS,hotctl,231.6,False,False,,,0,6,,,1.1042487706609923,109240081002,19051068,1000,221,271.49,True,0.391,1000,dex,0,631,438,1.441,631,438,51002.44,51002.44,375.0,375.0,,,,,,,,,
1788752671,AdNrxd6LDLKhvAbezVjd1zgaz24FkfuFQNkJt8dApump,STICKMAN,hotctl,246.6,False,False,,,0,6,,,0.8622082433686435,271807351,19051068,1000,135,444.44,True,0.753,1000,dex,0,2690,315,8.54,2715,317,750.74,106209.67,3.15,16669.0,231044.25,,,,,,,,
1788752671,F93JNDLA573ggqWsAMKfMSwiqWDkPrWNcdc8nW2epump,FX,hotctl,352.6,False,False,,,0,6,,,0.0,83785185749,19051068,1000,216,277.78,True,0.63,1000,dex,0,326,319,1.022,861,701,25521.49,66646.01,-22.92,-33.78,12624.09,,,,,,,,
1788752671,DtsPLj2LSW3mrybstm4hQYVT9MsA8pFBrGbH6uMQZMZ9,◎,hotctl,353.6,False,False,,,0,6,,,0.20389143860970327,153302464935,19051068,1000,140,428.57,True,0.32,1000,dex,0,1237,732,1.69,1709,1002,65576.02,90693.74,26.14,53.22,22647.97,,,,,,,,
1788752671,FE4VYqyBFcd7JEWLCMfHJ7fuszvgvU2DmX61da5prc6d,FIG,hotctl,385.6,False,False,,,0,6,,,1.0595110315501415,85175947742,19051068,1000,89,674.16,True,0.774,1000,dex,0,2015,748,2.694,2788,1040,167229.31,226199.37,56.06,101.0,32264.71,,,,,,,,
1788752671,GbxvXijYvxZJZxpc1TjosSmk59k3SwG4xg66Q3Yypump,QINU,hotctl,341.6,False,False,,,0,6,,,2.436199324111295,53568621464,19051068,1000,276,217.39,True,0.289,1000,dex,0,575,319,1.803,824,475,27234.93,51543.84,35.96,412.0,,,,,,,,,
1788752797,9pC2mZAsaNsHLxeAQvZNbi3GFrHHYz9qcw1rYDv9BKTJ,Alibaba,organic,304.6,False,False,,,0,6,,,0.4420619382681589,114926832258,19037918,842,336,150.36,False,0.0401,799,dex,0,496,196,2.531,516,204,18907.19,19663.64,16.86,28.98,28522.09,,,,,,,,
1788752797,9pC2mZAsaNsHLxeAQvZNbi3GFrHHYz9qcw1rYDv9BKTJ,Alibaba,hotctl,304.6,False,False,,,0,6,,,0.5229910333186722,115244384720,19037918,842,336,150.36,False,0.0401,799,dex,0,496,196,2.531,516,204,18907.19,19663.64,16.86,28.98,28522.09,,,,,,,,
1788752797,7ru4jSn2rtmui6ifSvfydNHvqSdhr58ugn7V1tNYpump,SCH,hotctl,318.6,False,False,,,0,6,,,2.491774448427139,114780725880,19037918,1000,100,600.0,True,0.696,1000,dex,0,1340,1169,1.146,1817,1467,81107.74,113152.98,-23.04,-52.27,10557.2,,,,,,,,
1788752797,AqzCJxZYFJkMTojWXNS2HBqFtf8CLTm7tZRy15rB5MMg,SCH,hotctl,279.6,False,False,,,0,6,,,0.0,153882393517,19037918,1000,150,400.0,True,0.613,1000,dex,0,913,929,0.983,920,929,181356.8,181569.37,21.75,43.46,22163.67,,,,,,,,
1788752797,9pC2mZAsaNsHLxeAQvZNbi3GFrHHYz9qcw1rYDv9BKTJ,Alibaba,organic1h,304.6,False,False,,,0,6,,,0.5953704794055212,113217780602,19037918,842,336,150.36,False,0.0401,799,dex,0,496,196,2.531,516,204,18907.19,19663.64,16.86,28.98,28522.09,,,,,,,,
1788752797,9pC2mZAsaNsHLxeAQvZNbi3GFrHHYz9qcw1rYDv9BKTJ,Alibaba,hotctl1h,304.6,False,False,,,0,6,,,0.5922071233401486,113217712476,19037918,842,336,150.36,False,0.0401,799,dex,0,496,196,2.531,516,204,18907.19,19663.64,16.86,28.98,28522.09,,,,,,,,
1788752797,7ru4jSn2rtmui6ifSvfydNHvqSdhr58ugn7V1tNYpump,SCH,hotctl1h,318.6,False,False,,,0,6,,,4.6855665058240525,121655349628,19037918,1000,100,600.0,True,0.696,1000,dex,0,1340,1169,1.146,1817,1467,81107.74,113152.98,-23.04,-52.27,10557.2,,,,,,,,
1788752797,AqzCJxZYFJkMTojWXNS2HBqFtf8CLTm7tZRy15rB5MMg,SCH,hotctl1h,279.6,False,False,,,0,6,,,0.46383939260340656,153543505879,19037918,1000,150,400.0,True,0.613,1000,dex,0,913,929,0.983,920,929,181356.8,181569.37,21.75,43.46,22163.67,,,,,,,,
1788752923,F93JNDLA573ggqWsAMKfMSwiqWDkPrWNcdc8nW2epump,FX,organic,604.6,False,False,,,0,6,,,3.130812618929342,212504000094,19021111,1000,216,277.78,True,0.63,1000,dex,0,326,319,1.022,861,701,25521.49,66646.01,-22.92,-33.78,12624.09,,,,,,,,
1788752923,AdNrxd6LDLKhvAbezVjd1zgaz24FkfuFQNkJt8dApump,STICKMAN,organic,498.6,False,False,,,0,6,,,0.2522757111711218,270605615,19021111,1000,135,444.44,True,0.753,1000,dex,0,2056,214,9.607,2754,323,824.53,106374.27,2.28,16754.0,231633.35,,,,,,,,
1788752923,71eCie2YjdgfybeEMvVRdYR27zarMf9xwx5ge4oLpump,CLM,hotctl,347.6,False,False,,,0,6,,,1.4722595931116627,66374832759,19021111,1000,121,495.87,True,0.612,1000,dex,0,474,307,1.544,591,398,38321.53,48105.82,183.0,517.0,,,,,,,,,
1788752923,F93JNDLA573ggqWsAMKfMSwiqWDkPrWNcdc8nW2epump,FX,organic1h,604.6,False,False,,,0,6,,,2.370635242946302,211140763470,19021111,1000,216,277.78,True,0.63,1000,dex,0,326,319,1.022,861,701,25521.49,66646.01,-22.92,-33.78,12624.09,,,,,,,,
1788752923,AdNrxd6LDLKhvAbezVjd1zgaz24FkfuFQNkJt8dApump,STICKMAN,organic1h,498.6,False,False,,,0,6,,,0.24704935279367918,270605594,19021111,1000,135,444.44,True,0.753,1000,dex,0,2056,214,9.607,2754,323,824.53,106374.27,2.28,16754.0,231633.35,,,,,,,,
1788752923,71eCie2YjdgfybeEMvVRdYR27zarMf9xwx5ge4oLpump,CLM,hotctl1h,347.6,False,False,,,0,6,,,0.0,69436105938,19021111,1000,121,495.87,True,0.612,1000,dex,0,474,307,1.544,591,398,38321.53,48105.82,183.0,517.0,,,,,,,,,
1788753004,7AkE4VNppHqJKU9Y4k3fP3V82oxEDsp3J9TyUqGFa3XJ,STINK,hotctl,120.9,False,False,,,0,6,,,0.0,7483834449,19046429,1000,108,555.56,True,0.559,1000,dex,0,535,533,1.004,535,533,9309.56,9309.56,31.5,31.5,,,,,,,,,
1788753122,7ru4jSn2rtmui6ifSvfydNHvqSdhr58ugn7V1tNYpump,SCH,organic,643.3,False,False,,,0,6,,,2.5054880940337028,390356797163,19048025,1000,100,600.0,True,0.696,1000,dex,0,1340,1169,1.146,1817,1467,81107.74,113152.98,-23.04,-52.27,10557.2,,,,,,,,
1788753122,H9aUiEoaB6BQ8jMiKNczNUx5gxsxTasNqcDba1gQ34e7,MicroFox,hotctl,170.3,False,False,,,0,6,,,1.3130911387285136,79867642739,19048025,1000,114,526.32,True,0.673,1000,dex,0,523,330,1.585,523,330,35735.33,35735.33,559.0,559.0,,,,,,3.0832,,,
1788753122,7ru4jSn2rtmui6ifSvfydNHvqSdhr58ugn7V1tNYpump,SCH,organic1h,643.3,False,False,,,0,6,,,0.0,444881545730,19048025,1000,100,600.0,True,0.696,1000,dex,0,1340,1169,1.146,1817,1467,81107.74,113152.98,-23.04,-52.27,10557.2,,,,,,,,
1788753122,H9aUiEoaB6BQ8jMiKNczNUx5gxsxTasNqcDba1gQ34e7,MicroFox,hotctl1h,170.3,False,False,,,0,6,,,0.0,83589581606,19048025,1000,114,526.32,True,0.673,1000,dex,0,523,330,1.585,523,330,35735.33,35735.33,559.0,559.0,,,,,,3.0832,,,
1788753229,E8tQXS3fXtQLgA5QosXiy3vuguazz4VWX7PqzUwhw3Ns,CLM,organic,192.4,False,False,,,0,6,,,2.336429335142981,85300385077,19048353,563,219,154.25,False,0.0906,563,dex,0,363,150,2.42,363,150,6995.57,6995.57,104.0,104.0,,,,,,,,,
1788753229,7wPhh6u5nPg55eQKV7MCicEW6EQCPytYKaXHL3CHRQfs,BYDUSDT,organic,351.4,False,False,,,0,6,,,0.0,26256243573,19048353,786,396,119.09,False,0.1844,629,dex,0,571,469,1.217,679,546,822549.96,950753.87,7.54,32.59,136635.88,,,,,,,,
1788753229,H7NofnpT8B9wWwpqXZ8TM4TeeLZKzkCUSFHEW7dBQkTi,QINU,organic,346.4,False,False,,,0,6,,,0.0,327129645426,19048353,1000,171,350.88,True,0.217,1000,dex,0,884,756,1.169,984,825,39955.19,45520.57,39.21,124.0,6956.26,,,,,,,,
1788753229,413PixvtdbEUhNXLQ2s5MJLhMzUXiZHbLiFKriQoVPk7,QINU,hotctl,204.4,False,False,,,0,6,,,0.6296877791955264,147633459218,19048353,1000,100,600.0,True,0.706,1000,dex,0,1230,500,2.46,1230,500,66202.36,66202.36,52.59,52.59,20965.05,,,,,,,,
1788753229,E8tQXS3fXtQLgA5QosXiy3vuguazz4VWX7PqzUwhw3Ns,CLM,hotctl,192.4,False,False,,,0,6,,,0.0,93960887678,19048353,563,219,154.25,False,0.0906,563,dex,0,363,150,2.42,363,150,6995.57,6995.57,104.0,104.0,,,,,,,,,
1788753229,7wPhh6u5nPg55eQKV7MCicEW6EQCPytYKaXHL3CHRQfs,BYDUSDT,hotctl,351.4,False,False,,,0,6,,,0.0,26419824539,19048353,786,396,119.09,False,0.1844,629,dex,0,571,469,1.217,679,546,822549.96,950753.87,7.54,32.59,136635.88,,,,,,,,
1788753229,H7NofnpT8B9wWwpqXZ8TM4TeeLZKzkCUSFHEW7dBQkTi,QINU,hotctl,346.4,False,False,,,0,6,,,1.0542667767851903,322218114150,19048353,1000,171,350.88,True,0.217,1000,dex,0,884,756,1.169,984,825,39955.19,45520.57,39.21,124.0,6956.26,,,,,,,,
1788753229,E8tQXS3fXtQLgA5QosXiy3vuguazz4VWX7PqzUwhw3Ns,CLM,organic1h,192.4,False,False,,,0,6,,,0.0,96849786842,19048353,563,219,154.25,False,0.0906,563,dex,0,363,150,2.42,363,150,6995.57,6995.57,104.0,104.0,,,,,,,,,
1788753229,7wPhh6u5nPg55eQKV7MCicEW6EQCPytYKaXHL3CHRQfs,BYDUSDT,organic1h,351.4,False,False,,,0,6,,,0.0,26338895282,19048353,786,396,119.09,False,0.1844,629,dex,0,571,469,1.217,679,546,822549.96,950753.87,7.54,32.59,136635.88,,,,,,,,
1788753229,H7NofnpT8B9wWwpqXZ8TM4TeeLZKzkCUSFHEW7dBQkTi,QINU,organic1h,346.4,False,False,,,0,6,,,0.0,348318917621,19048353,1000,171,350.88,True,0.217,1000,dex,0,884,756,1.169,984,825,39955.19,45520.57,39.21,124.0,6956.26,,,,,,,,
1788753229,413PixvtdbEUhNXLQ2s5MJLhMzUXiZHbLiFKriQoVPk7,QINU,hotctl1h,204.4,False,False,,,0,6,,,1.753423614177409,148330832052,19048353,1000,100,600.0,True,0.706,1000,dex,0,1230,500,2.46,1230,500,66202.36,66202.36,52.59,52.59,20965.05,,,,,,,,
1788753229,E8tQXS3fXtQLgA5QosXiy3vuguazz4VWX7PqzUwhw3Ns,CLM,hotctl1h,192.4,False,False,,,0,6,,,0.15269149759614206,95944355762,19048353,563,219,154.25,False,0.0906,563,dex,0,363,150,2.42,363,150,6995.57,6995.57,104.0,104.0,,,,,,,,,
1788753229,7wPhh6u5nPg55eQKV7MCicEW6EQCPytYKaXHL3CHRQfs,BYDUSDT,hotctl1h,351.4,False,False,,,0,6,,,0.0,26374472239,19048353,786,396,119.09,False,0.1844,629,dex,0,571,469,1.217,679,546,822549.96,950753.87,7.54,32.59,136635.88,,,,,,,,
1788753332,CUePR9W5ymFyQdGt1TUYdRpNVkzKtEiNzs1FrthPwUCr,SOS,hotctl,121.4,False,False,,,0,6,,,0.8000610573504269,99465753776,19048353,1000,85,705.88,True,0.812,1000,dex,0,935,275,3.4,935,275,55388.77,55388.77,78.95,78.95,27354.9,,,,,,,,
1788753535,FPwmXk6WFrxyyvTQfcMsaxZmJf8KReC49fv8HVp2w92j,CLM,hotctl,191.5,False,False,,,0,6,,,1.16475000601457,121983827552,19044487,1000,70,857.14,True,0.989,1000,dex,0,873,578,1.51,873,578,219429.01,219429.01,106.0,106.0,11190.9,,,,,,,,
1788753622,H9aUiEoaB6BQ8jMiKNczNUx5gxsxTasNqcDba1gQ34e7,MicroFox,organic,670.7,False,False,,,0,6,,,1.1249182062210155,445238672116,19044487,1000,494,121.46,True,0.2479,234,dex,0,725,436,1.663,725,436,44942.24,44942.24,499.0,499.0,,,,,,,,,
1788753622,77hnWjeRmoMMyBvKLVG2NfJ4ru5sXrB5HLPL7dg3Uq41,Alibaba,organic,146.7,False,False,,,0,6,,,0.0,133317086255,19044487,565,209,162.2,False,0.0956,565,dex,0,339,111,3.054,339,111,9516.67,9516.67,11.9,11.9,26544.28,,,,,,,,
1788753622,77hnWjeRmoMMyBvKLVG2NfJ4ru5sXrB5HLPL7dg3Uq41,Alibaba,hotctl,146.7,False,False,,,0,6,,,0.0,132616277354,19044487,565,209,162.2,False,0.0956,565,dex,0,339,111,3.054,339,111,9516.67,9516.67,11.9,11.9,26544.28,,,,,,,,
1788753622,4Kv6VrBippy2zk7sgt1Z77bVLcSUhzc2oebsW1XeNc9j,STINK,hotctl,156.7,False,False,,,0,6,,,0.25305036084419597,8255451909,19044487,1000,71,845.07,True,0.784,1000,dex,0,548,552,0.993,548,552,10054.26,10054.26,47.2,47.2,,,,,,,,,
1788753622,AuWKa4U7Gc345ukH1idkV5PUSRAoMPeWFSwurtf2pump,401jk,hotctl,239.7,False,False,,,0,6,,,0.9820237432104137,17295140936,19044487,1000,61,983.61,True,0.971,1000,dex,0,3547,364,9.745,3804,383,8998.57,16748.21,-25.29,158.0,27046.01,,,,,85.0054,,,
1788753622,H9aUiEoaB6BQ8jMiKNczNUx5gxsxTasNqcDba1gQ34e7,MicroFox,organic1h,670.7,False,False,,,0,6,,,1.1183056328788639,445215894435,19044487,1000,494,121.46,True,0.2479,234,dex,0,725,436,1.663,725,436,44942.24,44942.24,499.0,499.0,,,,,,,,,
1788753622,77hnWjeRmoMMyBvKLVG2NfJ4ru5sXrB5HLPL7dg3Uq41,Alibaba,organic1h,146.7,False,False,,,0,6,,,0.0,132618244511,19044487,565,209,162.2,False,0.0956,565,dex,0,339,111,3.054,339,111,9516.67,9516.67,11.9,11.9,26544.28,,,,,,,,
1788753622,77hnWjeRmoMMyBvKLVG2NfJ4ru5sXrB5HLPL7dg3Uq41,Alibaba,hotctl1h,146.7,False,False,,,0,6,,,0.2716095160509143,133280846559,19044487,565,209,162.2,False,0.0956,565,dex,0,339,111,3.054,339,111,9516.67,9516.67,11.9,11.9,26544.28,,,,,,,,
1788753758,Edd4a2XDwoJDV22hpQ5Spp5cb867tKr4TBt2mu7rSTNK,LMEOW,hotctl,198.5,False,False,,,0,6,,,4.296139085840258,171212260268,19066608,1000,311,192.93,True,0.4399,907,dex,0,323,199,1.623,476,324,24623.76,47134.26,-64.01,-76.2,9644.76,,,,,,,,
1788753758,BW8i4Y6ruWipmvRxFvWB7FgeJ6o6pGEKUnVap4t4vWXr,VICE,hotctl,143.5,False,False,,,0,6,,,0.0,143846204664,19066608,1000,194,309.28,True,0.444,1000,dex,0,1096,127,8.63,1096,127,43294.61,43294.61,48.82,48.82,21915.36,,,,,,,,
1788753758,3TMMhHLQWMgaUwmG8HpMb2X1dwTisLyzM2pgdUFzcFyR,FWOB,hotctl,135.5,False,False,,,0,6,,,1.3451245670377125,140668498199,19066608,1000,137,437.96,True,0.641,1000,dex,0,928,706,1.314,928,706,186029.14,186029.14,47.27,47.27,22374.18,,,,,,,,
1788753758,En3oyupgU4crCNpeQWBeEY6SFFtwoZmtWphYLH2xf4YN,NVIDEER,hotctl,170.5,False,False,,,0,6,,,2.423598615056541,184999933565,19066608,1000,152,394.74,True,0.479,1000,dex,0,964,880,1.095,1024,910,65284.96,68684.37,-78.29,-76.49,6847.62,,,,,,,,
1788753758,7feLDaJKRF3TxKYG651tv9z9qgHNy6Zv8M3ZWLhtJFuy,Doogle,hotctl,200.5,False,False,,,0,6,,,2.8212634275718274,75057452558,19066608,1000,168,357.14,True,0.658,1000,dex,0,830,531,1.563,830,531,52113.88,52113.88,461.0,461.0,,,,,,,,,
1788753928,F8dy7ahBYc7BvVK686YugPgUP1XCFS7vMGi6Z25xpump,seeker,hotctl,257.2,False,False,,,0,6,,,0.8591351435065114,578243575284,19067301,1000,235,255.32,True,0.808,1000,dex,0,343,351,0.977,343,351,37025.34,37025.34,6.14,6.14,,,,,,,,,
1788753928,AtgVopWQTnbh5tfrDf5PZQe3kUGEgu32E8aySggHVE1B,Elizabeth,hotctl,273.2,False,False,,,0,6,,,0.0,581876289461,19067301,1000,251,239.04,True,0.806,1000,dex,0,386,358,1.078,386,358,35110.9,35110.9,-31.71,-31.71,,,,,,,,,
1788754049,En3oyupgU4crCNpeQWBeEY6SFFtwoZmtWphYLH2xf4YN,NVIDEER,organic,461.4,False,False,,,0,6,,,2.272193386887837,420560367052,19058945,1000,152,394.74,True,0.479,1000,dex,0,829,698,1.188,1132,981,47330.03,72368.7,1.14,-61.31,9306.59,,,,,,,,
1788754049,pbJFoQ9yKVPdCHPvLj5eGtWA225ERQG9Hm5nEcMpump,Pweg,hotctl,259.4,False,False,,,0,6,,,1.9909936941992143,32175836669,19058945,1000,273,219.78,True,0.349,1000,dex,0,338,278,1.216,338,278,20431.84,20431.84,26.07,26.07,18081.47,,,,,,,,
1788754049,En3oyupgU4crCNpeQWBeEY6SFFtwoZmtWphYLH2xf4YN,NVIDEER,organic1h,461.4,False,False,,,0,6,,,1.6755112164130483,417637812141,19058945,1000,152,394.74,True,0.479,1000,dex,0,829,698,1.188,1132,981,47330.03,72368.7,1.14,-61.31,9306.59,,,,,,,,
1788754049,pbJFoQ9yKVPdCHPvLj5eGtWA225ERQG9Hm5nEcMpump,Pweg,hotctl1h,259.4,False,False,,,0,6,,,1.5599944534202153,31543374512,19058945,1000,273,219.78,True,0.349,1000,dex,0,338,278,1.216,338,278,20431.84,20431.84,26.07,26.07,18081.47,,,,,,,,
1788754129,Abp3XjmtHyewjoXNqDwXWLpuNZLaWCHMJpsgaeR7j3Sq,BYDUSDT,organic,161.7,False,False,,,0,6,,,0.3728614866789497,26238964432,19050148,377,208,108.75,False,0.2308,377,dex,0,340,266,1.278,340,266,456671.07,456671.07,28.13,28.13,132943.88,,,,,,,,
1788754129,Abp3XjmtHyewjoXNqDwXWLpuNZLaWCHMJpsgaeR7j3Sq,BYDUSDT,hotctl,161.7,False,False,,,0,6,,,0.0,26120781044,19050148,377,208,108.75,False,0.2308,377,dex,0,340,266,1.278,340,266,456671.07,456671.07,28.13,28.13,132943.88,,,,,,,,
1788754129,4FThiNTz3gAbby9Uhb7NcCu5HHfYJhcfiGjRJbVbkcat,jobcat,hotctl,156.7,False,False,,,0,6,,,1.956347251137112,264482957718,19050148,1000,112,535.71,True,0.665,1000,dex,0,928,857,1.083,928,857,72641.27,72641.27,-74.33,-74.33,7214.85,,,,,9.9,,,
1788754129,76MqiZkkejxSAD6uwtieyVgLHHkMn6hsGS7CPRmPk2ar,Starman,hotctl,287.7,False,False,,,0,6,,,0.0,683048187443034,19050148,1000,197,304.57,True,0.53,1000,dex,0,472,487,0.969,477,489,7491.75,9226.82,3.59,44.46,,,,,,,,,
1788754129,95RevCTCGcuxddBdTueHmS443KrVWnHuAjUxeo3apump,ETF,hotctl,230.7,False,False,,,0,6,,,1.4967132059663597,191212212893,19050148,1000,211,284.36,True,0.768,1000,dex,0,356,306,1.163,356,306,32683.12,32683.12,141.0,141.0,,,,,,5.0,,,
1788754129,Abp3XjmtHyewjoXNqDwXWLpuNZLaWCHMJpsgaeR7j3Sq,BYDUSDT,organic1h,161.7,False,False,,,0,6,,,0.0,26038786122,19050148,377,208,108.75,False,0.2308,377,dex,0,340,266,1.278,340,266,456671.07,456671.07,28.13,28.13,132943.88,,,,,,,,
1788754129,Abp3XjmtHyewjoXNqDwXWLpuNZLaWCHMJpsgaeR7j3Sq,BYDUSDT,hotctl1h,161.7,False,False,,,0,6,,,0.0,26038786122,19050148,377,208,108.75,False,0.2308,377,dex,0,340,266,1.278,340,266,456671.07,456671.07,28.13,28.13,132943.88,,,,,,,,
1788754129,4FThiNTz3gAbby9Uhb7NcCu5HHfYJhcfiGjRJbVbkcat,jobcat,hotctl1h,156.7,False,False,,,0,6,,,2.467076454551951,268064592442,19050148,1000,112,535.71,True,0.665,1000,dex,0,928,857,1.083,928,857,72641.27,72641.27,-74.33,-74.33,7214.85,,,,,9.9,,,
1788754129,76MqiZkkejxSAD6uwtieyVgLHHkMn6hsGS7CPRmPk2ar,Starman,hotctl1h,287.7,False,False,,,0,6,,,0.0,683048187443034,19050148,1000,197,304.57,True,0.53,1000,dex,0,472,487,0.969,477,489,7491.75,9226.82,3.59,44.46,,,,,,,,,
1788754129,95RevCTCGcuxddBdTueHmS443KrVWnHuAjUxeo3apump,ETF,hotctl1h,230.7,False,False,,,0,6,,,1.2634204760189913,197456419245,19050148,1000,211,284.36,True,0.768,1000,dex,0,356,306,1.163,356,306,32683.12,32683.12,141.0,141.0,,,,,,5.0,,,
1788754286,FzWcZSX5asoPVEATFwdQd95fXba1HUzncYnXZUWX4T1M,STONK,organic,312.2,False,False,,,0,6,,,0.9366977987538552,412954794,19062044,796,431,110.81,False,0.012,747,dex,0,491,73,6.726,575,114,13261.33,29678.53,8.63,37207.0,27975.52,,,,,,,,
1788754286,GdKDKXmo1Lh5Lm1JBqgV2DNEvQvHFfpigprmo52ViwGW,jobcat,hotctl,211.2,False,False,,,0,6,,,0.0,25052184093,19062044,1000,98,612.24,True,0.565,1000,dex,0,765,859,0.891,798,888,20293.25,21776.85,36.34,302.0,,,,,,,,,
1788754286,4MTEXsB4nzhFe3XshvQzE3jqQtu5fsSpGcH9xN9WNryb,jobcat,hotctl,198.2,False,False,,,0,6,,,0.19746114575399332,23526704346,19062044,1000,141,425.53,True,0.684,1000,dex,0,1965,262,7.5,2327,306,173087.52,211980.78,38.84,688.0,26258.96,,,,,,,,
1788754286,FzWcZSX5asoPVEATFwdQd95fXba1HUzncYnXZUWX4T1M,STONK,hotctl,312.2,False,False,,,0,6,,,0.27395173924638905,409234223,19062044,796,431,110.81,False,0.012,747,dex,0,491,73,6.726,575,114,13261.33,29678.53,8.63,37207.0,27975.52,,,,,,,,
1788754286,FzWcZSX5asoPVEATFwdQd95fXba1HUzncYnXZUWX4T1M,STONK,organic1h,312.2,False,False,,,0,6,,,0.27306102880499206,409233745,19062044,796,431,110.81,False,0.012,747,dex,0,491,73,6.726,575,114,13261.33,29678.53,8.63,37207.0,27975.52,,,,,,,,
1788754286,GdKDKXmo1Lh5Lm1JBqgV2DNEvQvHFfpigprmo52ViwGW,jobcat,hotctl1h,211.2,False,False,,,0,6,,,0.0,29739694502,19062044,1000,98,612.24,True,0.565,1000,dex,0,765,859,0.891,798,888,20293.25,21776.85,36.34,302.0,,,,,,,,,
1788754461,VikNr6ZhxMV8Wf2KWknPtkwe9Y3NmKXDCrUknmwpump,IPG,hotctl,120.0,False,False,,,0,6,,,3.5333997680797444,159123716308,19070138,1000,125,480.0,True,0.62,1000,dex,0,1026,858,1.196,1026,858,86890.87,86890.87,-64.36,-64.36,8856.24,,,,,,,,
1788754461,FY4ZYVstDp7T1VV8gUJBd1h8aFnZCDE6kLWL12vgpump,IPG,hotctl,122.0,False,False,,,0,6,,,4.711023042726286,138788050849,19070138,1000,95,631.58,True,0.752,1000,dex,0,543,574,0.946,543,574,57394.2,57394.2,354.0,354.0,,,,,,5.0,,,
1788754461,2UcBL7QvEcqGjxdaxCFp3bvNAGah8fME6MwGjM2yNVDA,QINU,hotctl,150.0,False,False,,,0,6,,,0.6084976504321397,49104532113,19070138,1000,292,205.48,True,0.339,1000,dex,0,324,245,1.322,324,245,25468.51,25468.51,9.18,9.18,16161.62,,,,,,,,
1788754461,FbmuFULC1r5LBDFajnFsZ1RQMBcPryNiVCghLKa5XRK7,ZILLIONS,hotctl,184.0,False,False,,,0,6,,,3.429177524614054,81869387403,19070138,1000,96,625.0,True,0.576,1000,dex,0,639,877,0.729,639,877,22268.33,22268.33,99.61,99.61,,,,,,,,,
1788754461,94fJ6LHW8C8pcGuNSLmuHwjKVhChR5yrWjpGghbkKv8i,Doogle,hotctl,281.0,False,False,,,0,6,,,0.0,156331081501,19070138,1000,148,405.41,True,0.383,1000,dex,0,1033,629,1.642,1312,779,56134.47,70492.11,14.73,38.13,21416.18,,,,,,,,
1788754461,VikNr6ZhxMV8Wf2KWknPtkwe9Y3NmKXDCrUknmwpump,IPG,hotctl1h,120.0,False,False,,,0,6,,,2.6133721942511015,160824008213,19070138,1000,125,480.0,True,0.62,1000,dex,0,1026,858,1.196,1026,858,86890.87,86890.87,-64.36,-64.36,8856.24,,,,,,,,
1788754461,FY4ZYVstDp7T1VV8gUJBd1h8aFnZCDE6kLWL12vgpump,IPG,hotctl1h,122.0,False,False,,,0,6,,,1.820728492312311,134085575599,19070138,1000,95,631.58,True,0.752,1000,dex,0,543,574,0.946,543,574,57394.2,57394.2,354.0,354.0,,,,,,5.0,,,
1788754461,2UcBL7QvEcqGjxdaxCFp3bvNAGah8fME6MwGjM2yNVDA,QINU,hotctl1h,150.0,False,False,,,0,6,,,4.077928060300949,50157103989,19070138,1000,292,205.48,True,0.339,1000,dex,0,324,245,1.322,324,245,25468.51,25468.51,9.18,9.18,16161.62,,,,,,,,
1788754690,2UcBL7QvEcqGjxdaxCFp3bvNAGah8fME6MwGjM2yNVDA,QINU,organic,379.4,False,False,,,0,6,,,2.1601056553424134,72421233457,19035384,1000,292,205.48,True,0.339,1000,dex,0,324,245,1.322,324,245,25468.51,25468.51,9.18,9.18,16161.62,,,,,,,,
1788754690,81movySmxNJ1TjB4Cz7G8cCmLGmWjxUS5DURKWG7cARU,P,hotctl,157.4,False,False,,,0,6,,,0.0,94452456195,19035384,1000,90,666.67,True,0.826,1000,dex,0,1151,349,3.298,1151,349,65478.34,65478.34,92.89,92.89,28417.98,,,,,,,,
1788754690,25nMLvYypwuBova1PkrkYjqu26VtG2tmCSUznXBLpump,Todd,hotctl,163.4,False,False,,,0,6,,,0.31372705648565513,223799280,19035384,1000,58,1034.48,True,0.894,1000,dex,0,1674,188,8.904,1674,188,118168.92,118168.92,20267.0,20267.0,254633.34,,,,,,,,
1788754690,9Q3gyfWpC6mx3zUvoTZyiNJM7A3i7XcGLN3TupMjpump,401jk,hotctl,179.4,False,False,,,0,6,,,0.6054119905753952,594903248048,19035384,1000,188,319.15,True,0.726,1000,dex,0,368,359,1.025,368,359,29071.79,29071.79,18.23,18.23,,,,,,0.1,,,
1788754690,9YevNMYrDnaFYAy1J3m4jHyZHvBVJaMrCy2p1nveZmYZ,memestock,hotctl,124.4,False,False,,,0,6,,,1.6487598595603787,53394107142,19035384,1000,98,612.24,True,0.576,1000,dex,0,527,525,1.004,527,525,12470.76,12470.76,163.0,163.0,,,,,,,,,
1788754690,2UcBL7QvEcqGjxdaxCFp3bvNAGah8fME6MwGjM2yNVDA,QINU,organic1h,379.4,False,False,,,0,6,,,1.5285591707992081,72661565475,19035384,1000,292,205.48,True,0.339,1000,dex,0,324,245,1.322,324,245,25468.51,25468.51,9.18,9.18,16161.62,,,,,,,,
1788754690,81movySmxNJ1TjB4Cz7G8cCmLGmWjxUS5DURKWG7cARU,P,hotctl1h,157.4,False,False,,,0,6,,,4.704184287606835,92426087013,19035384,1000,90,666.67,True,0.826,1000,dex,0,1151,349,3.298,1151,349,65478.34,65478.34,92.89,92.89,28417.98,,,,,,,,
1788754858,BXXdg8xn6wGzvq1P7Gsn8vR6JWFoXynYKGbRzu6Qyfw5,Meowcrosoft,hotctl,190.1,False,False,,,0,6,,,0.0,149383306982,19016411,1000,114,526.32,True,0.745,1000,dex,0,626,468,1.338,626,468,42091.03,42091.03,194.0,194.0,,,,,,,,,
1788754858,BXXdg8xn6wGzvq1P7Gsn8vR6JWFoXynYKGbRzu6Qyfw5,Meowcrosoft,hotctl1h,190.1,False,False,,,0,6,,,2.0295144460716443,146197633430,19016411,1000,114,526.32,True,0.745,1000,dex,0,626,468,1.338,626,468,42091.03,42091.03,194.0,194.0,,,,,,,,,
1788754944,aXMKT8wZ6pdWhFk7WeMihQgAugaL39WXUZHbedwpump,IOAF,organic,159.8,False,False,,,0,6,,,0.23015681347667194,236500613,19020081,728,214,204.11,False,0.1909,728,dex,0,586,9,65.111,586,9,114896.46,114896.46,19190.0,19190.0,247992.54,,,,,,,,
1788754944,8LAMREamh4bG2iL8fhTuyFc8XKCpxVNP8ZBw91nwQ4GH,CatGPT,hotctl,142.8,False,False,,,0,6,,,0.0,293906825200,19020081,1000,112,535.71,True,0.704,1000,dex,0,771,165,4.673,771,165,58946.49,58946.49,-13.16,-13.16,7051.31,,,,,,,,
1788754944,aXMKT8wZ6pdWhFk7WeMihQgAugaL39WXUZHbedwpump,IOAF,hotctl,159.8,False,False,,,0,6,,,0.2358903221626824,236498231,19020081,728,214,204.11,False,0.1909,728,dex,0,586,9,65.111,586,9,114896.46,114896.46,19190.0,19190.0,247992.54,,,,,,,,
1788754944,aXMKT8wZ6pdWhFk7WeMihQgAugaL39WXUZHbedwpump,IOAF,organic1h,159.8,False,False,,,0,6,,,0.24271226944695398,236498231,19020081,728,214,204.11,False,0.1909,728,dex,0,586,9,65.111,586,9,114896.46,114896.46,19190.0,19190.0,247992.54,,,,,,,,
1788754944,8LAMREamh4bG2iL8fhTuyFc8XKCpxVNP8ZBw91nwQ4GH,CatGPT,hotctl1h,142.8,False,False,,,0,6,,,0.0,293904988943,19020081,1000,112,535.71,True,0.704,1000,dex,0,771,165,4.673,771,165,58946.49,58946.49,-13.16,-13.16,7051.31,,,,,,,,
1788754944,aXMKT8wZ6pdWhFk7WeMihQgAugaL39WXUZHbedwpump,IOAF,hotctl1h,159.8,False,False,,,0,6,,,0.2502964262744981,236498231,19020081,728,214,204.11,False,0.1909,728,dex,0,586,9,65.111,586,9,114896.46,114896.46,19190.0,19190.0,247992.54,,,,,,,,
1788755065,C4BWXWratnu33o5gmDvF4RC3U8VA5xmqX86q4egTrize,Kitty,hotctl,143.6,False,False,,,0,6,,,0.0,123507434211,18998135,1000,88,681.82,True,0.82,1000,dex,0,550,294,1.871,550,294,46275.85,46275.85,556.0,556.0,,,,,,1.0,,,
1788755065,GF42fnDBAWXfM8wXSj3YFBqTRbvYgHqQNsEJt2pivKwD,PO₄³,hotctl,178.6,False,False,,,0,6,,,0.0,28869653439,18998135,1000,84,714.29,True,0.645,1000,dex,0,423,526,0.804,423,526,16154.7,16154.7,305.0,305.0,,,,,,,,,
1788755065,8QtjLVFYPCLc8ETPjD7Waa6GLNP7AXchUWuYmd5AHMSJ,PXLA,hotctl,184.6,False,False,,,0,6,,,0.5508364799175848,53038461594,18998135,1000,93,645.16,True,0.609,1000,dex,0,567,776,0.731,567,776,21978.55,21978.55,118.0,118.0,,,,,,,,,
1788755065,C4BWXWratnu33o5gmDvF4RC3U8VA5xmqX86q4egTrize,Kitty,hotctl1h,143.6,False,False,,,0,6,,,1.671552849552568,120344234999,18998135,1000,88,681.82,True,0.82,1000,dex,0,550,294,1.871,550,294,46275.85,46275.85,556.0,556.0,,,,,,1.0,,,
1788755065,GF42fnDBAWXfM8wXSj3YFBqTRbvYgHqQNsEJt2pivKwD,PO₄³,hotctl1h,178.6,False,False,,,0,6,,,1.5204785303843946,30188427996,18998135,1000,84,714.29,True,0.645,1000,dex,0,423,526,0.804,423,526,16154.7,16154.7,305.0,305.0,,,,,,,,,
1788755065,8QtjLVFYPCLc8ETPjD7Waa6GLNP7AXchUWuYmd5AHMSJ,PXLA,hotctl1h,184.6,False,False,,,0,6,,,0.0,53606210017,18998135,1000,93,645.16,True,0.609,1000,dex,0,567,776,0.731,567,776,21978.55,21978.55,118.0,118.0,,,,,,,,,
1788755174,7FQh1oS6DrHP5ZQLMgLzovHtc1evEyU1vhPdoHHTT9PP,Doogle,hotctl,225.6,False,False,,,0,6,,,0.29546969957613334,174776934760,19013292,1000,181,331.49,True,0.356,1000,dex,0,593,355,1.67,593,355,30334.57,30334.57,16.87,16.87,19653.52,,,,,,,,
1788755174,7FQh1oS6DrHP5ZQLMgLzovHtc1evEyU1vhPdoHHTT9PP,Doogle,hotctl1h,225.6,False,False,,,0,6,,,0.0,178073870082,19013292,1000,181,331.49,True,0.356,1000,dex,0,593,355,1.67,593,355,30334.57,30334.57,16.87,16.87,19653.52,,,,,,,,
1788755389,8Kj7SvkLLpiE9AtUvFcub6x1ugEk4JSp4wAR7YasNZLh,Starman,hotctl,124.7,False,False,,,0,6,,,0.0,67856553038,19024591,1000,75,800.0,True,0.768,1000,dex,0,415,561,0.74,415,561,15699.8,15699.8,226.0,226.0,,,,,,,,,
1788755389,5hZkN5aXYcBC9Wui8sQaC3XhiqgJerr9BQnqmfNK22jF,STONKER,hotctl,229.7,False,False,,,0,6,,,0.0,27276040995,19024591,896,869,61.86,False,0.2702,818,dex,0,346,292,1.185,346,292,58227.75,58227.75,102.0,102.0,25042.12,,,,,,,,
1788755389,AyupS9zCwbCD3tEUi8rq52Rhpnw3EDu7bjsxUYRF5YgR,QINU,hotctl,232.7,False,False,,,0,6,,,4.297380013917951,41950963297,19024591,1000,95,631.58,True,0.602,1000,dex,0,707,745,0.949,707,745,17857.18,17857.18,198.0,198.0,,,,,,,,,
1788755389,7qL5TC9qLw6g4v6sjKDWn7yDmavQ5E5JaYtgWeH7pump,peepeepoopoo,hotctl,142.7,False,False,,,0,6,,,0.0,52067866497,19024591,1000,15,4000.0,True,0.994,1000,dex,0,1295,974,1.33,1295,974,113176.11,113176.11,15.73,15.73,17474.6,,,,,,,,
1788755389,8Kj7SvkLLpiE9AtUvFcub6x1ugEk4JSp4wAR7YasNZLh,Starman,hotctl1h,124.7,False,False,,,0,6,,,4.109350185421157,47456084408,19024591,1000,75,800.0,True,0.768,1000,dex,0,415,561,0.74,415,561,15699.8,15699.8,226.0,226.0,,,,,,,,,
1788755389,5hZkN5aXYcBC9Wui8sQaC3XhiqgJerr9BQnqmfNK22jF,STONKER,hotctl1h,229.7,False,False,,,0,6,,,2.8902857103230293,27274780047,19024591,896,869,61.86,False,0.2702,818,dex,0,346,292,1.185,346,292,58227.75,58227.75,102.0,102.0,25042.12,,,,,,,,
1788755389,AyupS9zCwbCD3tEUi8rq52Rhpnw3EDu7bjsxUYRF5YgR,QINU,hotctl1h,232.7,False,False,,,0,6,,,0.0,42843388632,19024591,1000,95,631.58,True,0.602,1000,dex,0,707,745,0.949,707,745,17857.18,17857.18,198.0,198.0,,,,,,,,,
1788755389,7qL5TC9qLw6g4v6sjKDWn7yDmavQ5E5JaYtgWeH7pump,peepeepoopoo,hotctl1h,142.7,False,False,,,0,6,,,1.9392071019878294,48206026422,19024591,1000,15,4000.0,True,0.994,1000,dex,0,1295,974,1.33,1295,974,113176.11,113176.11,15.73,15.73,17474.6,,,,,,,,
1788755469,5hZkN5aXYcBC9Wui8sQaC3XhiqgJerr9BQnqmfNK22jF,STONKER,organic,309.4,False,False,,,0,6,,,3.6499624962356,21229337748,19029246,896,869,61.86,False,0.2702,818,dex,0,346,292,1.185,346,292,58227.75,58227.75,102.0,102.0,25042.12,,,,,,,,
1788755469,5hZkN5aXYcBC9Wui8sQaC3XhiqgJerr9BQnqmfNK22jF,STONKER,organic1h,309.4,False,False,,,0,6,,,3.8006286502266775,21195618068,19029246,896,869,61.86,False,0.2702,818,dex,0,346,292,1.185,346,292,58227.75,58227.75,102.0,102.0,25042.12,,,,,,,,
1788755588,GwVyo1xFJieoATryLJHRPQFTYGwYTvUNHrEp1YYQpump,peepeepoopoo,hotctl,237.6,False,False,,,0,6,,,1.3518996219187724,405701389611,19037196,1000,140,428.57,True,0.738,1000,dex,0,364,278,1.309,364,278,44718.51,44718.51,148.0,148.0,,,,,,,,,
1788755588,EMtAAfHzPpKdKWHHh185Z3X72x1Kbdkw7KWyZ21q47zy,WALLET,hotctl,138.6,False,False,,,0,6,,,1.0664379047917971,58353836304,19037196,1000,100,600.0,True,0.594,1000,dex,0,401,539,0.744,401,539,13328.65,13328.65,127.0,127.0,,,,,,,,,
1788755588,Bw9UyQvQ8mKvt1TXPcZ8yUQdVwtCCVuDbN9jhw9ik8v3,cyberbeer,hotctl,166.6,False,False,,,0,6,,,0.7972915905930597,118740018104,19037196,1000,81,740.74,True,0.977,1000,dex,0,1155,584,1.978,1155,584,94909.25,94909.25,60.23,60.23,22913.78,,,,,,,,
1788755588,GwVyo1xFJieoATryLJHRPQFTYGwYTvUNHrEp1YYQpump,peepeepoopoo,hotctl1h,237.6,False,False,,,0,6,,,1.4590354969516237,406937517257,19037196,1000,140,428.57,True,0.738,1000,dex,0,364,278,1.309,364,278,44718.51,44718.51,148.0,148.0,,,,,,,,,
1788755588,EMtAAfHzPpKdKWHHh185Z3X72x1Kbdkw7KWyZ21q47zy,WALLET,hotctl1h,138.6,False,False,,,0,6,,,0.27781829244836104,102412233249,19037196,1000,100,600.0,True,0.594,1000,dex,0,401,539,0.744,401,539,13328.65,13328.65,127.0,127.0,,,,,,,,,
1788755588,Bw9UyQvQ8mKvt1TXPcZ8yUQdVwtCCVuDbN9jhw9ik8v3,cyberbeer,hotctl1h,166.6,False,False,,,0,6,,,0.0,116649319943,19037196,1000,81,740.74,True,0.977,1000,dex,0,1155,584,1.978,1155,584,94909.25,94909.25,60.23,60.23,22913.78,,,,,,,,
1788755892,7vJKg6yksEMpi8FFvccwcr4sYxX6mkM3eizPxXtNhAVA,peepeepoop,organic,255.9,False,False,,,0,6,,,0.7574078154351789,91787924877,19032307,893,383,139.9,False,0.0617,665,dex,0,416,184,2.261,558,237,8422.3,11197.09,4.03,99.59,,,,,,,,,
1788755892,7vJKg6yksEMpi8FFvccwcr4sYxX6mkM3eizPxXtNhAVA,peepeepoop,hotctl,255.9,False,False,,,0,6,,,2.838185965619898,85333253454,19032307,893,383,139.9,False,0.0617,665,dex,0,416,184,2.261,558,237,8422.3,11197.09,4.03,99.59,,,,,,,,,
1788755892,9RTSh6GjK1eXRTftiiVpkoCpQjp2UpFowM5kmCTHpump,peepeepoopoo,hotctl,295.9,False,False,,,0,6,,,1.7306553851745916,89710308187,19032307,1000,238,252.1,True,0.392,1000,dex,0,854,449,1.902,1144,606,41979.76,64753.34,5.51,420.0,,,,,,,,,
1788755892,7vKeiPQQwjReQUtLmfpoS8RoyDxaEAhxvayPbhwYLAQm,pp,hotctl,321.9,False,False,,,0,6,,,0.0,121567091966,19032307,1000,103,582.52,True,0.721,1000,dex,0,1570,808,1.943,2456,1280,104973.03,163652.73,22.49,96.1,25795.28,,,,,,,,
1788755892,7vJKg6yksEMpi8FFvccwcr4sYxX6mkM3eizPxXtNhAVA,peepeepoop,organic1h,255.9,False,False,,,0,6,,,0.0,86037800296,19032307,893,383,139.9,False,0.0617,665,dex,0,416,184,2.261,558,237,8422.3,11197.09,4.03,99.59,,,,,,,,,
1788755892,7vJKg6yksEMpi8FFvccwcr4sYxX6mkM3eizPxXtNhAVA,peepeepoop,hotctl1h,255.9,False,False,,,0,6,,,0.0,86949330546,19032307,893,383,139.9,False,0.0617,665,dex,0,416,184,2.261,558,237,8422.3,11197.09,4.03,99.59,,,,,,,,,
1788755892,9RTSh6GjK1eXRTftiiVpkoCpQjp2UpFowM5kmCTHpump,peepeepoopoo,hotctl1h,295.9,False,False,,,0,6,,,1.1568194491325154,89361081637,19032307,1000,238,252.1,True,0.392,1000,dex,0,854,449,1.902,1144,606,41979.76,64753.34,5.51,420.0,,,,,,,,,
1788755892,7vKeiPQQwjReQUtLmfpoS8RoyDxaEAhxvayPbhwYLAQm,pp,hotctl1h,321.9,False,False,,,0,6,,,0.0,126375732062,19032307,1000,103,582.52,True,0.721,1000,dex,0,1570,808,1.943,2456,1280,104973.03,163652.73,22.49,96.1,25795.28,,,,,,,,
1788756074,GYgnQ4px2e6UXdJKPAcRQq2nmHQ4ns3VdK5sXfcSuoYN,peepeepoo,hotctl,329.7,False,False,,,0,6,,,0.1629565089134894,146678178642,19032238,1000,123,487.8,True,0.528,1000,dex,0,1382,962,1.437,1587,1093,92894.3,105270.23,19.2,48.3,22301.05,,,,,,,,
1788756074,GYgnQ4px2e6UXdJKPAcRQq2nmHQ4ns3VdK5sXfcSuoYN,peepeepoo,hotctl1h,329.7,False,False,,,0,6,,,0.16184242286133088,146678178642,19032238,1000,123,487.8,True,0.528,1000,dex,0,1382,962,1.437,1587,1093,92894.3,105270.23,19.2,48.3,22301.05,,,,,,,,
1788756195,3ovv3fpix7LqUZketAAyzGMtRJL67SLSjyM7Q2iFSeX9,Pweg,hotctl,391.3,False,False,,,0,6,,,1.4623309833174778,1036295234761,19037171,1000,164,365.85,True,0.349,1000,dex,0,711,897,0.793,1105,1233,48642.76,69880.44,-99.38,-95.69,1894.74,,,,,,,,
1788756195,DQbcz4ZqoDAmsTGcD7hSiLksk3xY9X9kkjgjFaZinrEx,FWOB,hotctl,450.3,False,False,,,0,6,,,0.0,111329118419,19037171,1000,201,298.51,True,0.373,1000,dex,0,1220,133,9.173,1926,209,58783.57,91705.13,37.17,100.0,25570.87,,,,,,,,
1788756195,3ovv3fpix7LqUZketAAyzGMtRJL67SLSjyM7Q2iFSeX9,Pweg,hotctl1h,391.3,False,False,,,0,6,,,1.4551841956706453,1036295234761,19037171,1000,164,365.85,True,0.349,1000,dex,0,711,897,0.793,1105,1233,48642.76,69880.44,-99.38,-95.69,1894.74,,,,,,,,
1788756195,DQbcz4ZqoDAmsTGcD7hSiLksk3xY9X9kkjgjFaZinrEx,FWOB,hotctl1h,450.3,False,False,,,0,6,,,0.0,112101564367,19037171,1000,201,298.51,True,0.373,1000,dex,0,1220,133,9.173,1926,209,58783.57,91705.13,37.17,100.0,25570.87,,,,,,,,
1788756281,9FjaVYrdwKds5Ytco5n1wr2QpFmVXrLiYxcAJrG9dtWA,Kitty,hotctl,372.4,False,False,,,0,6,,,0.0,26311232932,19024168,1000,101,594.06,True,0.513,1000,dex,0,857,937,0.915,1126,1213,21039.42,28283.28,25.56,290.0,,,,,,,,,
1788756281,FxSdmtBooa9xDktpDRTSQWmUzyRniQ6wAxV8MgZQ5C5i,peepopoo,hotctl,451.4,False,False,,,0,6,,,1.4712266652281998,129783947658,19024168,1000,91,659.34,True,0.748,1000,dex,0,1388,537,2.585,1998,990,155786.66,284272.85,5.56,56.59,23091.88,,,,,,,,
1788756281,9FjaVYrdwKds5Ytco5n1wr2QpFmVXrLiYxcAJrG9dtWA,Kitty,hotctl1h,372.4,False,False,,,0,6,,,0.7049803304884212,27163321688,19024168,1000,101,594.06,True,0.513,1000,dex,0,857,937,0.915,1126,1213,21039.42,28283.28,25.56,290.0,,,,,,,,,
1788756281,FxSdmtBooa9xDktpDRTSQWmUzyRniQ6wAxV8MgZQ5C5i,peepopoo,hotctl1h,451.4,False,False,,,0,6,,,0.4181458582744684,133636290221,19024168,1000,91,659.34,True,0.748,1000,dex,0,1388,537,2.585,1998,990,155786.66,284272.85,5.56,56.59,23091.88,,,,,,,,
1788756424,GKFuRTsk9XPTmUZ9yaSQbkCzL85vGZepaZgYvreKpump,Koi,organic,369.4,False,False,,,0,6,,,0.8816179468343223,303652769807,19016784,1000,388,154.64,True,0.1593,747,dex,0,421,314,1.341,611,395,25380.89,37173.61,-16.12,163.0,,,,,,,,,
1788756424,GKFuRTsk9XPTmUZ9yaSQbkCzL85vGZepaZgYvreKpump,Koi,hotctl,369.4,False,False,,,0,6,,,1.2214508413863914,303652769807,19016784,1000,388,154.64,True,0.1593,747,dex,0,421,314,1.341,611,395,25380.89,37173.61,-16.12,163.0,,,,,,,,,
1788756424,GKFuRTsk9XPTmUZ9yaSQbkCzL85vGZepaZgYvreKpump,Koi,organic1h,369.4,False,False,,,0,6,,,1.227419760081228,303652769807,19016784,1000,388,154.64,True,0.1593,747,dex,0,421,314,1.341,611,395,25380.89,37173.61,-16.12,163.0,,,,,,,,,
1788756424,38TEVU7DwuwijEkBqqpVxPK7cevC5SGupZRMuwQvQNEA,cyberbeer,hotctl1h,347.4,False,False,,,0,6,,,0.0,73050793015,19016784,1000,74,810.81,True,0.939,1000,dex,0,1953,1022,1.911,3618,1818,232373.1,372524.48,16.57,126.0,27915.04,,,,,,,,
1788756424,GKFuRTsk9XPTmUZ9yaSQbkCzL85vGZepaZgYvreKpump,Koi,hotctl1h,369.4,False,False,,,0,6,,,1.2261982168770333,303652769807,19016784,1000,388,154.64,True,0.1593,747,dex,0,421,314,1.341,611,395,25380.89,37173.61,-16.12,163.0,,,,,,,,,
1788756740,2fqsQYPQUkwL6ZMzhchmBKVs8w9fGpMB9dX4RSjPbjhS,Nasduck,organic,302.1,False,False,,,0,6,,,0.7853981632618835,4126545739,19033139,1000,139,431.65,True,0.172,1000,dex,0,1007,951,1.059,1110,1021,58405.14,68985.14,102.0,778.0,51568.51,,,,,0.001,,,
1788756740,2fqsQYPQUkwL6ZMzhchmBKVs8w9fGpMB9dX4RSjPbjhS,Nasduck,hotctl,302.1,False,False,,,0,6,,,1.1398093481490412,4033957113,19033139,1000,139,431.65,True,0.172,1000,dex,0,1007,951,1.059,1110,1021,58405.14,68985.14,102.0,778.0,51568.51,,,,,0.001,,,
1788756740,2fqsQYPQUkwL6ZMzhchmBKVs8w9fGpMB9dX4RSjPbjhS,Nasduck,organic1h,302.1,False,False,,,0,6,,,0.9711150276171374,4014694053,19033139,1000,139,431.65,True,0.172,1000,dex,0,1007,951,1.059,1110,1021,58405.14,68985.14,102.0,778.0,51568.51,,,,,0.001,,,
1788756740,2fqsQYPQUkwL6ZMzhchmBKVs8w9fGpMB9dX4RSjPbjhS,Nasduck,hotctl1h,302.1,False,False,,,0,6,,,2.7692215132746707,3961196351,19033139,1000,139,431.65,True,0.172,1000,dex,0,1007,951,1.059,1110,1021,58405.14,68985.14,102.0,778.0,51568.51,,,,,0.001,,,
1788756821,3F2BsRATFRbGvyDgpgq43pf4gxhb9YtNeRgZkHtSLfUq,Kitty,hotctl,162.4,False,False,,,0,6,,,0.0,143251768216,19039765,1000,123,487.8,True,0.586,1000,dex,0,773,523,1.478,773,523,49186.96,49186.96,37.77,37.77,21381.51,,,,,,,,
1788756821,78LX1D2V2yVyomrYtVMm1NtaYHyCcVq7eziy1sx42UJ1,Nasduck,hotctl,288.4,False,False,,,0,6,,,0.0,44430268225,19039765,1000,268,223.88,True,0.365,1000,dex,0,719,112,6.42,948,206,71981.76,109697.1,185.0,315.0,28990.86,,,,,,,,
1788756821,3F2BsRATFRbGvyDgpgq43pf4gxhb9YtNeRgZkHtSLfUq,Kitty,hotctl1h,162.4,False,False,,,0,6,,,0.0,142441914228,19039765,1000,123,487.8,True,0.586,1000,dex,0,773,523,1.478,773,523,49186.96,49186.96,37.77,37.77,21381.51,,,,,,,,
1788756821,78LX1D2V2yVyomrYtVMm1NtaYHyCcVq7eziy1sx42UJ1,Nasduck,hotctl1h,288.4,False,False,,,0,6,,,0.0,44430268225,19039765,1000,268,223.88,True,0.365,1000,dex,0,719,112,6.42,948,206,71981.76,109697.1,185.0,315.0,28990.86,,,,,,,,
1788757066,AzXVTwXEy7Um5966PyaXj18oYwmRWi3JkbuXun4kPtA,SPY,organic,346.9,False,False,,,0,6,,,1.6388791496888222,19346200646,19032001,942,415,136.19,False,0.0122,658,dex,0,318,277,1.148,389,357,30143.44,49994.16,179.0,-62.18,11998.78,,,,,,,,
1788757066,2cnqm44cWoTU3JkNioxqghDBjLE2oXbjyCP2Nmi3pump,Purrps,hotctl,279.9,False,False,,,0,6,,,1.2115214539697874,91332376199,19032001,1000,262,229.01,True,0.424,1000,dex,0,454,262,1.733,454,262,24619.23,24619.23,477.0,477.0,,,,,,,,,
1788757066,J7uUimE9Nr7jXxig7XrpDa9r9EBE6uqjm7vE7j51SjxX,Kitty,hotctl,334.9,False,False,,,0,6,,,3.0311547156468723,48424926549,19032001,1000,118,508.47,True,0.607,1000,dex,0,1223,440,2.78,1410,502,274838.14,314369.95,74.3,279.0,34867.41,,,,,,,,
1788757066,AzXVTwXEy7Um5966PyaXj18oYwmRWi3JkbuXun4kPtA,SPY,hotctl,346.9,False,False,,,0,6,,,0.42789507588716175,19143187537,19032001,942,415,136.19,False,0.0122,658,dex,0,318,277,1.148,389,357,30143.44,49994.16,179.0,-62.18,11998.78,,,,,,,,
1788757066,AzXVTwXEy7Um5966PyaXj18oYwmRWi3JkbuXun4kPtA,SPY,organic1h,346.9,False,False,,,0,6,,,0.0,19560964505,19032001,942,415,136.19,False,0.0122,658,dex,0,318,277,1.148,389,357,30143.44,49994.16,179.0,-62.18,11998.78,,,,,,,,
1788757066,2cnqm44cWoTU3JkNioxqghDBjLE2oXbjyCP2Nmi3pump,Purrps,hotctl1h,279.9,False,False,,,0,6,,,0.8803502260296223,94933930524,19032001,1000,262,229.01,True,0.424,1000,dex,0,454,262,1.733,454,262,24619.23,24619.23,477.0,477.0,,,,,,,,,
1788757066,J7uUimE9Nr7jXxig7XrpDa9r9EBE6uqjm7vE7j51SjxX,Kitty,hotctl1h,334.9,False,False,,,0,6,,,2.0012066866276395,46161593282,19032001,1000,118,508.47,True,0.607,1000,dex,0,1223,440,2.78,1410,502,274838.14,314369.95,74.3,279.0,34867.41,,,,,,,,
1788757066,AzXVTwXEy7Um5966PyaXj18oYwmRWi3JkbuXun4kPtA,SPY,hotctl1h,346.9,False,False,,,0,6,,,0.5668605518722618,19028218267,19032001,942,415,136.19,False,0.0122,658,dex,0,318,277,1.148,389,357,30143.44,49994.16,179.0,-62.18,11998.78,,,,,,,,
1788757195,2cnqm44cWoTU3JkNioxqghDBjLE2oXbjyCP2Nmi3pump,Purrps,organic,408.5,False,False,,,0,6,,,1.9448376015980071,128660083541,19031518,1000,262,229.01,True,0.424,1000,dex,0,454,262,1.733,454,262,24619.23,24619.23,477.0,477.0,,,,,,,,,
1788757195,bzWcBKtWaYrVPWrBoG8Wke8f5183FPi7odhLr9Unx3q,cyberbeer,hotctl,243.5,False,False,,,0,6,,,0.4977150867720326,156381962086,19031518,1000,187,320.86,True,0.436,1000,dex,0,751,473,1.588,751,473,147482.23,147482.23,34.46,34.46,21590.09,,,,,,,,
1788757195,2cnqm44cWoTU3JkNioxqghDBjLE2oXbjyCP2Nmi3pump,Purrps,organic1h,408.5,False,False,,,0,6,,,1.8972165965291103,123274780960,19031518,1000,262,229.01,True,0.424,1000,dex,0,454,262,1.733,454,262,24619.23,24619.23,477.0,477.0,,,,,,,,,
1788757195,bzWcBKtWaYrVPWrBoG8Wke8f5183FPi7odhLr9Unx3q,cyberbeer,hotctl1h,243.5,False,False,,,0,6,,,0.0,159222716106,19031518,1000,187,320.86,True,0.436,1000,dex,0,751,473,1.588,751,473,147482.23,147482.23,34.46,34.46,21590.09,,,,,,,,
1788757540,JDzmiAQJo5HDtFmzs62EpZfBxiTuokFs763fWvYBLdsi,BULL,organic,149.2,False,False,,,0,6,,,2.332992982270235,11736672519,18974227,1000,136,441.18,True,0.236,1000,dex,0,612,571,1.072,612,571,32199.6,32199.6,230.0,230.0,30827.54,,,,,,,,
1788757540,JDzmiAQJo5HDtFmzs62EpZfBxiTuokFs763fWvYBLdsi,BULL,hotctl,149.2,False,False,,,0,6,,,2.3436722184381185,11758750272,18974227,1000,136,441.18,True,0.236,1000,dex,0,612,571,1.072,612,571,32199.6,32199.6,230.0,230.0,30827.54,,,,,,,,
1788757540,Guq2Du2NungcfH9PiKGE4z5grLN92tZxeeBDTrSXiGc5,ZEC,hotctl,226.2,False,False,,,0,6,,,0.863366716905633,28581198930,18974227,1000,92,652.17,True,0.617,1000,dex,0,332,490,0.678,332,490,15045.22,15045.22,139.0,139.0,,,,,,,,,
1788757540,4M6WKi1iasDMvYo185wcr6sDoGw588pjNrgv5gzgpump,Pumployed,hotctl,154.2,False,False,,,0,6,,,1.2310584390294663,93253128717,18974227,1000,142,422.54,True,0.544,1000,dex,0,915,500,1.83,915,500,53807.05,53807.05,384.0,384.0,,,,,,,,,
1788757540,JDzmiAQJo5HDtFmzs62EpZfBxiTuokFs763fWvYBLdsi,BULL,organic1h,149.2,False,False,,,0,6,,,0.8804294831450152,12339709440,18974227,1000,136,441.18,True,0.236,1000,dex,0,612,571,1.072,612,571,32199.6,32199.6,230.0,230.0,30827.54,,,,,,,,
1788757540,JDzmiAQJo5HDtFmzs62EpZfBxiTuokFs763fWvYBLdsi,BULL,hotctl1h,149.2,False,False,,,0,6,,,0.0,12894351191,18974227,1000,136,441.18,True,0.236,1000,dex,0,612,571,1.072,612,571,32199.6,32199.6,230.0,230.0,30827.54,,,,,,,,
1788757540,4M6WKi1iasDMvYo185wcr6sDoGw588pjNrgv5gzgpump,Pumployed,hotctl1h,154.2,False,False,,,0,6,,,1.470478995366886,93329486700,18974227,1000,142,422.54,True,0.544,1000,dex,0,915,500,1.83,915,500,53807.05,53807.05,384.0,384.0,,,,,,,,,
1788757662,C6XcffMZavtqdALnbFh2kUjF7Y377AxJGA1u1weNBAy7,刀哥,hotctl,370.0,False,False,,,0,6,,,0.16176601477275349,162279401207,18994799,1000,139,431.65,True,0.614,1000,dex,0,1579,612,2.58,2027,777,157113.52,198290.9,19.52,38.15,21072.66,,,,,,,,
1788757662,C6XcffMZavtqdALnbFh2kUjF7Y377AxJGA1u1weNBAy7,刀哥,hotctl1h,370.0,False,False,,,0,6,,,0.0,164225634638,18994799,1000,139,431.65,True,0.614,1000,dex,0,1579,612,2.58,2027,777,157113.52,198290.9,19.52,38.15,21072.66,,,,,,,,
1788757782,2mQNcZMYCLR98jSsRsUUDLkXX88t2FPBNq62Rzx8pump,WHIRL,hotctl,4908.9,False,False,,,0,6,,,4.689265329951948,6022878354,18992139,1000,36,1666.67,True,0.979,1000,boost,50,324,96,3.375,2835,1142,51775.56,481985.84,304.0,145.0,48932.51,,,,,,,,
1788757782,CZbgpoPRfwN2vNLsSqjX3ZMVwmNuEg6k1QNHeioAZr4c,Pumployed,hotctl,186.9,False,False,,,0,6,,,0.0,158935483097,18992139,1000,114,526.32,True,0.591,1000,dex,0,812,537,1.512,812,537,50096.74,50096.74,39.09,39.09,21501.16,,,,,,,,
1788757782,CZbgpoPRfwN2vNLsSqjX3ZMVwmNuEg6k1QNHeioAZr4c,Pumployed,hotctl1h,186.9,False,False,,,0,6,,,0.0,158006189649,18992139,1000,114,526.32,True,0.591,1000,dex,0,812,537,1.512,812,537,50096.74,50096.74,39.09,39.09,21501.16,,,,,,,,
1788758059,ewvy5u6wTw8Wj3YEwxhUuvi4BBDmKDExgdXoNWtB1Am,Pumployed,hotctl,167.7,False,False,,,0,6,,,0.6456515904427369,150726766479,18997572,1000,79,759.49,True,0.867,1000,dex,0,1702,884,1.925,1791,915,101335.1,105068.94,34.01,50.45,20977.09,,,,,,,,
1788758059,fPC9NdPBHme1a9rzAdcX1UGwojk3LXXykGjdZABpump,ily,hotctl,172.7,False,False,,,0,6,,,1.5965326281234922,190508224671,18997572,1000,256,234.38,True,0.592,1000,dex,0,415,343,1.21,415,343,37185.3,37185.3,237.0,237.0,,,,,,,,,
1788758059,J1SahrNQ25akYLFs6D57V5AWWA9KyTXsuMcT8Txgpump,ily,hotctl,124.7,False,False,,,0,6,,,1.4566419617474422,666334289655,18997572,670,200,201.0,False,0.4179,670,dex,0,407,221,1.842,407,221,49274.07,49274.07,-16.42,-16.42,,,,,,,,,
1788758059,ewvy5u6wTw8Wj3YEwxhUuvi4BBDmKDExgdXoNWtB1Am,Pumployed,hotctl1h,167.7,False,False,,,0,6,,,1.4008948091916253,145130456436,18997572,1000,79,759.49,True,0.867,1000,dex,0,1702,884,1.925,1791,915,101335.1,105068.94,34.01,50.45,20977.09,,,,,,,,
1788758059,fPC9NdPBHme1a9rzAdcX1UGwojk3LXXykGjdZABpump,ily,hotctl1h,172.7,False,False,,,0,6,,,1.02792233179616,214899147093,18997572,1000,256,234.38,True,0.592,1000,dex,0,415,343,1.21,415,343,37185.3,37185.3,237.0,237.0,,,,,,,,,
1788758059,J1SahrNQ25akYLFs6D57V5AWWA9KyTXsuMcT8Txgpump,ily,hotctl1h,124.7,False,False,,,0,6,,,1.4645342708085511,666334289655,18997572,670,200,201.0,False,0.4179,670,dex,0,407,221,1.842,407,221,49274.07,49274.07,-16.42,-16.42,,,,,,,,,
1788758224,CNX7y7jVuXA7dMNcEMtEXTQs5DETyD1LexFufRx7cxfV,Stonks,organic,145.3,False,False,,,0,6,,,0.7403215797227258,4408837635,18963790,490,209,140.67,False,0.051,490,dex,0,343,64,5.359,343,64,7437.1,7437.1,8274.0,8274.0,10856.08,,,,,,,,
1788758224,CNzSWcZ5KygaL9hpizy7zGV87K61ekfUU1RdanXCixE,Pumployed,hotctl,227.3,False,False,,,0,6,,,4.0745643182579165,34839298698,18963790,1000,120,500.0,True,0.623,1000,dex,0,732,260,2.815,732,260,157608.02,157608.02,285.0,285.0,34634.14,,,,,,,,
1788758224,Cwo8S7E1Gbz7vFAysTENW9h8rKepQc9sdRprtmHUR6Nf,Anthropig,hotctl,247.3,False,False,,,0,6,,,2.2293448599207997,174431587302,18963790,1000,180,333.33,True,0.496,1000,dex,0,753,547,1.377,753,547,59110.08,59110.08,269.0,269.0,,,,,,,,,
1788758224,FsVXgLjmzPhHQeyA78YLHw2Ab6NxdufXPEkW8YZBpump,pupfun,hotctl,132.3,False,False,,,0,6,,,1.8943719948638749,65572575278,18963790,1000,69,869.57,True,0.874,1000,dex,0,395,255,1.549,395,255,28171.78,28171.78,607.0,607.0,,,,,,4.0,,,
1788758224,CNX7y7jVuXA7dMNcEMtEXTQs5DETyD1LexFufRx7cxfV,Stonks,hotctl,145.3,False,False,,,0,6,,,0.31265077346671166,4445648431,18963790,490,209,140.67,False,0.051,490,dex,0,343,64,5.359,343,64,7437.1,7437.1,8274.0,8274.0,10856.08,,,,,,,,
1788758224,CNX7y7jVuXA7dMNcEMtEXTQs5DETyD1LexFufRx7cxfV,Stonks,organic1h,145.3,False,False,,,0,6,,,0.6719897401761061,4401668035,18963790,490,209,140.67,False,0.051,490,dex,0,343,64,5.359,343,64,7437.1,7437.1,8274.0,8274.0,10856.08,,,,,,,,
1788758224,CNzSWcZ5KygaL9hpizy7zGV87K61ekfUU1RdanXCixE,Pumployed,hotctl1h,227.3,False,False,,,0,6,,,0.4093813933331779,40153932426,18963790,1000,120,500.0,True,0.623,1000,dex,0,732,260,2.815,732,260,157608.02,157608.02,285.0,285.0,34634.14,,,,,,,,
1788758224,Cwo8S7E1Gbz7vFAysTENW9h8rKepQc9sdRprtmHUR6Nf,Anthropig,hotctl1h,247.3,False,False,,,0,6,,,3.12218058186477,168403520616,18963790,1000,180,333.33,True,0.496,1000,dex,0,753,547,1.377,753,547,59110.08,59110.08,269.0,269.0,,,,,,,,,
1788758224,FsVXgLjmzPhHQeyA78YLHw2Ab6NxdufXPEkW8YZBpump,pupfun,hotctl1h,132.3,False,False,,,0,6,,,1.3859035592927442,67774430136,18963790,1000,69,869.57,True,0.874,1000,dex,0,395,255,1.549,395,255,28171.78,28171.78,607.0,607.0,,,,,,4.0,,,
1788758224,CNX7y7jVuXA7dMNcEMtEXTQs5DETyD1LexFufRx7cxfV,Stonks,hotctl1h,145.3,False,False,,,0,6,,,0.6787095393807919,4405717781,18963790,490,209,140.67,False,0.051,490,dex,0,343,64,5.359,343,64,7437.1,7437.1,8274.0,8274.0,10856.08,,,,,,,,
1788758451,FhwQD2bxoUAbPMThLq6Kt97YjawrLyzSjFN8p9MeaLuh,CLIPPY,organic,414.2,False,False,,,0,6,,,0.7933124806029358,8113054350,18957947,1000,144,416.67,True,0.133,1000,dex,0,864,816,1.059,1437,1332,41169.18,68748.11,37.97,556.0,44449.71,,,,,,,,
1788758451,FhwQD2bxoUAbPMThLq6Kt97YjawrLyzSjFN8p9MeaLuh,CLIPPY,hotctl,414.2,False,False,,,0,6,,,2.2016752812680513,8102251077,18957947,1000,144,416.67,True,0.133,1000,dex,0,864,816,1.059,1437,1332,41169.18,68748.11,37.97,556.0,44449.71,,,,,,,,
1788758451,FhwQD2bxoUAbPMThLq6Kt97YjawrLyzSjFN8p9MeaLuh,CLIPPY,organic1h,414.2,False,False,,,0,6,,,1.429076866803726,8010367141,18957947,1000,144,416.67,True,0.133,1000,dex,0,864,816,1.059,1437,1332,41169.18,68748.11,37.97,556.0,44449.71,,,,,,,,
1788758451,FhwQD2bxoUAbPMThLq6Kt97YjawrLyzSjFN8p9MeaLuh,CLIPPY,hotctl1h,414.2,False,False,,,0,6,,,0.945138639909365,8009973419,18957947,1000,144,416.67,True,0.133,1000,dex,0,864,816,1.059,1437,1332,41169.18,68748.11,37.97,556.0,44449.71,,,,,,,,
1788758806,fmRDqVEJVo5ZXh6Sjm1be7U1Ss3yLR2QkeApdmqpump,WOFI,organic,126.4,False,False,,,0,6,,,0.17696857504797522,235393933,18920621,505,140,216.43,False,0.1703,505,dex,0,380,34,11.176,380,34,115563.52,115563.52,19139.0,19139.0,248512.35,,,,,85.0054,,,
1788758806,fmRDqVEJVo5ZXh6Sjm1be7U1Ss3yLR2QkeApdmqpump,WOFI,hotctl,126.4,False,False,,,0,6,,,0.1792125685873252,235393875,18920621,505,140,216.43,False,0.1703,505,dex,0,380,34,11.176,380,34,115563.52,115563.52,19139.0,19139.0,248512.35,,,,,85.0054,,,
1788758806,fmRDqVEJVo5ZXh6Sjm1be7U1Ss3yLR2QkeApdmqpump,WOFI,organic1h,126.4,False,False,,,0,6,,,0.17686391429524295,235382688,18920621,505,140,216.43,False,0.1703,505,dex,0,380,34,11.176,380,34,115563.52,115563.52,19139.0,19139.0,248512.35,,,,,85.0054,,,
1788758806,fmRDqVEJVo5ZXh6Sjm1be7U1Ss3yLR2QkeApdmqpump,WOFI,hotctl1h,126.4,False,False,,,0,6,,,0.14705333100457052,235370597,18920621,505,140,216.43,False,0.1703,505,dex,0,380,34,11.176,380,34,115563.52,115563.52,19139.0,19139.0,248512.35,,,,,85.0054,,,
1788758866,4sGiCiZ9ZCPwzFiHdsrv5JaUfJhVjYqhkC3JEhdJpump,CYBERLEEK,hotctl,143.7,False,False,,,0,6,,,0.0,132531989,18924958,1000,60,1000.0,True,0.892,1000,dex,0,1414,136,10.397,1414,136,157230.75,157230.75,34242.0,34242.0,333125.37,,,,,85.0054,,,
1788758866,EThrCbQXEqvpZZ1yfaCGuMttQwqdFSVo9E3kKBhkZ4f8,pupfun,hotctl,168.7,False,False,,,0,6,,,0.25585914137894117,169278777850,18924958,1000,86,697.67,True,0.823,1000,dex,0,848,385,2.203,848,385,42846.56,42846.56,43.25,43.25,21636.79,,,,,,,,
1788758866,7TtrnV1h8gt2JKBaQbB6LcFV78ZxdPwpdkfVFksqfqhZ,BWT,hotctl,216.7,False,False,,,0,6,,,0.18166142571799332,128215305330,18924958,739,257,172.53,False,0.0839,739,dex,0,443,123,3.602,443,123,10257.45,10257.45,16.03,16.03,27168.09,,,,,,,,
1788758866,ThpMszwVx1742YGUahFJRV3trWD4oHzszXeb2EAJQiK,pupfun,hotctl,165.7,False,False,,,0,6,,,3.322645529266391,31790900787,18924958,1000,113,530.97,True,0.5,1000,dex,0,493,572,0.862,493,572,14046.28,14046.28,196.0,196.0,,,,,,,,,
1788758866,7TtrnV1h8gt2JKBaQbB6LcFV78ZxdPwpdkfVFksqfqhZ,BWT,organic1h,216.7,False,False,,,0,6,,,0.33650781713703376,127126095999,18924958,739,257,172.53,False,0.0839,739,dex,0,443,123,3.602,443,123,10257.45,10257.45,16.03,16.03,27168.09,,,,,,,,
1788758866,4sGiCiZ9ZCPwzFiHdsrv5JaUfJhVjYqhkC3JEhdJpump,CYBERLEEK,hotctl1h,143.7,False,False,,,0,6,,,0.0,132376372,18924958,1000,60,1000.0,True,0.892,1000,dex,0,1414,136,10.397,1414,136,157230.75,157230.75,34242.0,34242.0,333125.37,,,,,85.0054,,,
1788758866,EThrCbQXEqvpZZ1yfaCGuMttQwqdFSVo9E3kKBhkZ4f8,pupfun,hotctl1h,168.7,False,False,,,0,6,,,0.48522559422458317,160817593083,18924958,1000,86,697.67,True,0.823,1000,dex,0,848,385,2.203,848,385,42846.56,42846.56,43.25,43.25,21636.79,,,,,,,,
1788758866,7TtrnV1h8gt2JKBaQbB6LcFV78ZxdPwpdkfVFksqfqhZ,BWT,hotctl1h,216.7,False,False,,,0,6,,,0.24185621302300256,126517220593,18924958,739,257,172.53,False,0.0839,739,dex,0,443,123,3.602,443,123,10257.45,10257.45,16.03,16.03,27168.09,,,,,,,,
1788758866,ThpMszwVx1742YGUahFJRV3trWD4oHzszXeb2EAJQiK,pupfun,hotctl1h,165.7,False,False,,,0,6,,,0.0,44218428276,18924958,1000,113,530.97,True,0.5,1000,dex,0,493,572,0.862,493,572,14046.28,14046.28,196.0,196.0,,,,,,,,,
1788759070,5EiJLWELfZrAF9FCkC2HrXEiq5uyuBFFig6Np1U6jTYe,AMC,hotctl,198.6,False,False,,,0,6,,,0.0,96251181119,18936641,1000,88,681.82,True,0.855,1000,dex,0,1111,603,1.842,1111,603,178755.1,178755.1,67.25,67.25,26939.12,,,,,,,,
1788759070,5EiJLWELfZrAF9FCkC2HrXEiq5uyuBFFig6Np1U6jTYe,AMC,hotctl1h,198.6,False,False,,,0,6,,,0.269447945632912,95207615928,18936641,1000,88,681.82,True,0.855,1000,dex,0,1111,603,1.842,1111,603,178755.1,178755.1,67.25,67.25,26939.12,,,,,,,,
1788759176,2QbQBFoZdt9pTD5TM5sSrWuFRdrmTVRKygkga8qYSNhA,SHIBA,organic,190.8,False,False,,,0,6,,,0.33956848291310765,175085432408,18945705,628,304,123.95,False,0.0367,627,dex,0,333,167,1.994,348,171,12525.33,12742.44,14.32,16.3,20799.62,,,,,,,,
1788759176,7aSdPnnjTitDWLsGXEJVSBUX5GU6fAgAJo8RudAVRDiv,Anthropig,hotctl,182.8,False,False,,,0,6,,,0.0,28433845306,18945705,1000,130,461.54,True,0.62,1000,dex,0,1346,459,2.932,1357,464,293347.13,297586.88,242.0,449.0,41895.34,,,,,,,,
1788759176,2QbQBFoZdt9pTD5TM5sSrWuFRdrmTVRKygkga8qYSNhA,SHIBA,hotctl,190.8,False,False,,,0,6,,,0.48165620502765877,175085285136,18945705,628,304,123.95,False,0.0367,627,dex,0,333,167,1.994,348,171,12525.33,12742.44,14.32,16.3,20799.62,,,,,,,,
1788759176,kZTy6RuoLaxK7d3ftU6j9eNmSYkRuPspJFj1SPBpump,polycat,hotctl,223.8,False,False,,,0,6,,,0.0,262749254180,18945705,1000,298,201.34,True,0.472,1000,dex,0,418,220,1.9,418,220,24328.98,24328.98,226.0,226.0,,,,,,,,,
1788759176,2QbQBFoZdt9pTD5TM5sSrWuFRdrmTVRKygkga8qYSNhA,SHIBA,organic1h,190.8,False,False,,,0,6,,,0.36274163046022223,174481886803,18945705,628,304,123.95,False,0.0367,627,dex,0,333,167,1.994,348,171,12525.33,12742.44,14.32,16.3,20799.62,,,,,,,,
1788759176,7aSdPnnjTitDWLsGXEJVSBUX5GU6fAgAJo8RudAVRDiv,Anthropig,hotctl1h,182.8,False,False,,,0,6,,,0.23368133984046482,27913186165,18945705,1000,130,461.54,True,0.62,1000,dex,0,1346,459,2.932,1357,464,293347.13,297586.88,242.0,449.0,41895.34,,,,,,,,
1788759176,2QbQBFoZdt9pTD5TM5sSrWuFRdrmTVRKygkga8qYSNhA,SHIBA,hotctl1h,190.8,False,False,,,0,6,,,0.7005052098208495,172652764922,18945705,628,304,123.95,False,0.0367,627,dex,0,333,167,1.994,348,171,12525.33,12742.44,14.32,16.3,20799.62,,,,,,,,
1788759176,kZTy6RuoLaxK7d3ftU6j9eNmSYkRuPspJFj1SPBpump,polycat,hotctl1h,223.8,False,False,,,0,6,,,0.831380125927725,223071566103,18945705,1000,298,201.34,True,0.472,1000,dex,0,418,220,1.9,418,220,24328.98,24328.98,226.0,226.0,,,,,,,,,
1788759340,G3BxVGe7gBVCYqwYUQ1KijnPtjvHCZC1wFYYcgAuBQTX,pupfun,organic,256.8,False,False,,,0,6,,,0.0,97982537576,18952610,760,296,154.05,False,0.1513,760,dex,0,501,199,2.518,501,199,8726.67,8726.67,88.11,88.11,,,,,,,,,
1788759340,GjPwEdzKxUspAJHTvLiCAm2nCTaTVLFqkkwUbv9fWrJB,Mona Lisa,organic,279.8,False,False,,,0,6,,,0.4980867580858363,110301030004,18952610,1000,209,287.08,True,0.028,1000,dex,0,737,227,3.247,885,272,23410.58,27338.97,30.94,42.55,30141.79,,,,,,,,
1788759340,G3BxVGe7gBVCYqwYUQ1KijnPtjvHCZC1wFYYcgAuBQTX,pupfun,hotctl,256.8,False,False,,,0,6,,,0.0,97982537576,18952610,760,296,154.05,False,0.1513,760,dex,0,501,199,2.518,501,199,8726.67,8726.67,88.11,88.11,,,,,,,,,
1788759340,GjPwEdzKxUspAJHTvLiCAm2nCTaTVLFqkkwUbv9fWrJB,Mona Lisa,hotctl,279.8,False,False,,,0,6,,,0.4775914374458353,109882395327,18952610,1000,209,287.08,True,0.028,1000,dex,0,737,227,3.247,885,272,23410.58,27338.97,30.94,42.55,30141.79,,,,,,,,
1788759340,G3BxVGe7gBVCYqwYUQ1KijnPtjvHCZC1wFYYcgAuBQTX,pupfun,organic1h,256.8,False,False,,,0,6,,,0.0,97982537576,18952610,760,296,154.05,False,0.1513,760,dex,0,501,199,2.518,501,199,8726.67,8726.67,88.11,88.11,,,,,,,,,
1788759340,GjPwEdzKxUspAJHTvLiCAm2nCTaTVLFqkkwUbv9fWrJB,Mona Lisa,organic1h,279.8,False,False,,,0,6,,,1.5185928248278253,108444873224,18952610,1000,209,287.08,True,0.028,1000,dex,0,737,227,3.247,885,272,23410.58,27338.97,30.94,42.55,30141.79,,,,,,,,
1788759340,G3BxVGe7gBVCYqwYUQ1KijnPtjvHCZC1wFYYcgAuBQTX,pupfun,hotctl1h,256.8,False,False,,,0,6,,,0.0,97982537576,18952610,760,296,154.05,False,0.1513,760,dex,0,501,199,2.518,501,199,8726.67,8726.67,88.11,88.11,,,,,,,,,
1788759340,GjPwEdzKxUspAJHTvLiCAm2nCTaTVLFqkkwUbv9fWrJB,Mona Lisa,hotctl1h,279.8,False,False,,,0,6,,,2.6325923617981477,107899907009,18952610,1000,209,287.08,True,0.028,1000,dex,0,737,227,3.247,885,272,23410.58,27338.97,30.94,42.55,30141.79,,,,,,,,
1788759476,Fr5EECq7ftjh7evTE8zXfiPzjDsShMjAsbnSaqT5pump,OpenAI,hotctl,247.6,False,False,,,0,6,,,0.7502480072696286,2077042490,18949889,1000,24,2500.0,True,0.999,1000,dex,0,316,125,2.528,337,128,242.64,31524.18,7.75,2049.0,81884.94,,,,,85.0054,,,
1788759476,85SeDWpxicq1gP8gorSxdcepi8SRTAs7M3kBgDphY7bj,刀哥,hotctl,282.6,False,False,,,0,6,,,1.2170006244219678,2817180109,18949889,845,323,156.97,False,0.2965,833,dex,0,448,122,3.672,496,137,97882.06,123797.78,2268.0,11402.0,17394.93,,,,,,,,
1788759476,Fr5EECq7ftjh7evTE8zXfiPzjDsShMjAsbnSaqT5pump,OpenAI,hotctl1h,247.6,False,False,,,0,6,,,0.8215630766315519,2072011774,18949889,1000,24,2500.0,True,0.999,1000,dex,0,316,125,2.528,337,128,242.64,31524.18,7.75,2049.0,81884.94,,,,,85.0054,,,
1788759476,85SeDWpxicq1gP8gorSxdcepi8SRTAs7M3kBgDphY7bj,刀哥,hotctl1h,282.6,False,False,,,0,6,,,1.2171038811520338,2817180109,18949889,845,323,156.97,False,0.2965,833,dex,0,448,122,3.672,496,137,97882.06,123797.78,2268.0,11402.0,17394.93,,,,,,,,
1788759605,5EiJLWELfZrAF9FCkC2HrXEiq5uyuBFFig6Np1U6jTYe,AMC,organic,733.7,False,False,,,0,6,,,0.0,86385640610,18969847,1000,343,174.93,True,0.2044,592,dex,0,1757,537,3.272,3074,1257,167385.22,381590.84,4.39,87.8,29033.88,,,,,,,,
1788759605,E8USfoYRdNtUrKL2mtEWhwgDjKoezpjQAGZe2vLu5Hig,pupfun,hotctl,173.7,False,False,,,0,6,,,0.8415055693004954,88475692013,18969847,1000,92,652.17,True,0.763,1000,dex,0,1108,194,5.711,1108,194,32681.84,32681.84,36.24,36.24,33201.53,,,,,,,,
1788759605,DhoRBhEjk4bRd1iUGShMRVb1uka26QFsxEpQsuLYQaTK,Anthropig,hotctl,205.7,False,False,,,0,6,,,2.097875764031397,164078615766,18969847,1000,127,472.44,True,0.515,1000,dex,0,1237,457,2.707,1237,457,41931.82,41931.82,29.44,29.44,19918.46,,,,,,,,
1788759605,FJ1Zki8QsTsoAbjZPkvED6w3xgK2jCqTG5qyoaj9HDHW,刀哥,hotctl,215.7,False,False,,,0,6,,,0.6058305821710679,168026625763,18969847,1000,201,298.51,True,0.385,1000,dex,0,710,407,1.744,710,407,135354.95,135354.95,25.9,25.9,20386.87,,,,,,,,
1788759605,5EiJLWELfZrAF9FCkC2HrXEiq5uyuBFFig6Np1U6jTYe,AMC,organic1h,733.7,False,False,,,0,6,,,0.0,86368496528,18969847,1000,343,174.93,True,0.2044,592,dex,0,1757,537,3.272,3074,1257,167385.22,381590.84,4.39,87.8,29033.88,,,,,,,,
1788759605,E8USfoYRdNtUrKL2mtEWhwgDjKoezpjQAGZe2vLu5Hig,pupfun,hotctl1h,173.7,False,False,,,0,6,,,0.0,89554627051,18969847,1000,92,652.17,True,0.763,1000,dex,0,1108,194,5.711,1108,194,32681.84,32681.84,36.24,36.24,33201.53,,,,,,,,
1788759605,DhoRBhEjk4bRd1iUGShMRVb1uka26QFsxEpQsuLYQaTK,Anthropig,hotctl1h,205.7,False,False,,,0,6,,,0.0,163376397709,18969847,1000,127,472.44,True,0.515,1000,dex,0,1237,457,2.707,1237,457,41931.82,41931.82,29.44,29.44,19918.46,,,,,,,,
1788759605,FJ1Zki8QsTsoAbjZPkvED6w3xgK2jCqTG5qyoaj9HDHW,刀哥,hotctl1h,215.7,False,False,,,0,6,,,0.3524201194633697,164449125160,18969847,1000,201,298.51,True,0.385,1000,dex,0,710,407,1.744,710,407,135354.95,135354.95,25.9,25.9,20386.87,,,,,,,,
1788759723,gUbDjV1iPKLHkg6reouRvcsVW1uE8VESftbJ3EvHFB2,KATSHI,hotctl,161.1,False,False,,,0,6,,,1.566993608103831,119374860239,18960636,1000,282,212.77,True,0.533,1000,dex,0,381,286,1.332,381,286,24713.21,24713.21,201.0,201.0,,,,,,,,,
1788759723,8XjQaBA5Z8aY4BL844sj8k4cBLxqwPHuSTKNRvKsci2,Anthropig,hotctl,185.1,False,False,,,0,6,,,2.1576410864179185,129879942160,18960636,1000,288,208.33,True,0.296,1000,dex,0,391,323,1.211,584,401,206762.8,249983.58,-57.45,24.85,19888.5,,,,,,,,
1788759723,8PVZx9fL6DqBqz7L1X7Dm5bquTisb3nFcmpxVFszB9Ua,屎币,hotctl,351.1,False,False,,,0,6,,,3.3819204572899073,48469797096,18960636,1000,87,689.66,True,0.775,1000,dex,0,1338,563,2.377,2259,797,188123.18,260698.29,173.0,247.0,34739.27,,,,,,,,
1788759723,gUbDjV1iPKLHkg6reouRvcsVW1uE8VESftbJ3EvHFB2,KATSHI,hotctl1h,161.1,False,False,,,0,6,,,0.0,123185994299,18960636,1000,282,212.77,True,0.533,1000,dex,0,381,286,1.332,381,286,24713.21,24713.21,201.0,201.0,,,,,,,,,
1788759723,8XjQaBA5Z8aY4BL844sj8k4cBLxqwPHuSTKNRvKsci2,Anthropig,hotctl1h,185.1,False,False,,,0,6,,,0.0,127185851968,18960636,1000,288,208.33,True,0.296,1000,dex,0,391,323,1.211,584,401,206762.8,249983.58,-57.45,24.85,19888.5,,,,,,,,
1788759723,8PVZx9fL6DqBqz7L1X7Dm5bquTisb3nFcmpxVFszB9Ua,屎币,hotctl1h,351.1,False,False,,,0,6,,,0.0,50416082428,18960636,1000,87,689.66,True,0.775,1000,dex,0,1338,563,2.377,2259,797,188123.18,260698.29,173.0,247.0,34739.27,,,,,,,,
1788759908,gUbDjV1iPKLHkg6reouRvcsVW1uE8VESftbJ3EvHFB2,KATSHI,organic,346.2,False,False,,,0,6,,,0.7681690734401936,112540376274,18964608,1000,282,212.77,True,0.533,1000,dex,0,349,296,1.179,571,419,21456.96,34249.22,115.0,299.0,,,,,,,,,
1788759908,gUbDjV1iPKLHkg6reouRvcsVW1uE8VESftbJ3EvHFB2,KATSHI,organic1h,346.2,False,False,,,0,6,,,1.2427868259540966,112564353394,18964608,1000,282,212.77,True,0.533,1000,dex,0,349,296,1.179,571,419,21456.96,34249.22,115.0,299.0,,,,,,,,,
1788760026,PiLZcsinHkLpw1DPdvTKZwSVLcyZpMDujp141GPJCGT,Anthropig,hotctl,205.8,False,False,,,0,6,,,0.08290769277876024,153807131968,18967739,1000,98,612.24,True,0.818,1000,dex,0,969,461,2.102,969,461,49308.8,49308.8,35.3,35.3,21012.08,,,,,,,,
1788760026,PiLZcsinHkLpw1DPdvTKZwSVLcyZpMDujp141GPJCGT,Anthropig,hotctl1h,205.8,False,False,,,0,6,,,0.08130899987902246,153807131968,18967739,1000,98,612.24,True,0.818,1000,dex,0,969,461,2.102,969,461,49308.8,49308.8,35.3,35.3,21012.08,,,,,,,,
1788760158,7T1Cz1ErTFGyhXbsAbrM4LPamjdoAqxj3VYRTVZSpump,Buffet,hotctl,143.9,False,False,,,0,6,,,1.5418729116760588,117518336081,18971535,1000,95,631.58,True,0.836,1000,dex,0,438,351,1.248,438,351,43248.04,43248.04,358.0,358.0,,,,,,1.9753,,,
1788760158,7T1Cz1ErTFGyhXbsAbrM4LPamjdoAqxj3VYRTVZSpump,Buffet,hotctl1h,143.9,False,False,,,0,6,,,1.278283973714175,117326131084,18971535,1000,95,631.58,True,0.836,1000,dex,0,438,351,1.248,438,351,43248.04,43248.04,358.0,358.0,,,,,,1.9753,,,
1788760286,7MHeB5v7zKk4Fg6t4UcKZr485fd2FMrdgoRRzoo3pump,Buffet,hotctl,130.3,False,False,,,0,6,,,0.9254152205254157,71916709112,19014725,1000,145,413.79,True,0.705,1000,dex,0,548,319,1.718,548,319,48819.44,48819.44,370.0,370.0,,,,,,,,,
1788760286,7MHeB5v7zKk4Fg6t4UcKZr485fd2FMrdgoRRzoo3pump,Buffet,hotctl1h,130.3,False,False,,,0,6,,,1.982731302301025,64217295151,19014725,1000,145,413.79,True,0.705,1000,dex,0,548,319,1.718,548,319,48819.44,48819.44,370.0,370.0,,,,,,,,,
1788760451,C4v5zqg9vCvwASqd7ytn5TQBfSYUviqVULuGj9maystX,101,organic,227.9,False,False,,,0,6,,,0.3240192818801606,90258241614,19002485,1000,173,346.82,True,0.091,1000,dex,0,573,132,4.341,573,132,13589.33,13589.33,26.53,26.53,38006.51,,,,,,,,
1788760451,C4v5zqg9vCvwASqd7ytn5TQBfSYUviqVULuGj9maystX,101,hotctl,227.9,False,False,,,0,6,,,0.408034958856165,89974384586,19002485,1000,173,346.82,True,0.091,1000,dex,0,573,132,4.341,573,132,13589.33,13589.33,26.53,26.53,38006.51,,,,,,,,
1788760451,3BN3hAJ94ymaG5FcdokFfeGYizzXvi7vgdUSRxv2JJKr,AMD,hotctl,239.9,False,False,,,0,6,,,1.5232437469583522,62635890117,19002485,1000,47,1276.6,True,0.905,1000,dex,0,785,563,1.394,785,563,46072.52,46072.52,-4.01,-4.01,15181.47,,,,,,,,
1788760451,4X44MTFwuMk6KFNYdRA8CpkKY4zgvmbAMsunuKhszLAZ,AMD,hotctl,254.9,False,False,,,0,6,,,1.6526044979293042,13060271650,19002485,1000,118,508.47,True,0.352,1000,dex,0,643,557,1.154,643,557,53751.13,53751.13,363.0,363.0,37037.02,,,,,,,,
1788760451,Ac35uixmZn2aCKEZtAkdNkurhSvWKFyh621L5kvBBWUX,ape,hotctl,172.9,False,False,,,0,6,,,0.0,46883824264,19002485,1000,95,631.58,True,0.557,1000,dex,0,588,600,0.98,588,600,14329.35,14329.35,236.0,236.0,,,,,,,,,
1788760451,9rGEWw56dQgaYnjJzjv6dT4ugwjbkp4vmb1xeJLifEnQ,Birkin,hotctl,191.9,False,False,,,0,6,,,2.237017672271205,256284481998,19002485,1000,203,295.57,True,0.669,1000,dex,0,375,249,1.506,375,249,29740.23,29740.23,24.06,24.06,,,,,,,,,
1788760451,C4v5zqg9vCvwASqd7ytn5TQBfSYUviqVULuGj9maystX,101,organic1h,227.9,False,False,,,0,6,,,0.280496356660035,89775315771,19002485,1000,173,346.82,True,0.091,1000,dex,0,573,132,4.341,573,132,13589.33,13589.33,26.53,26.53,38006.51,,,,,,,,
1788760451,C4v5zqg9vCvwASqd7ytn5TQBfSYUviqVULuGj9maystX,101,hotctl1h,227.9,False,False,,,0,6,,,0.0,89883402019,19002485,1000,173,346.82,True,0.091,1000,dex,0,573,132,4.341,573,132,13589.33,13589.33,26.53,26.53,38006.51,,,,,,,,
1788760451,3BN3hAJ94ymaG5FcdokFfeGYizzXvi7vgdUSRxv2JJKr,AMD,hotctl1h,239.9,False,False,,,0,6,,,2.0784721719470025,63358900163,19002485,1000,47,1276.6,True,0.905,1000,dex,0,785,563,1.394,785,563,46072.52,46072.52,-4.01,-4.01,15181.47,,,,,,,,
1788760451,4X44MTFwuMk6KFNYdRA8CpkKY4zgvmbAMsunuKhszLAZ,AMD,hotctl1h,254.9,False,False,,,0,6,,,0.7875601243998205,14158509869,19002485,1000,118,508.47,True,0.352,1000,dex,0,643,557,1.154,643,557,53751.13,53751.13,363.0,363.0,37037.02,,,,,,,,
1788760451,Ac35uixmZn2aCKEZtAkdNkurhSvWKFyh621L5kvBBWUX,ape,hotctl1h,172.9,False,False,,,0,6,,,3.3144237872534803,47181600535,19002485,1000,95,631.58,True,0.557,1000,dex,0,588,600,0.98,588,600,14329.35,14329.35,236.0,236.0,,,,,,,,,
1788760451,9rGEWw56dQgaYnjJzjv6dT4ugwjbkp4vmb1xeJLifEnQ,Birkin,hotctl1h,191.9,False,False,,,0,6,,,1.1455621333945558,251167353179,19002485,1000,203,295.57,True,0.669,1000,dex,0,375,249,1.506,375,249,29740.23,29740.23,24.06,24.06,,,,,,,,,
1788760601,8n4uvApyv7csTAeHKr1nN36pJquXYn73Q82h4rdkc9jv,隐私狗,organic,206.1,False,False,,,0,6,,,0.0,630310213,19028631,621,256,145.55,False,0.0548,621,dex,0,431,50,8.62,431,50,11852.75,11852.75,30447.0,30447.0,18994.2,,,,,,,,
1788760601,2LiEw2R1ThP9NmnNHxNP5pDqxQmqZLDYXdSMrC9jy8CQ,AMD,hotctl,121.1,False,False,,,0,6,,,1.4919104290592686,124640578777,19028631,1000,100,600.0,True,0.79,1000,dex,0,518,379,1.367,518,379,62592.45,62592.45,56.89,56.89,22852.69,,,,,,,,
1788760601,8n4uvApyv7csTAeHKr1nN36pJquXYn73Q82h4rdkc9jv,隐私狗,hotctl,206.1,False,False,,,0,6,,,0.7488782939414361,613671870,19028631,621,256,145.55,False,0.0548,621,dex,0,431,50,8.62,431,50,11852.75,11852.75,30447.0,30447.0,18994.2,,,,,,,,
1788760601,8X7uhLYBSfnRnApUQYH3b4Qm7vzyMMk5hXsnMQpCpump,CatGPT,hotctl,275.1,False,False,,,0,6,,,2.334685258316461,16328900107,19028631,1000,54,1111.11,True,0.962,1000,dex,0,3322,1256,2.645,4007,1469,8605.27,18925.51,-6.36,163.0,27356.8,,,,,85.0054,,,
1788760601,8n4uvApyv7csTAeHKr1nN36pJquXYn73Q82h4rdkc9jv,隐私狗,organic1h,206.1,False,False,,,0,6,,,0.3412993954746309,613920795,19028631,621,256,145.55,False,0.0548,621,dex,0,431,50,8.62,431,50,11852.75,11852.75,30447.0,30447.0,18994.2,,,,,,,,
1788760601,2LiEw2R1ThP9NmnNHxNP5pDqxQmqZLDYXdSMrC9jy8CQ,AMD,hotctl1h,121.1,False,False,,,0,6,,,0.0,126015825055,19028631,1000,100,600.0,True,0.79,1000,dex,0,518,379,1.367,518,379,62592.45,62592.45,56.89,56.89,22852.69,,,,,,,,
1788760601,8n4uvApyv7csTAeHKr1nN36pJquXYn73Q82h4rdkc9jv,隐私狗,hotctl1h,206.1,False,False,,,0,6,,,2.190123643808263,602561444,19028631,621,256,145.55,False,0.0548,621,dex,0,431,50,8.62,431,50,11852.75,11852.75,30447.0,30447.0,18994.2,,,,,,,,
1788760601,8X7uhLYBSfnRnApUQYH3b4Qm7vzyMMk5hXsnMQpCpump,CatGPT,hotctl1h,275.1,False,False,,,0,6,,,0.9691795565726274,16314434659,19028631,1000,54,1111.11,True,0.962,1000,dex,0,3322,1256,2.645,4007,1469,8605.27,18925.51,-6.36,163.0,27356.8,,,,,85.0054,,,
1788760706,7T1Cz1ErTFGyhXbsAbrM4LPamjdoAqxj3VYRTVZSpump,Buffet,organic,691.6,False,False,,,0,6,,,1.324098567035381,483159965775,19025532,1000,626,95.85,True,0.0,62,dex,0,378,289,1.308,695,557,32617.41,67963.95,-61.72,90.83,,,,,,,,,
1788760706,9rGEWw56dQgaYnjJzjv6dT4ugwjbkp4vmb1xeJLifEnQ,Birkin,organic,446.6,False,False,,,0,6,,,2.829574041284259,288958443477,19025532,1000,203,295.57,True,0.669,1000,dex,0,375,249,1.506,375,249,29740.23,29740.23,24.06,24.06,,,,,,,,,
1788760706,8Wu1fqgKfopSFA5hrewHcWSNo7UvJxi8F1pGt3gbpump,Turdcoin,hotctl,238.6,False,False,,,0,6,,,1.6693182444776107,202501740737,19025532,1000,243,246.91,True,0.622,1000,dex,0,311,300,1.037,311,300,40161.35,40161.35,132.0,132.0,,,,,,5.0,,,
1788760706,7T1Cz1ErTFGyhXbsAbrM4LPamjdoAqxj3VYRTVZSpump,Buffet,organic1h,691.6,False,False,,,0,6,,,1.3238116857977182,483159965775,19025532,1000,626,95.85,True,0.0,62,dex,0,378,289,1.308,695,557,32617.41,67963.95,-61.72,90.83,,,,,,,,,
1788760706,9rGEWw56dQgaYnjJzjv6dT4ugwjbkp4vmb1xeJLifEnQ,Birkin,organic1h,446.6,False,False,,,0,6,,,2.8206890376864675,288958443477,19025532,1000,203,295.57,True,0.669,1000,dex,0,375,249,1.506,375,249,29740.23,29740.23,24.06,24.06,,,,,,,,,
1788760706,8Wu1fqgKfopSFA5hrewHcWSNo7UvJxi8F1pGt3gbpump,Turdcoin,hotctl1h,238.6,False,False,,,0,6,,,1.666577418184545,202501740737,19025532,1000,243,246.91,True,0.622,1000,dex,0,311,300,1.037,311,300,40161.35,40161.35,132.0,132.0,,,,,,5.0,,,
1788760869,FtC5Wz2F4W3QqRuJQF7y8xhamPEYkNTusRmBt84h8kuB,pupfun,hotctl,149.5,False,False,,,0,6,,,1.163016014079928,26000378076,19024886,1000,99,606.06,True,0.566,1000,dex,0,868,926,0.937,868,926,21943.87,21943.87,300.0,300.0,,,,,,,,,
1788760869,D1UU66RctpjKcz9AoZdbtWL6EArHJ1WJyQMpxaqy6LSV,BUFFETT,hotctl1h,177.5,False,False,,,0,6,,,0.904781914629298,188642137071,19024886,1000,208,288.46,True,0.741,1000,dex,0,347,255,1.361,347,255,37068.93,37068.93,161.0,161.0,,,,,,,,,
1788760869,FtC5Wz2F4W3QqRuJQF7y8xhamPEYkNTusRmBt84h8kuB,pupfun,hotctl1h,149.5,False,False,,,0,6,,,1.7967372301884166,25724074914,19024886,1000,99,606.06,True,0.566,1000,dex,0,868,926,0.937,868,926,21943.87,21943.87,300.0,300.0,,,,,,,,,
1788761074,CJo8AVM7jThk3GnDUwgPzKCGUEM4SFcbgWciauTjekri,Walter,hotctl,212.4,False,False,,,0,6,,,0.49539648624261184,235835548745,19017759,1000,198,303.03,True,0.621,1000,dex,0,573,460,1.246,573,460,36150.18,36150.18,80.06,80.06,,,,,,,,,
1788761074,3JG4GCpNLWg9ejmbW1yQt6hTNtQap7cmx3faiQJ2pump,AUtism,hotctl,288.4,False,False,,,0,6,,,3.541023612537702,47696852069,19017759,1000,29,2068.97,True,0.987,1000,dex,0,1177,880,1.337,2340,2510,83429.13,162506.02,-6.29,3.9,16320.92,,,,,,,,
1788761074,CJo8AVM7jThk3GnDUwgPzKCGUEM4SFcbgWciauTjekri,Walter,hotctl1h,212.4,False,False,,,0,6,,,1.7116199894758175,233754494632,19017759,1000,198,303.03,True,0.621,1000,dex,0,573,460,1.246,573,460,36150.18,36150.18,80.06,80.06,,,,,,,,,
1788761074,3JG4GCpNLWg9ejmbW1yQt6hTNtQap7cmx3faiQJ2pump,AUtism,hotctl1h,288.4,False,False,,,0,6,,,2.7720377053883913,47770341508,19017759,1000,29,2068.97,True,0.987,1000,dex,0,1177,880,1.337,2340,2510,83429.13,162506.02,-6.29,3.9,16320.92,,,,,,,,
1788761223,8mcu6RqpYJyiBrpf1RduANLtqFPpaERBsKevBvSLpump,funcoin,hotctl,174.9,False,False,,,0,6,,,0.39004866395120336,264878326353,19016201,1000,182,329.67,True,0.67,1000,dex,0,385,293,1.314,385,293,36784.96,36784.96,99.8,99.8,,,,,,2.0,,,
1788761223,DEvvRbCSx3QJKwnYmaC8K4mWLJ7Uz5RhEPMYBG6tpump,feminism,hotctl,189.9,False,False,,,0,6,,,1.199621229085937,659169109169,19016201,770,210,220.0,False,0.3922,770,dex,0,319,312,1.022,319,312,39572.64,39572.64,-4.42,-4.42,,,,,,0.0,,,
1788761223,8m81LHoctUyMxN5vnCZLuo1U8pGkrjgVCDAuL1iGpump,Anturil,hotctl,197.9,False,False,,,0,6,,,0.0,607082252637,19016201,1000,141,425.53,True,0.825,1000,dex,0,311,225,1.382,311,225,21818.97,21818.97,52.55,52.55,,,,,,3.0,,,
1788761223,8mcu6RqpYJyiBrpf1RduANLtqFPpaERBsKevBvSLpump,funcoin,hotctl1h,174.9,False,False,,,0,6,,,0.4002219911209941,264878326353,19016201,1000,182,329.67,True,0.67,1000,dex,0,385,293,1.314,385,293,36784.96,36784.96,99.8,99.8,,,,,,2.0,,,
1788761223,DEvvRbCSx3QJKwnYmaC8K4mWLJ7Uz5RhEPMYBG6tpump,feminism,hotctl1h,189.9,False,False,,,0,6,,,1.2054220597422773,659169109169,19016201,770,210,220.0,False,0.3922,770,dex,0,319,312,1.022,319,312,39572.64,39572.64,-4.42,-4.42,,,,,,0.0,,,
1788761223,8m81LHoctUyMxN5vnCZLuo1U8pGkrjgVCDAuL1iGpump,Anturil,hotctl1h,197.9,False,False,,,0,6,,,0.0,607082252637,19016201,1000,141,425.53,True,0.825,1000,dex,0,311,225,1.382,311,225,21818.97,21818.97,52.55,52.55,,,,,,3.0,,,
1788761377,DGKXEfEpLKUxLXs8P3q3YbguQrjTbcBKCXTikVeKbop7,BIRK,hotctl,158.0,False,False,,,0,6,,,0.0,125220190770,19007372,1000,56,1071.43,True,0.992,1000,dex,0,626,339,1.847,626,339,121790.23,121790.23,199.0,199.0,13221.37,,,,,,,,
1788761377,ERm4Dp7Cf9Yd1scwzx57UV2ot3kSWAtwAqpiyfgZpump,HOLD,hotctl,247.0,False,False,,,0,6,,,1.3440833449746485,391326934368,19007372,1000,66,909.09,True,0.887,1000,dex,0,668,735,0.909,668,735,25542.61,25542.61,272.0,272.0,,,,,,,,,
1788761377,DGKXEfEpLKUxLXs8P3q3YbguQrjTbcBKCXTikVeKbop7,BIRK,hotctl1h,158.0,False,False,,,0,6,,,0.0,125220190770,19007372,1000,56,1071.43,True,0.992,1000,dex,0,626,339,1.847,626,339,121790.23,121790.23,199.0,199.0,13221.37,,,,,,,,
1788761377,ERm4Dp7Cf9Yd1scwzx57UV2ot3kSWAtwAqpiyfgZpump,HOLD,hotctl1h,247.0,False,False,,,0,6,,,1.3693410651466287,414858078736,19007372,1000,66,909.09,True,0.887,1000,dex,0,668,735,0.909,668,735,25542.61,25542.61,272.0,272.0,,,,,,,,,
1788761586,DQbyTjQZHHCCxddwywFPstS8uqjcgU1XQDQgZsRZSyAe,SHRIMPS,hotctl,149.6,False,False,,,0,6,,,0.5349497375058145,18713217209,18985137,1000,99,606.06,True,0.633,1000,dex,0,671,638,1.052,671,638,12141.66,12141.66,4.33,4.33,,,,,,,,,
1788761586,Ak6KqAZFunjyqdLFkrXxsFXig3GB84YKaDY8HZQYpump,OTCbot,hotctl,191.6,False,False,,,0,6,,,4.0631947545984275,446904830682,18985137,1000,144,416.67,True,0.899,1000,dex,0,533,532,1.002,533,532,44191.82,44191.82,44.43,44.43,,,,,,2.0,,,
1788761586,DQbyTjQZHHCCxddwywFPstS8uqjcgU1XQDQgZsRZSyAe,SHRIMPS,hotctl1h,149.6,False,False,,,0,6,,,0.0,15654623195,18985137,1000,99,606.06,True,0.633,1000,dex,0,671,638,1.052,671,638,12141.66,12141.66,4.33,4.33,,,,,,,,,
1788761586,Ak6KqAZFunjyqdLFkrXxsFXig3GB84YKaDY8HZQYpump,OTCbot,hotctl1h,191.6,False,False,,,0,6,,,1.7333829602808541,443997930801,18985137,1000,144,416.67,True,0.899,1000,dex,0,533,532,1.002,533,532,44191.82,44191.82,44.43,44.43,,,,,,2.0,,,
1788761679,ERm4Dp7Cf9Yd1scwzx57UV2ot3kSWAtwAqpiyfgZpump,HOLD,organic,548.6,False,False,,,0,6,,,0.0,640534045756,18977852,1000,66,909.09,True,0.887,1000,dex,0,668,735,0.909,668,735,25542.61,25542.61,272.0,272.0,,,,,,,,,
1788761679,72aNounTzT7CzFfnmaVpuFKuVit2vrruft99h9ZqYdEq,ape,hotctl,387.6,False,False,,,0,6,,,0.06227820876449813,21897367493,18977852,1000,133,451.13,True,0.392,1000,dex,0,523,578,0.905,855,915,11403.27,18605.15,43.38,287.0,,,,,,,,,
1788761679,ERm4Dp7Cf9Yd1scwzx57UV2ot3kSWAtwAqpiyfgZpump,HOLD,organic1h,548.6,False,False,,,0,6,,,0.0,640534045756,18977852,1000,66,909.09,True,0.887,1000,dex,0,668,735,0.909,668,735,25542.61,25542.61,272.0,272.0,,,,,,,,,
1788761806,GsoDPNVT3vKK6UogL667AFsN8k8GKuSYyYfCtJS8zLAq,旺柴,hotctl,235.4,False,False,,,0,6,,,0.254590790198932,150061054548,18991251,1000,201,298.51,True,0.419,1000,dex,0,758,439,1.727,768,439,150568.33,150781.8,37.48,40.91,21167.98,,,,,,,,
1788761806,D5eM9fWYqU8HbSqb6zcekYefRgtkV6rbKxAao1cEpump,funcoin,hotctl,287.4,False,False,,,0,6,,,1.38437652519472,220792504209,18991251,1000,271,221.4,True,0.469,1000,dex,0,467,390,1.197,467,390,42999.02,42999.02,191.0,191.0,,,,,,3.0,,,
1788761806,GsoDPNVT3vKK6UogL667AFsN8k8GKuSYyYfCtJS8zLAq,旺柴,hotctl1h,235.4,False,False,,,0,6,,,0.0,151391054063,18991251,1000,201,298.51,True,0.419,1000,dex,0,758,439,1.727,768,439,150568.33,150781.8,37.48,40.91,21167.98,,,,,,,,
1788761806,D5eM9fWYqU8HbSqb6zcekYefRgtkV6rbKxAao1cEpump,funcoin,hotctl1h,287.4,False,False,,,0,6,,,1.2598354171098076,220545011239,18991251,1000,271,221.4,True,0.469,1000,dex,0,467,390,1.197,467,390,42999.02,42999.02,191.0,191.0,,,,,,3.0,,,
1788762097,CNqExQHJ9ZvNyFsqWEQJGMTY3X3bk8wCcakcKmy73m4W,NEX Ai,organic,125.1,False,False,,,0,6,,,0.28368121640048805,113780449299,19019226,441,171,154.74,False,0.1066,441,dex,0,316,56,5.643,316,56,4367.8,4367.8,27.28,27.28,29828.36,,,,,,,,
1788762097,7xMJzVtCtBQJnmT9MwnAPHCh6vgYwD3XjgL5NSovzKXs,Doogle,organic,267.1,False,False,,,0,6,,,2.362662036553808,71771571740,19019226,1000,136,441.18,True,0.214,1000,dex,0,728,815,0.893,864,923,41795.04,46037.95,-48.52,-36.58,12505.45,,,,,,,,
1788762097,CNqExQHJ9ZvNyFsqWEQJGMTY3X3bk8wCcakcKmy73m4W,NEX Ai,hotctl,125.1,False,False,,,0,6,,,0.4318440874094614,114110080411,19019226,441,171,154.74,False,0.1066,441,dex,0,316,56,5.643,316,56,4367.8,4367.8,27.28,27.28,29828.36,,,,,,,,
1788762097,5TFcPs8s9zLWfFiaRRNtcucxoMxiprTxX86xt2WFSBcj,trencher,hotctl,170.1,False,False,,,0,6,,,0.051466331752711855,87624880238,19019226,1000,84,714.29,True,0.85,1000,dex,0,1271,401,3.17,1271,401,72240.11,72240.11,125.0,125.0,30800.33,,,,,,,,
1788762097,7xMJzVtCtBQJnmT9MwnAPHCh6vgYwD3XjgL5NSovzKXs,Doogle,hotctl,267.1,False,False,,,0,6,,,4.21057176537986,62848332704,19019226,1000,136,441.18,True,0.214,1000,dex,0,728,815,0.893,864,923,41795.04,46037.95,-48.52,-36.58,12505.45,,,,,,,,
1788762097,6uFVhADFUt3FEoxXAZbp7Y2mW6hUrrrKw8Py2bjBLRVG,funcoin,hotctl,290.1,False,False,,,0,6,,,0.20654357438982512,140844913181,19019226,1000,109,550.46,True,0.729,1000,dex,0,1545,738,2.093,1894,881,151273.93,181466.77,43.35,62.66,22001.56,,,,,,,,
1788762097,CNqExQHJ9ZvNyFsqWEQJGMTY3X3bk8wCcakcKmy73m4W,NEX Ai,organic1h,125.1,False,False,,,0,6,,,0.4982616967320242,113051306539,19019226,441,171,154.74,False,0.1066,441,dex,0,316,56,5.643,316,56,4367.8,4367.8,27.28,27.28,29828.36,,,,,,,,
1788762097,7xMJzVtCtBQJnmT9MwnAPHCh6vgYwD3XjgL5NSovzKXs,Doogle,organic1h,267.1,False,False,,,0,6,,,1.2529353325305523,62733962248,19019226,1000,136,441.18,True,0.214,1000,dex,0,728,815,0.893,864,923,41795.04,46037.95,-48.52,-36.58,12505.45,,,,,,,,
1788762097,CNqExQHJ9ZvNyFsqWEQJGMTY3X3bk8wCcakcKmy73m4W,NEX Ai,hotctl1h,125.1,False,False,,,0,6,,,0.48843769096790546,113051184559,19019226,441,171,154.74,False,0.1066,441,dex,0,316,56,5.643,316,56,4367.8,4367.8,27.28,27.28,29828.36,,,,,,,,
1788762097,95uzqEWnxMmdg9MjycSZexPEWNSZVdQV6Yco7RrsMMka,funcoin,hotctl1h,162.1,False,False,,,0,6,,,0.4131047016084236,316056617240,19019226,1000,89,674.16,True,0.853,1000,dex,0,462,456,1.013,462,456,92736.29,92736.29,-11.9,-11.9,7195.35,,,,,,,,
1788762097,5TFcPs8s9zLWfFiaRRNtcucxoMxiprTxX86xt2WFSBcj,trencher,hotctl1h,170.1,False,False,,,0,6,,,0.6164016653520876,96872669448,19019226,1000,84,714.29,True,0.85,1000,dex,0,1271,401,3.17,1271,401,72240.11,72240.11,125.0,125.0,30800.33,,,,,,,,
1788762097,7xMJzVtCtBQJnmT9MwnAPHCh6vgYwD3XjgL5NSovzKXs,Doogle,hotctl1h,267.1,False,False,,,0,6,,,0.27192607440073546,71445990217,19019226,1000,136,441.18,True,0.214,1000,dex,0,728,815,0.893,864,923,41795.04,46037.95,-48.52,-36.58,12505.45,,,,,,,,
1788762097,6uFVhADFUt3FEoxXAZbp7Y2mW6hUrrrKw8Py2bjBLRVG,funcoin,hotctl1h,290.1,False,False,,,0,6,,,2.661432145893535,134185452843,19019226,1000,109,550.46,True,0.729,1000,dex,0,1545,738,2.093,1894,881,151273.93,181466.77,43.35,62.66,22001.56,,,,,,,,
1788762255,8doacfdnHb7p4iTS5M9vbF2LKV7eFgsuyuHFz8Xbpump,NTDA,hotctl,185.4,False,False,,,0,6,,,0.12964678193264217,12639653,19019226,778,236,197.8,False,0.3072,778,dex,0,580,9,64.444,580,9,533176.82,533176.82,359465.0,359465.0,1078286.81,,,,,85.0054,,,
1788762255,BTReVhwEwowXvmeU8WsRMQmdTxDWr8a5uay5oPtt4gD6,DogeKing,hotctl,217.4,False,False,,,0,6,,,0.0,73520150203,19019226,1000,133,451.13,True,0.596,1000,dex,0,931,566,1.645,931,566,246370.84,246370.84,248.0,248.0,26928.78,,,,,,,,
1788762255,AxwhpoFv7EGhSz583ZVkc2wqg3RrbvLnyXnyvB76tren,trencher,hotctl,236.4,False,False,,,0,6,,,3.481189390090574,113373414636,19019226,1000,129,465.12,True,0.592,1000,dex,0,1231,847,1.453,1231,847,60062.27,60062.27,-56.78,-56.78,9773.05,,,,,,,,
1788762255,8doacfdnHb7p4iTS5M9vbF2LKV7eFgsuyuHFz8Xbpump,NTDA,hotctl1h,185.4,False,False,,,0,6,,,0.11980551483710504,12636205,19019226,778,236,197.8,False,0.3072,778,dex,0,580,9,64.444,580,9,533176.82,533176.82,359465.0,359465.0,1078286.81,,,,,85.0054,,,
1788762255,BTReVhwEwowXvmeU8WsRMQmdTxDWr8a5uay5oPtt4gD6,DogeKing,hotctl1h,217.4,False,False,,,0,6,,,0.0,86707249865,19019226,1000,133,451.13,True,0.596,1000,dex,0,931,566,1.645,931,566,246370.84,246370.84,248.0,248.0,26928.78,,,,,,,,
1788762255,AxwhpoFv7EGhSz583ZVkc2wqg3RrbvLnyXnyvB76tren,trencher,hotctl1h,236.4,False,False,,,0,6,,,1.3307650381668736,109512068611,19019226,1000,129,465.12,True,0.592,1000,dex,0,1231,847,1.453,1231,847,60062.27,60062.27,-56.78,-56.78,9773.05,,,,,,,,
1788762376,G64WzsH9xbgWnXwzWAhW7NDBkHiFYcEoexQqY9Kwpump,NASDICK,organic,2858.7,False,False,,,0,6,,,0.8407382819692114,7903289880,18994173,1000,289,207.61,True,0.036,1000,boost,100,661,200,3.305,4965,1140,28676.12,358259.77,25.11,284.0,41631.45,,,,,,,,
1788762376,8doacfdnHb7p4iTS5M9vbF2LKV7eFgsuyuHFz8Xbpump,NTDA,organic,306.7,False,False,,,0,6,,,0.0757668905516515,12441384,18994173,778,236,197.8,False,0.3072,778,dex,0,769,20,38.45,904,20,12304.75,539509.95,2.94,365190.0,1086864.65,,,,,85.0054,,,
1788762376,G64WzsH9xbgWnXwzWAhW7NDBkHiFYcEoexQqY9Kwpump,NASDICK,hotctl,2858.7,False,False,,,0,6,,,0.9336789538102648,7831469669,18994173,1000,289,207.61,True,0.036,1000,boost,100,661,200,3.305,4965,1140,28676.12,358259.77,25.11,284.0,41631.45,,,,,,,,
1788762376,G64WzsH9xbgWnXwzWAhW7NDBkHiFYcEoexQqY9Kwpump,NASDICK,organic1h,2858.7,False,False,,,0,6,,,0.9343024137726187,7827500300,18994173,1000,289,207.61,True,0.036,1000,boost,100,661,200,3.305,4965,1140,28676.12,358259.77,25.11,284.0,41631.45,,,,,,,,
1788762376,8doacfdnHb7p4iTS5M9vbF2LKV7eFgsuyuHFz8Xbpump,NTDA,organic1h,306.7,False,False,,,0,6,,,0.05826245816469202,12440461,18994173,778,236,197.8,False,0.3072,778,dex,0,769,20,38.45,904,20,12304.75,539509.95,2.94,365190.0,1086864.65,,,,,85.0054,,,
1788762376,G64WzsH9xbgWnXwzWAhW7NDBkHiFYcEoexQqY9Kwpump,NASDICK,hotctl1h,2858.7,False,False,,,0,6,,,0.8966535653731298,7828641606,18994173,1000,289,207.61,True,0.036,1000,boost,100,661,200,3.305,4965,1140,28676.12,358259.77,25.11,284.0,41631.45,,,,,,,,
1788762521,t2QshbxDqjt2agZt87igytBgLNbmz7BsE3BjCHipump,SPX59X,organic,176.4,False,False,,,0,6,,,0.9691764836725203,272027464,19019577,1000,285,210.53,True,0.059,1000,dex,0,920,12,76.667,947,12,147.8,105973.99,2.64,16661.0,231159.15,,,,,,,,
1788762521,8JjyGKo1NvHc3pisJNGvJDfGF26B5Brd7sEXNt4Xpump,401k,hotctl,167.4,False,False,,,0,6,,,1.059687154029291,22752418703,19019577,1000,53,1132.08,True,0.927,1000,dex,0,3640,1282,2.839,3686,1291,11259.8,17728.15,-34.4,92.5,23131.81,,,,,,,,
1788762521,2zBYuwmXBzmd865MYSrAtTE71ZTgCC93Mx5VvDQXpump,WHIRL,hotctl,176.4,False,False,,,0,6,,,1.2323813968323323,19802559241,19019577,1000,61,983.61,True,0.977,1000,dex,0,3828,380,10.074,3836,380,9371.77,16806.9,-29.03,136.0,25786.32,,,,,,,,
1788762521,t2QshbxDqjt2agZt87igytBgLNbmz7BsE3BjCHipump,SPX59X,hotctl,176.4,False,False,,,0,6,,,0.9667193469440298,272026617,19019577,1000,285,210.53,True,0.059,1000,dex,0,920,12,76.667,947,12,147.8,105973.99,2.64,16661.0,231159.15,,,,,,,,
1788762521,3XH7gTLsXt8Gk4uNt4mvN8nC7QXrfwrY9CfqGLua6Wui,Webistics,hotctl,190.4,False,False,,,0,6,,,1.1974488894067794,33089345516,19019577,1000,78,769.23,True,0.846,1000,dex,0,979,768,1.275,1194,907,100180.49,121829.79,-28.06,62.35,21180.62,,,,,,,,
1788762521,t2QshbxDqjt2agZt87igytBgLNbmz7BsE3BjCHipump,SPX59X,organic1h,176.4,False,False,,,0,6,,,0.9610067518151463,272026202,19019577,1000,285,210.53,True,0.059,1000,dex,0,920,12,76.667,947,12,147.8,105973.99,2.64,16661.0,231159.15,,,,,,,,
1788762521,8JjyGKo1NvHc3pisJNGvJDfGF26B5Brd7sEXNt4Xpump,401k,hotctl1h,167.4,False,False,,,0,6,,,1.0890035774061688,22730170672,19019577,1000,53,1132.08,True,0.927,1000,dex,0,3640,1282,2.839,3686,1291,11259.8,17728.15,-34.4,92.5,23131.81,,,,,,,,
1788762521,2zBYuwmXBzmd865MYSrAtTE71ZTgCC93Mx5VvDQXpump,WHIRL,hotctl1h,176.4,False,False,,,0,6,,,1.1081234124427681,20387509630,19019577,1000,61,983.61,True,0.977,1000,dex,0,3828,380,10.074,3836,380,9371.77,16806.9,-29.03,136.0,25786.32,,,,,,,,
1788762521,t2QshbxDqjt2agZt87igytBgLNbmz7BsE3BjCHipump,SPX59X,hotctl1h,176.4,False,False,,,0,6,,,0.9186722291421097,272094516,19019577,1000,285,210.53,True,0.059,1000,dex,0,920,12,76.667,947,12,147.8,105973.99,2.64,16661.0,231159.15,,,,,,,,
1788762521,3XH7gTLsXt8Gk4uNt4mvN8nC7QXrfwrY9CfqGLua6Wui,Webistics,hotctl1h,190.4,False,False,,,0,6,,,1.0641861532905268,31544856969,19019577,1000,78,769.23,True,0.846,1000,dex,0,979,768,1.275,1194,907,100180.49,121829.79,-28.06,62.35,21180.62,,,,,,,,
1788762808,DYWB9irJ1uxnRXjX8uc9HRdh6xvC3tNvwfhuooCQNfJq,Stonks,organic,226.3,False,False,,,0,6,,,0.0758747472735809,277101783183,19028916,615,264,139.77,False,0.0065,615,dex,0,420,62,6.774,420,62,4233.31,4233.31,95.99,95.99,8085.35,,,,,,,,
1788762808,3ovo822eqjNoexHCm22UNmZY5iLdeTJ6jUQUUTcnpump,HOODLESS,hotctl,386.3,False,False,,,0,6,,,1.2808110620951882,108884897245,19028916,1000,277,216.61,True,0.328,1000,dex,0,517,407,1.27,517,407,40767.93,40767.93,221.0,221.0,,,,,,,,,
1788762808,5UBeKsfaPn9n1zw9DzX5hdiiQrTtzhorU5rRPvzny51N,BSC,hotctl,161.3,False,False,,,0,6,,,1.0057484272330937,109351060561,19028916,1000,74,810.81,True,0.849,1000,dex,0,901,555,1.623,901,555,122231.39,122231.39,86.63,86.63,24871.73,,,,,,,,
1788762808,7i7LLq7owSLsm41empjnGNPXZBFQNkRDyDvq4m5m86bp,Crown,hotctl,209.3,False,False,,,0,6,,,1.143912952216661,577977085129,19028916,1000,164,365.85,True,0.756,1000,dex,0,392,275,1.425,392,275,26975.21,26975.21,39.26,39.26,,,,,,4.8754,,,
1788762808,DYWB9irJ1uxnRXjX8uc9HRdh6xvC3tNvwfhuooCQNfJq,Stonks,hotctl,226.3,False,False,,,0,6,,,0.0,279104931565,19028916,615,264,139.77,False,0.0065,615,dex,0,420,62,6.774,420,62,4233.31,4233.31,95.99,95.99,8085.35,,,,,,,,
1788762808,DYWB9irJ1uxnRXjX8uc9HRdh6xvC3tNvwfhuooCQNfJq,Stonks,organic1h,226.3,False,False,,,0,6,,,0.328374599573294,276992154738,19028916,615,264,139.77,False,0.0065,615,dex,0,420,62,6.774,420,62,4233.31,4233.31,95.99,95.99,8085.35,,,,,,,,
1788762808,3ovo822eqjNoexHCm22UNmZY5iLdeTJ6jUQUUTcnpump,HOODLESS,hotctl1h,386.3,False,False,,,0,6,,,0.944792525924165,103307281540,19028916,1000,277,216.61,True,0.328,1000,dex,0,517,407,1.27,517,407,40767.93,40767.93,221.0,221.0,,,,,,,,,
1788762808,5UBeKsfaPn9n1zw9DzX5hdiiQrTtzhorU5rRPvzny51N,BSC,hotctl1h,161.3,False,False,,,0,6,,,0.0,109738576479,19028916,1000,74,810.81,True,0.849,1000,dex,0,901,555,1.623,901,555,122231.39,122231.39,86.63,86.63,24871.73,,,,,,,,
1788762808,7i7LLq7owSLsm41empjnGNPXZBFQNkRDyDvq4m5m86bp,Crown,hotctl1h,209.3,False,False,,,0,6,,,1.393114824437603,579562829367,19028916,1000,164,365.85,True,0.756,1000,dex,0,392,275,1.425,392,275,26975.21,26975.21,39.26,39.26,,,,,,4.8754,,,
1788762808,DYWB9irJ1uxnRXjX8uc9HRdh6xvC3tNvwfhuooCQNfJq,Stonks,hotctl1h,226.3,False,False,,,0,6,,,0.12284717091426867,279095508559,19028916,615,264,139.77,False,0.0065,615,dex,0,420,62,6.774,420,62,4233.31,4233.31,95.99,95.99,8085.35,,,,,,,,
1788763347,ATX4d2WXtbB9s2GhGPPKFXPToB8zNfMsGYTuaXKRpump,Monkey,hotctl,343.2,False,False,,,0,6,,,0.0,121984167826,19061505,1000,278,215.83,True,0.345,1000,dex,0,553,403,1.372,752,529,29956.8,43368.27,106.0,371.0,,,,,,,,,
1788763347,HZBv3crczgzwLjPENFLhCm2s8qbUgLwKgLgFgniRpump,WOFI,hotctl,350.2,False,False,,,0,6,,,0.5473785865684733,10481206,19061505,1000,97,618.56,True,0.357,1000,dex,0,987,459,2.15,1053,482,5232.94,587154.68,0.95,436184.0,1185853.06,,,,,,,,
1788763347,ATX4d2WXtbB9s2GhGPPKFXPToB8zNfMsGYTuaXKRpump,Monkey,hotctl1h,343.2,False,False,,,0,6,,,3.7720219668021677,143135354641,19061505,1000,278,215.83,True,0.345,1000,dex,0,553,403,1.372,752,529,29956.8,43368.27,106.0,371.0,,,,,,,,,
1788763347,HZBv3crczgzwLjPENFLhCm2s8qbUgLwKgLgFgniRpump,WOFI,hotctl1h,350.2,False,False,,,0,6,,,0.042951715500360685,10479712,19061505,1000,97,618.56,True,0.357,1000,dex,0,987,459,2.15,1053,482,5232.94,587154.68,0.95,436184.0,1185853.06,,,,,,,,
1788763441,4cjfA1d1exoizS53EZAw4PtvY9S4CwXqp8NJ1MG1Rhrq,Anthropig,hotctl,171.5,False,False,,,0,6,,,0.7546304528400786,132486388775,19059913,1000,160,375.0,True,0.428,1000,dex,0,664,286,2.322,664,286,29389.65,29389.65,63.06,63.06,22936.96,,,,,,,,
1788763441,4cjfA1d1exoizS53EZAw4PtvY9S4CwXqp8NJ1MG1Rhrq,Anthropig,hotctl1h,171.5,False,False,,,0,6,,,0.36298167024560724,136829177097,19059913,1000,160,375.0,True,0.428,1000,dex,0,664,286,2.322,664,286,29389.65,29389.65,63.06,63.06,22936.96,,,,,,,,
1788763581,7HB7P7sjxg6r7tuWKFZE2dsS5UwyhtqZPc92ZKK1hisU,BSS,hotctl,174.1,False,False,,,0,6,,,0.0,99315965788,19038937,1000,82,731.71,True,0.934,1000,dex,0,1691,903,1.873,1761,920,229469.26,233360.21,49.1,105.0,26225.32,,,,,,,,
1788763581,23o6pRDXH58sKGJEhUfD9rtDMuEn4LJFnUAbT7sUpump,funcoin,hotctl,163.1,False,False,,,0,6,,,1.1644996364792988,134569018369,19038937,1000,233,257.51,True,0.627,1000,dex,0,400,333,1.201,400,333,38380.38,38380.38,116.0,116.0,,,,,,,,,
1788763581,7HB7P7sjxg6r7tuWKFZE2dsS5UwyhtqZPc92ZKK1hisU,BSS,hotctl1h,174.1,False,False,,,0,6,,,0.0,93812870909,19038937,1000,82,731.71,True,0.934,1000,dex,0,1691,903,1.873,1761,920,229469.26,233360.21,49.1,105.0,26225.32,,,,,,,,
1788763581,23o6pRDXH58sKGJEhUfD9rtDMuEn4LJFnUAbT7sUpump,funcoin,hotctl1h,163.1,False,False,,,0,6,,,1.5545169518359787,133058893528,19038937,1000,233,257.51,True,0.627,1000,dex,0,400,333,1.201,400,333,38380.38,38380.38,116.0,116.0,,,,,,,,,
1788763765,75XgBGqYvC9GWNvydeMDS1hWg3UtxrYPXjnaWjjeVtkq,Nasduck,organic,285.2,False,False,,,0,6,,,0.3671940860969527,531186273,19033246,760,343,132.94,False,0.0449,735,dex,0,389,52,7.481,389,52,13717.96,13717.96,29905.0,29905.0,25068.72,,,,,,,,
1788763765,75XgBGqYvC9GWNvydeMDS1hWg3UtxrYPXjnaWjjeVtkq,Nasduck,hotctl,285.2,False,False,,,0,6,,,0.3449797482095891,531185790,19033246,760,343,132.94,False,0.0449,735,dex,0,389,52,7.481,389,52,13717.96,13717.96,29905.0,29905.0,25068.72,,,,,,,,
1788763765,FvqRUnB19Tq6vELpZoTFG3hqxzzVs4rBPfsfQfZJYdSa,AnsemAI,hotctl,142.2,False,False,,,0,6,,,1.5106300927384422,27045330393,19033246,1000,97,618.56,True,0.607,1000,dex,0,729,814,0.896,729,814,17243.54,17243.54,47.14,47.14,19970.35,,,,,0.3407,,,
1788763765,M4ZpodLNA11NB8L7goru2gUi96PjRJTkt8nDSiNpump,GLASS,hotctl,210.2,False,False,,,0,6,,,1.1140220700375996,48231945300,19033246,1000,58,1034.48,True,0.959,1000,dex,0,375,210,1.786,375,210,30643.31,30643.31,1030.0,1030.0,,,,,,,,,
1788763765,B8CdfhHqoRCcP5d4fMMuuYGyJQ75NEhJfGwm7faopump,Drone,hotctl,246.2,False,False,,,0,6,,,1.9601533134766487,323505804740,19033246,1000,255,235.29,True,0.569,1000,dex,0,402,318,1.264,402,318,32992.49,32992.49,42.69,42.69,,,,,,,,,
1788763765,75XgBGqYvC9GWNvydeMDS1hWg3UtxrYPXjnaWjjeVtkq,Nasduck,organic1h,285.2,False,False,,,0,6,,,0.24263449480027927,528811703,19033246,760,343,132.94,False,0.0449,735,dex,0,389,52,7.481,389,52,13717.96,13717.96,29905.0,29905.0,25068.72,,,,,,,,
1788763765,75XgBGqYvC9GWNvydeMDS1hWg3UtxrYPXjnaWjjeVtkq,Nasduck,hotctl1h,285.2,False,False,,,0,6,,,0.26324784623200237,528811544,19033246,760,343,132.94,False,0.0449,735,dex,0,389,52,7.481,389,52,13717.96,13717.96,29905.0,29905.0,25068.72,,,,,,,,
1788763765,FvqRUnB19Tq6vELpZoTFG3hqxzzVs4rBPfsfQfZJYdSa,AnsemAI,hotctl1h,142.2,False,False,,,0,6,,,1.9387958151161935,27520081113,19033246,1000,97,618.56,True,0.607,1000,dex,0,729,814,0.896,729,814,17243.54,17243.54,47.14,47.14,19970.35,,,,,0.3407,,,
1788763765,M4ZpodLNA11NB8L7goru2gUi96PjRJTkt8nDSiNpump,GLASS,hotctl1h,210.2,False,False,,,0,6,,,1.8610257558818264,47977568123,19033246,1000,58,1034.48,True,0.959,1000,dex,0,375,210,1.786,375,210,30643.31,30643.31,1030.0,1030.0,,,,,,,,,
1788763765,B8CdfhHqoRCcP5d4fMMuuYGyJQ75NEhJfGwm7faopump,Drone,hotctl1h,246.2,False,False,,,0,6,,,1.5181267054650742,314151587640,19033246,1000,255,235.29,True,0.569,1000,dex,0,402,318,1.264,402,318,32992.49,32992.49,42.69,42.69,,,,,,,,,
1788763918,B8CdfhHqoRCcP5d4fMMuuYGyJQ75NEhJfGwm7faopump,Drone,organic,399.9,False,False,,,0,6,,,1.2594097636885175,326029709093,19035018,1000,255,235.29,True,0.569,1000,dex,0,402,318,1.264,402,318,32992.49,32992.49,42.69,42.69,,,,,,,,,
1788763918,4RBr7p2Ece6VVVH5EDmUpMFZGaX6C5hBpjbpnC4Upump,NTDA,organic,187.9,False,False,,,0,6,,,0.1472363453085566,16060660,19035018,641,228,168.68,False,0.1888,641,dex,0,497,10,49.7,497,10,471363.04,471363.04,284558.0,284558.0,957554.95,,,,,85.0054,,,
1788763918,45sMyHDS7zN4Fmk5LfC5N7hgocL71cYA4SLzZuK4pump,Chip,hotctl,157.9,False,False,,,0,6,,,1.113062678950044,33333888392,19035018,1000,8,7500.0,True,1.0,1000,dex,0,691,490,1.41,691,490,46588.8,46588.8,14.76,14.76,17109.71,,,,,,,,
1788763918,4RBr7p2Ece6VVVH5EDmUpMFZGaX6C5hBpjbpnC4Upump,NTDA,hotctl,187.9,False,False,,,0,6,,,0.1301750119313873,16060513,19035018,641,228,168.68,False,0.1888,641,dex,0,497,10,49.7,497,10,471363.04,471363.04,284558.0,284558.0,957554.95,,,,,85.0054,,,
1788763918,B8CdfhHqoRCcP5d4fMMuuYGyJQ75NEhJfGwm7faopump,Drone,organic1h,399.9,False,False,,,0,6,,,1.4855554356096854,325069933888,19035018,1000,255,235.29,True,0.569,1000,dex,0,402,318,1.264,402,318,32992.49,32992.49,42.69,42.69,,,,,,,,,
1788763918,4RBr7p2Ece6VVVH5EDmUpMFZGaX6C5hBpjbpnC4Upump,NTDA,organic1h,187.9,False,False,,,0,6,,,0.13898795825240182,16059743,19035018,641,228,168.68,False,0.1888,641,dex,0,497,10,49.7,497,10,471363.04,471363.04,284558.0,284558.0,957554.95,,,,,85.0054,,,
1788763918,45sMyHDS7zN4Fmk5LfC5N7hgocL71cYA4SLzZuK4pump,Chip,hotctl1h,157.9,False,False,,,0,6,,,3.8794569814097457,33317244822,19035018,1000,8,7500.0,True,1.0,1000,dex,0,691,490,1.41,691,490,46588.8,46588.8,14.76,14.76,17109.71,,,,,,,,
1788763918,4RBr7p2Ece6VVVH5EDmUpMFZGaX6C5hBpjbpnC4Upump,NTDA,hotctl1h,187.9,False,False,,,0,6,,,0.12207225609425258,16059630,19035018,641,228,168.68,False,0.1888,641,dex,0,497,10,49.7,497,10,471363.04,471363.04,284558.0,284558.0,957554.95,,,,,85.0054,,,
1788764124,E6xxHDpuvDc6JJSMwJKpApY97Z7eagkGmT4nwCK4497H,iPhone,organic,221.7,False,False,,,0,6,,,0.2089812288425572,146464161166,19037191,719,340,126.88,False,0.0058,685,dex,0,509,36,14.139,604,48,3595.04,5268.67,33.47,62.18,20063.25,,,,,,,,
1788764124,9zDugd4xshhtifRS5RAHwhMF78ec9gv2DSPZKy6wdsFH,GPU,hotctl,149.7,False,False,,,0,6,,,2.793900991021877,227706246584,19037191,1000,224,267.86,True,0.519,1000,dex,0,439,327,1.343,439,327,30900.05,30900.05,189.0,189.0,,,,,,,,,
1788764124,6mVumLZ9oStvpjTkztbpDLKSMkAvvUFvKbHmqjg1WBUC,COT,hotctl,150.7,False,False,,,0,6,,,0.0,115690288335,19037191,1000,121,495.87,True,0.634,1000,dex,0,1112,550,2.022,1123,553,64135.32,66766.27,3.63,38.11,21568.68,,,,,,,,
1788764124,EQaARVEoLjVQZgsMBk3adKtG6z3fdSug1p1UURuFpump,WOFI,hotctl,166.7,False,False,,,0,6,,,0.214535340190552,132739960,19037191,1000,65,923.08,True,0.875,1000,dex,0,2614,324,8.068,2636,324,535.38,156948.23,1.41,34303.0,331674.48,,,,,,,,
1788764124,F1iZCkqkcYXCegYDq7JUVQvTSiejNqTa2NqDqrKppump,BEAST,hotctl,184.7,False,False,,,0,6,,,0.8092953214638173,1321188992,19037191,1000,20,3000.0,True,0.998,1000,dex,0,573,136,4.213,639,152,296.85,42119.02,5.58,3303.0,103038.53,,,,,,,,
1788764124,E6xxHDpuvDc6JJSMwJKpApY97Z7eagkGmT4nwCK4497H,iPhone,hotctl,221.7,False,False,,,0,6,,,0.5230254526280943,143691114653,19037191,719,340,126.88,False,0.0058,685,dex,0,509,36,14.139,604,48,3595.04,5268.67,33.47,62.18,20063.25,,,,,,,,
1788764124,A72AoGfo6UjV6fDcPV7cgniksJyYPZ9H1jzzmPDz6jXs,Chip,hotctl,282.7,False,False,,,0,6,,,0.0,154108525199,19037191,1000,99,606.06,True,0.74,1000,dex,0,1589,650,2.445,2338,970,105407.08,150819.88,27.39,68.4,20886.02,,,,,,,,
1788764124,E6xxHDpuvDc6JJSMwJKpApY97Z7eagkGmT4nwCK4497H,iPhone,organic1h,221.7,False,False,,,0,6,,,0.8512580362932731,143216842193,19037191,719,340,126.88,False,0.0058,685,dex,0,509,36,14.139,604,48,3595.04,5268.67,33.47,62.18,20063.25,,,,,,,,
1788764124,9zDugd4xshhtifRS5RAHwhMF78ec9gv2DSPZKy6wdsFH,GPU,hotctl1h,149.7,False,False,,,0,6,,,1.312100878424585,227529289147,19037191,1000,224,267.86,True,0.519,1000,dex,0,439,327,1.343,439,327,30900.05,30900.05,189.0,189.0,,,,,,,,,
1788764124,6mVumLZ9oStvpjTkztbpDLKSMkAvvUFvKbHmqjg1WBUC,COT,hotctl1h,150.7,False,False,,,0,6,,,0.7510724630130944,114053067609,19037191,1000,121,495.87,True,0.634,1000,dex,0,1112,550,2.022,1123,553,64135.32,66766.27,3.63,38.11,21568.68,,,,,,,,
1788764124,EQaARVEoLjVQZgsMBk3adKtG6z3fdSug1p1UURuFpump,WOFI,hotctl1h,166.7,False,False,,,0,6,,,0.273654341664233,132659627,19037191,1000,65,923.08,True,0.875,1000,dex,0,2614,324,8.068,2636,324,535.38,156948.23,1.41,34303.0,331674.48,,,,,,,,
1788764124,F1iZCkqkcYXCegYDq7JUVQvTSiejNqTa2NqDqrKppump,BEAST,hotctl1h,184.7,False,False,,,0,6,,,1.8705315013814012,1320824072,19037191,1000,20,3000.0,True,0.998,1000,dex,0,573,136,4.213,639,152,296.85,42119.02,5.58,3303.0,103038.53,,,,,,,,
1788764124,E6xxHDpuvDc6JJSMwJKpApY97Z7eagkGmT4nwCK4497H,iPhone,hotctl1h,221.7,False,False,,,0,6,,,0.18206656840713556,143216339831,19037191,719,340,126.88,False,0.0058,685,dex,0,509,36,14.139,604,48,3595.04,5268.67,33.47,62.18,20063.25,,,,,,,,
1788764124,A72AoGfo6UjV6fDcPV7cgniksJyYPZ9H1jzzmPDz6jXs,Chip,hotctl1h,282.7,False,False,,,0,6,,,0.0,158410092976,19037191,1000,99,606.06,True,0.74,1000,dex,0,1589,650,2.445,2338,970,105407.08,150819.88,27.39,68.4,20886.02,,,,,,,,
1788764411,Ad8fYuH9TrBuFiMCPNyYvRX8zJ2K4qMimKJkBEXewgH7,cyberbeer,hotctl,322.0,False,False,,,0,6,,,0.0,77881879016,19030259,1000,73,821.92,True,0.967,1000,dex,0,905,402,2.251,905,402,56090.97,56090.97,30.99,30.99,20686.06,,,,,,,,
1788764411,EFcqihjYWLkRTSQWWyG1YTsPdJdVrY2NMdjrzrMrRzS5,Chip,hotctl,365.0,False,False,,,0,6,,,0.0,145135865532,19030259,1000,178,337.08,True,0.3,1000,dex,0,662,326,2.031,662,326,34713.12,34713.12,45.19,45.19,21899.4,,,,,,,,
1788764411,2FbM2XmSwcL7JorRF1vBCS6UJtK9T76P47dCk7JBQrsb,Chip,hotctl,401.0,False,False,,,0,6,,,0.4517119158721228,118227997444,19030259,1000,201,298.51,True,0.32,1000,dex,0,495,420,1.179,495,420,106089.21,106089.21,22.09,22.09,20147.54,,,,,,,,
1788764411,Ad8fYuH9TrBuFiMCPNyYvRX8zJ2K4qMimKJkBEXewgH7,cyberbeer,hotctl1h,322.0,False,False,,,0,6,,,2.4961818176960087,73605231471,19030259,1000,73,821.92,True,0.967,1000,dex,0,905,402,2.251,905,402,56090.97,56090.97,30.99,30.99,20686.06,,,,,,,,
1788764411,EFcqihjYWLkRTSQWWyG1YTsPdJdVrY2NMdjrzrMrRzS5,Chip,hotctl1h,365.0,False,False,,,0,6,,,0.44271530936790526,142745017043,19030259,1000,178,337.08,True,0.3,1000,dex,0,662,326,2.031,662,326,34713.12,34713.12,45.19,45.19,21899.4,,,,,,,,
1788764411,2FbM2XmSwcL7JorRF1vBCS6UJtK9T76P47dCk7JBQrsb,Chip,hotctl1h,401.0,False,False,,,0,6,,,0.3527986052592894,116649311946,19030259,1000,201,298.51,True,0.32,1000,dex,0,495,420,1.179,495,420,106089.21,106089.21,22.09,22.09,20147.54,,,,,,,,
1788764411,51gXqA7YzdFkBh5kFmQy8HFJtze8xCTxMgF6JxzJp2F5,BITMAIDS,hotctl1h,139.0,False,False,,,0,6,,,3.5934222432624194,50014528460,19030259,1000,81,740.74,True,0.744,1000,dex,0,441,548,0.805,441,548,19058.81,19058.81,320.0,320.0,,,,,,,,,
1788764626,25zgLBebugX952bqJhZs7cCGtqXEBokgRFsxE2dxhrst,Chipmunk,hotctl,264.1,False,False,,,0,6,,,1.1462405455786366,39017721129,19028063,1000,9,6666.67,True,1.0,1000,dex,0,1106,933,1.185,1344,1097,85891.59,99480.91,11.76,20.02,17631.69,,,,,,,,
1788764626,HNCThyLNJWKb4ErUQ259xUcKJiFHVjk5xTmTfxGqpump,Jacket,hotctl,265.1,False,False,,,0,6,,,0.9850428742271717,254171309432,19028063,1000,202,297.03,True,0.569,1000,dex,0,554,316,1.753,554,316,25732.43,25732.43,265.0,265.0,,,,,,,,,
1788764626,25zgLBebugX952bqJhZs7cCGtqXEBokgRFsxE2dxhrst,Chipmunk,hotctl1h,264.1,False,False,,,0,6,,,2.3639948664804464,38012821245,19028063,1000,9,6666.67,True,1.0,1000,dex,0,1106,933,1.185,1344,1097,85891.59,99480.91,11.76,20.02,17631.69,,,,,,,,
1788764626,HNCThyLNJWKb4ErUQ259xUcKJiFHVjk5xTmTfxGqpump,Jacket,hotctl1h,265.1,False,False,,,0,6,,,4.122915024311823,240134879131,19028063,1000,202,297.03,True,0.569,1000,dex,0,554,316,1.753,554,316,25732.43,25732.43,265.0,265.0,,,,,,,,,
1788764718,3ZobC8ZwsqrD38ox5sNs2hp25Cyoiy5gYFVHqoSY2TDX,Chipmunk,hotctl,186.0,False,False,,,0,6,,,2.679120355692478,23895530465,19029907,1000,129,465.12,True,0.632,1000,dex,0,947,301,3.146,947,301,185448.43,185448.43,532.0,532.0,44295.67,,,,,,,,
1788764718,EwLnpuJEv658qTJYEukQDnuyAPUveoRxLiEzJf7xpump,discat,hotctl,196.0,False,False,,,0,6,,,2.4268294595121196,15008480475,19029907,1000,30,2000.0,True,0.964,1000,dex,0,768,211,3.64,768,211,97504.91,97504.91,93.09,93.09,31280.59,,,,,,,,
1788764718,3ZobC8ZwsqrD38ox5sNs2hp25Cyoiy5gYFVHqoSY2TDX,Chipmunk,hotctl1h,186.0,False,False,,,0,6,,,2.790627177883965,23259605634,19029907,1000,129,465.12,True,0.632,1000,dex,0,947,301,3.146,947,301,185448.43,185448.43,532.0,532.0,44295.67,,,,,,,,
1788764718,EwLnpuJEv658qTJYEukQDnuyAPUveoRxLiEzJf7xpump,discat,hotctl1h,196.0,False,False,,,0,6,,,1.059235007410048,15301594407,19029907,1000,30,2000.0,True,0.964,1000,dex,0,768,211,3.64,768,211,97504.91,97504.91,93.09,93.09,31280.59,,,,,,,,
1788764847,HNCThyLNJWKb4ErUQ259xUcKJiFHVjk5xTmTfxGqpump,Jacket,organic,486.6,False,False,,,0,6,,,1.6594211672103096,498489526325,19016791,1000,202,297.03,True,0.569,1000,dex,0,434,266,1.632,645,385,18963.07,29883.02,12.09,220.0,,,,,,,,,
1788764847,8Am1NKMgW1vpRc5WzqPTYcLThEqdFpkWr9U6nZoYxQ4p,CHIPMUNK,organic,297.6,False,False,,,0,6,,,0.0,402252574729,19016791,1000,164,365.85,True,0.215,1000,dex,0,932,874,1.066,981,886,35220.76,37469.19,3.37,20.5,7427.44,,,,,,,,
1788764847,6UCmBdZqfqacnALA17UWkvfFqEUgYYeB2thQiZghSXBD,Chipmunk,organic,302.6,False,False,,,0,6,,,0.0,40946766446,19016791,822,339,145.49,False,0.0477,713,dex,0,528,154,3.429,592,181,3363.41,4651.94,20.52,264.0,,,,,,,,,
1788764847,GEYXJ7PkUNc2MfUKWDRcqJ9p9GXSXQP3NpWvphLsTBVM,RWA,hotctl,222.6,False,False,,,0,6,,,1.415175540585504,2517470966,19016791,922,262,211.15,False,0.3319,922,dex,0,455,165,2.758,455,165,153184.04,153184.04,8821.0,8821.0,15367.17,,,,,,,,
1788764847,DBk17PWgiZ21aECahotiMUwKJwmFG2F77SLHzkzhpump,KATSHI,hotctl,251.6,False,False,,,0,6,,,1.7680460892689538,298488627470,19016791,1000,165,363.64,True,0.787,1000,dex,0,417,298,1.399,417,298,30609.83,30609.83,129.0,129.0,,,,,,,,,
1788764847,8Am1NKMgW1vpRc5WzqPTYcLThEqdFpkWr9U6nZoYxQ4p,CHIPMUNK,hotctl,297.6,False,False,,,0,6,,,2.8089770336739863,408816468081,19016791,1000,164,365.85,True,0.215,1000,dex,0,932,874,1.066,981,886,35220.76,37469.19,3.37,20.5,7427.44,,,,,,,,
1788764847,6UCmBdZqfqacnALA17UWkvfFqEUgYYeB2thQiZghSXBD,Chipmunk,hotctl,302.6,False,False,,,0,6,,,1.2827774820363387,40644286194,19016791,822,339,145.49,False,0.0477,713,dex,0,528,154,3.429,592,181,3363.41,4651.94,20.52,264.0,,,,,,,,,
1788764847,HNCThyLNJWKb4ErUQ259xUcKJiFHVjk5xTmTfxGqpump,Jacket,organic1h,486.6,False,False,,,0,6,,,1.3515270757221116,500429227797,19016791,1000,202,297.03,True,0.569,1000,dex,0,434,266,1.632,645,385,18963.07,29883.02,12.09,220.0,,,,,,,,,
1788764847,8Am1NKMgW1vpRc5WzqPTYcLThEqdFpkWr9U6nZoYxQ4p,CHIPMUNK,organic1h,297.6,False,False,,,0,6,,,0.05711502926037771,413676056733,19016791,1000,164,365.85,True,0.215,1000,dex,0,932,874,1.066,981,886,35220.76,37469.19,3.37,20.5,7427.44,,,,,,,,
1788764847,6UCmBdZqfqacnALA17UWkvfFqEUgYYeB2thQiZghSXBD,Chipmunk,organic1h,302.6,False,False,,,0,6,,,1.2015430844582606,40903744618,19016791,822,339,145.49,False,0.0477,713,dex,0,528,154,3.429,592,181,3363.41,4651.94,20.52,264.0,,,,,,,,,
1788764847,GEYXJ7PkUNc2MfUKWDRcqJ9p9GXSXQP3NpWvphLsTBVM,RWA,hotctl1h,222.6,False,False,,,0,6,,,0.0,3043372706,19016791,922,262,211.15,False,0.3319,922,dex,0,455,165,2.758,455,165,153184.04,153184.04,8821.0,8821.0,15367.17,,,,,,,,
1788764847,DBk17PWgiZ21aECahotiMUwKJwmFG2F77SLHzkzhpump,KATSHI,hotctl1h,251.6,False,False,,,0,6,,,1.3780181204803759,298396943587,19016791,1000,165,363.64,True,0.787,1000,dex,0,417,298,1.399,417,298,30609.83,30609.83,129.0,129.0,,,,,,,,,
1788764847,8Am1NKMgW1vpRc5WzqPTYcLThEqdFpkWr9U6nZoYxQ4p,CHIPMUNK,hotctl1h,297.6,False,False,,,0,6,,,0.0,418323525504,19016791,1000,164,365.85,True,0.215,1000,dex,0,932,874,1.066,981,886,35220.76,37469.19,3.37,20.5,7427.44,,,,,,,,
1788764847,6UCmBdZqfqacnALA17UWkvfFqEUgYYeB2thQiZghSXBD,Chipmunk,hotctl1h,302.6,False,False,,,0,6,,,0.22706608599275271,42175672014,19016791,822,339,145.49,False,0.0477,713,dex,0,528,154,3.429,592,181,3363.41,4651.94,20.52,264.0,,,,,,,,,
1788765384,GwKmm6z2BmvAUDUTgAxFcZd7mHAFmnPghrvC2KeHoRML,RWA,hotctl,430.6,False,False,,,0,6,,,0.0,12825973347,18965757,1000,274,218.98,True,0.346,1000,dex,0,575,108,5.324,1300,522,67369.71,284152.84,63.85,1920.0,22724.74,,,,,,,,
1788765384,9fph4TR534YGTDT9LUfjwBWYGuKnJge75iR1Cizhpump,PURR,hotctl,432.6,False,False,,,0,6,,,1.0860413986689263,21519012034,18965757,1000,59,1016.95,True,0.977,1000,dex,0,3583,511,7.012,6769,817,13399.44,28343.06,-36.05,118.0,24766.01,,,,,,,,
1788765384,GwKmm6z2BmvAUDUTgAxFcZd7mHAFmnPghrvC2KeHoRML,RWA,hotctl1h,430.6,False,False,,,0,6,,,0.0,13166977938,18965757,1000,274,218.98,True,0.346,1000,dex,0,575,108,5.324,1300,522,67369.71,284152.84,63.85,1920.0,22724.74,,,,,,,,
1788765384,9fph4TR534YGTDT9LUfjwBWYGuKnJge75iR1Cizhpump,PURR,hotctl1h,432.6,False,False,,,0,6,,,1.0561954506018396,21478778150,18965757,1000,59,1016.95,True,0.977,1000,dex,0,3583,511,7.012,6769,817,13399.44,28343.06,-36.05,118.0,24766.01,,,,,,,,
1788765501,3zbk88pMLk3zsJER525nAupYaDqfmkcmtfkQt1kBcxvY,Palandeer,hotctl,476.5,False,False,,,0,6,,,1.2565039306416057,253764525572,18973937,1000,358,167.6,True,0.2894,698,dex,0,338,324,1.043,968,708,25236.91,64184.17,-46.14,99.37,,,,,,,,,
1788765501,E3sSfvCethdywmwuwjjU7drWiYdtqgs5x5f6bD2xEV6E,RWA,hotctl,525.5,False,False,,,0,6,,,0.5465385678201119,96241335504,18973937,1000,165,363.64,True,0.374,1000,dex,0,743,637,1.166,1896,1245,74330.68,135083.13,74.69,142.0,25127.29,,,,,,,,
1788765501,3zbk88pMLk3zsJER525nAupYaDqfmkcmtfkQt1kBcxvY,Palandeer,hotctl1h,476.5,False,False,,,0,6,,,0.0,274070368621,18973937,1000,358,167.6,True,0.2894,698,dex,0,338,324,1.043,968,708,25236.91,64184.17,-46.14,99.37,,,,,,,,,
1788765501,E3sSfvCethdywmwuwjjU7drWiYdtqgs5x5f6bD2xEV6E,RWA,hotctl1h,525.5,False,False,,,0,6,,,1.6916049012702767,91682705657,18973937,1000,165,363.64,True,0.374,1000,dex,0,743,637,1.166,1896,1245,74330.68,135083.13,74.69,142.0,25127.29,,,,,,,,
1788765628,3zbk88pMLk3zsJER525nAupYaDqfmkcmtfkQt1kBcxvY,Palandeer,organic,603.7,False,False,,,0,6,,,1.2031336861060822,399480490604,18991751,1000,358,167.6,True,0.2894,698,dex,0,338,324,1.043,968,708,25236.91,64184.17,-46.14,99.37,,,,,,,,,
1788765628,CZ5bUSLiXPt3ed7sxutKFMY1kscZQTFMjn6hD3nQEi8M,Nasduck,organic,538.7,False,False,,,0,6,,,0.6382651375413388,89396001699,18991751,1000,172,348.84,True,0.167,1000,dex,0,1259,290,4.341,2273,525,28634.84,52279.31,-4.54,30.36,38645.19,,,,,,,,
1788765628,3aXm1z2oB9cuqC3CLCH1Ea8q1cK13MadL5i4ysNzpump,Redbull,hotctl,502.7,False,False,,,0,6,,,0.8273188427529709,1922836117,18991751,1000,60,1000.0,True,0.978,1000,dex,0,6543,2631,2.487,7351,2789,2685.1,34469.27,9.63,2252.0,85510.66,,,,,,,,
1788765628,CZ5bUSLiXPt3ed7sxutKFMY1kscZQTFMjn6hD3nQEi8M,Nasduck,hotctl,538.7,False,False,,,0,6,,,0.23687028967865792,89375449174,18991751,1000,172,348.84,True,0.167,1000,dex,0,1259,290,4.341,2273,525,28634.84,52279.31,-4.54,30.36,38645.19,,,,,,,,
1788765628,3zbk88pMLk3zsJER525nAupYaDqfmkcmtfkQt1kBcxvY,Palandeer,organic1h,603.7,False,False,,,0,6,,,1.194264238824471,399480490604,18991751,1000,358,167.6,True,0.2894,698,dex,0,338,324,1.043,968,708,25236.91,64184.17,-46.14,99.37,,,,,,,,,
1788765628,CZ5bUSLiXPt3ed7sxutKFMY1kscZQTFMjn6hD3nQEi8M,Nasduck,organic1h,538.7,False,False,,,0,6,,,0.37837769586547143,88174971136,18991751,1000,172,348.84,True,0.167,1000,dex,0,1259,290,4.341,2273,525,28634.84,52279.31,-4.54,30.36,38645.19,,,,,,,,
1788765628,3aXm1z2oB9cuqC3CLCH1Ea8q1cK13MadL5i4ysNzpump,Redbull,hotctl1h,502.7,False,False,,,0,6,,,0.8230608344759376,1923018527,18991751,1000,60,1000.0,True,0.978,1000,dex,0,6543,2631,2.487,7351,2789,2685.1,34469.27,9.63,2252.0,85510.66,,,,,,,,
1788765628,CZ5bUSLiXPt3ed7sxutKFMY1kscZQTFMjn6hD3nQEi8M,Nasduck,hotctl1h,538.7,False,False,,,0,6,,,0.30788247268444785,88163966048,18991751,1000,172,348.84,True,0.167,1000,dex,0,1259,290,4.341,2273,525,28634.84,52279.31,-4.54,30.36,38645.19,,,,,,,,
1788765783,6Vv13p4TB3jnengs65dx7hBV9aYjdiTJA9gjqnUtXX2W,ZBULL,organic,471.1,False,False,,,0,6,,,0.5697082933405462,28976933253,19031115,1000,245,244.9,True,0.088,1000,dex,0,690,266,2.594,1602,597,19903.43,51252.78,55.91,405.0,43410.53,,,,,,,,
1788765783,34RyZZU8vX3tWqZ18tW4ZhvP2eM7deBjFs7VhWgrpump,SCAT,hotctl,459.1,False,False,,,0,6,,,1.4206415840158102,108945098329,19031115,1000,304,197.37,True,0.2472,890,dex,0,462,353,1.309,1233,943,39601.87,99643.84,31.58,289.0,,,,,,,,,
1788765783,6Vv13p4TB3jnengs65dx7hBV9aYjdiTJA9gjqnUtXX2W,ZBULL,hotctl,471.1,False,False,,,0,6,,,0.5679149871196278,28078587341,19031115,1000,245,244.9,True,0.088,1000,dex,0,690,266,2.594,1602,597,19903.43,51252.78,55.91,405.0,43410.53,,,,,,,,
1788765783,6Vv13p4TB3jnengs65dx7hBV9aYjdiTJA9gjqnUtXX2W,ZBULL,organic1h,471.1,False,False,,,0,6,,,0.6006176646652673,28073341434,19031115,1000,245,244.9,True,0.088,1000,dex,0,690,266,2.594,1602,597,19903.43,51252.78,55.91,405.0,43410.53,,,,,,,,
1788765783,34RyZZU8vX3tWqZ18tW4ZhvP2eM7deBjFs7VhWgrpump,SCAT,hotctl1h,459.1,False,False,,,0,6,,,1.3156924350069308,112078604804,19031115,1000,304,197.37,True,0.2472,890,dex,0,462,353,1.309,1233,943,39601.87,99643.84,31.58,289.0,,,,,,,,,
1788765783,6Vv13p4TB3jnengs65dx7hBV9aYjdiTJA9gjqnUtXX2W,ZBULL,hotctl1h,471.1,False,False,,,0,6,,,0.5682882410133192,28075930693,19031115,1000,245,244.9,True,0.088,1000,dex,0,690,266,2.594,1602,597,19903.43,51252.78,55.91,405.0,43410.53,,,,,,,,
1788766020,34RyZZU8vX3tWqZ18tW4ZhvP2eM7deBjFs7VhWgrpump,SCAT,organic,696.8,False,False,,,0,6,,,1.4575164817330768,135613651577,19031115,1000,304,197.37,True,0.2472,890,dex,0,462,353,1.309,1233,943,39601.87,99643.84,31.58,289.0,,,,,,,,,
1788766020,CfT97iuXZAVpqnpdELM35S9SDd1GGY2C9UocLajxqZxG,OTC,organic,389.8,False,False,,,0,6,,,0.0,44478223102,19031115,1000,426,140.85,True,0.1077,678,dex,0,478,173,2.763,754,271,3058.4,5631.5,-0.62,235.0,,,,,,,,,
1788766020,6GvskAaiLPiXWDwJFHqkN5KitnBbweMF8tLcZTH1pump,discat,hotctl,651.8,False,False,,,0,6,,,4.051614683636177,11594095098,19031115,1000,106,566.04,True,0.503,1000,boost,30,1445,454,3.183,3948,927,123758.06,307509.38,-14.03,40.53,26853.47,,,,,,,,
1788766020,CfT97iuXZAVpqnpdELM35S9SDd1GGY2C9UocLajxqZxG,OTC,hotctl,389.8,False,False,,,0,6,,,1.363742738273942,43725494036,19031115,1000,426,140.85,True,0.1077,678,dex,0,478,173,2.763,754,271,3058.4,5631.5,-0.62,235.0,,,,,,,,,
1788766020,34RyZZU8vX3tWqZ18tW4ZhvP2eM7deBjFs7VhWgrpump,SCAT,organic1h,696.8,False,False,,,0,6,,,1.1443769758880065,136798377916,19031115,1000,304,197.37,True,0.2472,890,dex,0,462,353,1.309,1233,943,39601.87,99643.84,31.58,289.0,,,,,,,,,
1788766020,CfT97iuXZAVpqnpdELM35S9SDd1GGY2C9UocLajxqZxG,OTC,organic1h,389.8,False,False,,,0,6,,,3.512138043809258,42774179891,19031115,1000,426,140.85,True,0.1077,678,dex,0,478,173,2.763,754,271,3058.4,5631.5,-0.62,235.0,,,,,,,,,
1788766020,6GvskAaiLPiXWDwJFHqkN5KitnBbweMF8tLcZTH1pump,discat,hotctl1h,651.8,False,False,,,0,6,,,1.5753152086651512,12511130304,19031115,1000,106,566.04,True,0.503,1000,boost,30,1445,454,3.183,3948,927,123758.06,307509.38,-14.03,40.53,26853.47,,,,,,,,
1788766020,CfT97iuXZAVpqnpdELM35S9SDd1GGY2C9UocLajxqZxG,OTC,hotctl1h,389.8,False,False,,,0,6,,,0.0,43659359417,19031115,1000,426,140.85,True,0.1077,678,dex,0,478,173,2.763,754,271,3058.4,5631.5,-0.62,235.0,,,,,,,,,
1788766289,8CPUxfWoqsCV2vpVS4ViTMQK4w5erP2LzzxDaR7iCvd1,RWA,hotctl,421.8,False,False,,,0,6,,,0.9370011502341423,65298696865,19052482,1000,124,483.87,True,0.698,1000,dex,0,1343,537,2.501,2454,993,177632.7,300332.57,177.0,255.0,34934.65,,,,,,,,
1788766289,9DcLMVD7tVe7g253XmuFjSdeVko8J3pJzg8LtahUxnsj,Chipmunk,hotctl,473.8,False,False,,,0,6,,,0.0,146600017511,19052482,1000,92,652.17,True,0.842,1000,dex,0,1505,971,1.55,3409,2151,215511.44,445234.9,-13.36,78.78,22252.22,,,,,,,,
1788766289,k9K6VZDFrEhNHLbpmVDhr5FN2BC6cRC4URepuFDU7Zg,Polymonkey,hotctl,458.8,False,False,,,0,6,,,0.7279576832617545,86169256551,19052482,1000,107,560.75,True,0.796,1000,dex,0,1635,746,2.192,3201,1768,108226.74,217882.14,19.14,86.97,28402.65,,,,,,,,
1788766289,8CPUxfWoqsCV2vpVS4ViTMQK4w5erP2LzzxDaR7iCvd1,RWA,hotctl1h,421.8,False,False,,,0,6,,,0.0,65326673589,19052482,1000,124,483.87,True,0.698,1000,dex,0,1343,537,2.501,2454,993,177632.7,300332.57,177.0,255.0,34934.65,,,,,,,,
1788766289,9DcLMVD7tVe7g253XmuFjSdeVko8J3pJzg8LtahUxnsj,Chipmunk,hotctl1h,473.8,False,False,,,0,6,,,0.0,141563852044,19052482,1000,92,652.17,True,0.842,1000,dex,0,1505,971,1.55,3409,2151,215511.44,445234.9,-13.36,78.78,22252.22,,,,,,,,
1788766289,k9K6VZDFrEhNHLbpmVDhr5FN2BC6cRC4URepuFDU7Zg,Polymonkey,hotctl1h,458.8,False,False,,,0,6,,,0.4213031544013841,81478909812,19052482,1000,107,560.75,True,0.796,1000,dex,0,1635,746,2.192,3201,1768,108226.74,217882.14,19.14,86.97,28402.65,,,,,,,,
1788766461,2u5V5mGLgdfj3xQRCup3Az1gztcyJEszVZSGJk2Wpump,BURST,hotctl,350.4,False,False,,,0,6,,,4.248487591716614,96264260295,19114949,1000,262,229.01,True,0.304,1000,dex,0,618,387,1.597,998,600,41415.48,69549.88,40.12,527.0,,,,,,,,,
1788766461,2u5V5mGLgdfj3xQRCup3Az1gztcyJEszVZSGJk2Wpump,BURST,hotctl1h,350.4,False,False,,,0,6,,,1.6927811802313113,95792569692,19114949,1000,262,229.01,True,0.304,1000,dex,0,618,387,1.597,998,600,41415.48,69549.88,40.12,527.0,,,,,,,,,
1788766578,EYUpbjk5E2uHVwR8jJpMmqggyPz9oy4DtA5aTK2EAKd5,Circle,organic,248.3,False,False,,,0,6,,,0.0,69656932235,19150235,1000,251,239.04,True,0.093,1000,dex,0,766,274,2.796,766,274,17297.25,17297.25,77.89,77.89,32708.34,,,,,,,,
1788766578,EYUpbjk5E2uHVwR8jJpMmqggyPz9oy4DtA5aTK2EAKd5,Circle,hotctl,248.3,False,False,,,0,6,,,0.0,69628864257,19150235,1000,251,239.04,True,0.093,1000,dex,0,766,274,2.796,766,274,17297.25,17297.25,77.89,77.89,32708.34,,,,,,,,
1788766578,EYUpbjk5E2uHVwR8jJpMmqggyPz9oy4DtA5aTK2EAKd5,Circle,organic1h,248.3,False,False,,,0,6,,,1.982529886671828,66682095434,19150235,1000,251,239.04,True,0.093,1000,dex,0,766,274,2.796,766,274,17297.25,17297.25,77.89,77.89,32708.34,,,,,,,,
1788766578,EYUpbjk5E2uHVwR8jJpMmqggyPz9oy4DtA5aTK2EAKd5,Circle,hotctl1h,248.3,False,False,,,0,6,,,0.0,66702751772,19150235,1000,251,239.04,True,0.093,1000,dex,0,766,274,2.796,766,274,17297.25,17297.25,77.89,77.89,32708.34,,,,,,,,
1788766703,FihL31SMTZSgJJrAP3uQkpsiinnnEatzebrbNKt7P14D,HAMSTR,hotctl,206.9,False,False,,,0,6,,,1.5827284799384178,325865759478,19154599,1000,219,273.97,True,0.733,1000,dex,0,311,252,1.234,311,252,23252.74,23252.74,69.85,69.85,,,,,,3.0832,,,
1788766703,FihL31SMTZSgJJrAP3uQkpsiinnnEatzebrbNKt7P14D,HAMSTR,hotctl1h,206.9,False,False,,,0,6,,,1.1489310266596728,327310851573,19154599,1000,219,273.97,True,0.733,1000,dex,0,311,252,1.234,311,252,23252.74,23252.74,69.85,69.85,,,,,,3.0832,,,
1788766980,F5oh25WegA5pD8yMhAzddbAmCQa44uDvRHmtqFedJZB1,3Q,hotctl,235.1,False,False,,,0,6,,,0.0,110331569486,19170823,1000,71,845.07,True,0.979,1000,dex,0,974,470,2.072,974,470,76747.73,76747.73,36.51,36.51,20951.06,,,,,,,,
1788766980,6uZrPZjVvLXXyeESP8eqGqKFNhQ6KfrmKUaYTQZrQU8n,3Q,hotctl,217.1,False,False,,,0,6,,,1.5866735866029575,159370318052,19170823,1000,99,606.06,True,0.738,1000,dex,0,1142,331,3.45,1142,331,105619.42,105619.42,24.04,24.04,19552.32,,,,,,,,
1788766980,FCKA68kdsdz2NTYP9as6JYRubJBVbduu7n5nCsPt5Pvv,SILVERBACK,hotctl,120.1,False,False,,,0,6,,,2.1570561247667692,75339350349,19170823,901,170,318.0,False,0.4517,901,dex,0,326,254,1.283,326,254,127222.4,127222.4,180.0,180.0,24155.94,,,,,,,,
1788766980,F5oh25WegA5pD8yMhAzddbAmCQa44uDvRHmtqFedJZB1,3Q,hotctl1h,235.1,False,False,,,0,6,,,2.1241202925425102,112037101020,19170823,1000,71,845.07,True,0.979,1000,dex,0,974,470,2.072,974,470,76747.73,76747.73,36.51,36.51,20951.06,,,,,,,,
1788766980,6uZrPZjVvLXXyeESP8eqGqKFNhQ6KfrmKUaYTQZrQU8n,3Q,hotctl1h,217.1,False,False,,,0,6,,,0.0,170274289770,19170823,1000,99,606.06,True,0.738,1000,dex,0,1142,331,3.45,1142,331,105619.42,105619.42,24.04,24.04,19552.32,,,,,,,,
1788766980,FCKA68kdsdz2NTYP9as6JYRubJBVbduu7n5nCsPt5Pvv,SILVERBACK,hotctl1h,120.1,False,False,,,0,6,,,0.0,79380352123,19170823,901,170,318.0,False,0.4517,901,dex,0,326,254,1.283,326,254,127222.4,127222.4,180.0,180.0,24155.94,,,,,,,,
1788767109,2Z4cf5JnS1HfA67kpuVSD2yj9xmLtpp5ic9BAYMHpump,POOH,hotctl,239.5,False,False,,,0,6,,,0.5503645267217635,134801169154,19149325,1000,62,967.74,True,0.85,1000,dex,0,475,294,1.616,475,294,30383.72,30383.72,543.0,543.0,,,,,,3.0,,,
1788767109,2Z4cf5JnS1HfA67kpuVSD2yj9xmLtpp5ic9BAYMHpump,POOH,hotctl1h,239.5,False,False,,,0,6,,,2.7995510334227536,143659233872,19149325,1000,62,967.74,True,0.85,1000,dex,0,475,294,1.616,475,294,30383.72,30383.72,543.0,543.0,,,,,,3.0,,,
1788767281,4j6PvRMV5jPNvAsQyRrAZhjgndxNrQG9Ent8AR8z1jv1,POOH,hotctl,135.8,False,False,,,0,6,,,0.0,29541674154,19134338,1000,119,504.2,True,0.568,1000,dex,0,392,138,2.841,392,138,83017.56,83017.56,329.0,329.0,35958.0,,,,,,,,
1788767281,4j6PvRMV5jPNvAsQyRrAZhjgndxNrQG9Ent8AR8z1jv1,POOH,hotctl1h,135.8,False,False,,,0,6,,,0.0,29541674154,19134338,1000,119,504.2,True,0.568,1000,dex,0,392,138,2.841,392,138,83017.56,83017.56,329.0,329.0,35958.0,,,,,,,,
1788767395,GxqTfjQuyKPcnQ7uiX9ky32nmwt7tVjzYEoMkG49cXAL,NEX Ai,organic,156.5,False,False,,,0,6,,,0.2686948786823343,139206383239,19136221,666,268,149.1,False,0.0511,666,dex,0,453,107,4.234,453,107,8178.79,8178.79,8.83,8.83,26012.75,,,,,,,,
1788767395,GxqTfjQuyKPcnQ7uiX9ky32nmwt7tVjzYEoMkG49cXAL,NEX Ai,hotctl,156.5,False,False,,,0,6,,,0.6727587293334291,137751152675,19136221,666,268,149.1,False,0.0511,666,dex,0,453,107,4.234,453,107,8178.79,8178.79,8.83,8.83,26012.75,,,,,,,,
1788767395,GxqTfjQuyKPcnQ7uiX9ky32nmwt7tVjzYEoMkG49cXAL,NEX Ai,organic1h,156.5,False,False,,,0,6,,,0.6829966473969048,137751044104,19136221,666,268,149.1,False,0.0511,666,dex,0,453,107,4.234,453,107,8178.79,8178.79,8.83,8.83,26012.75,,,,,,,,
1788767395,GxqTfjQuyKPcnQ7uiX9ky32nmwt7tVjzYEoMkG49cXAL,NEX Ai,hotctl1h,156.5,False,False,,,0,6,,,0.0,139887210163,19136221,666,268,149.1,False,0.0511,666,dex,0,453,107,4.234,453,107,8178.79,8178.79,8.83,8.83,26012.75,,,,,,,,
1788767551,CsitS47ht4NvWJ3qD1CN78FZmZm5cZiCwWUYs1gdpump,OpenAI,hotctl,193.7,False,False,,,0,6,,,2.1805762683496672,1358197798,19151011,1000,22,2727.27,True,0.987,1000,dex,0,2430,1001,2.428,2430,1001,41676.8,41676.8,3212.0,3212.0,100979.39,,,,,,,,
1788767551,DEhxc7sDRvDuTsKXN26dD6yAY7hD33dGrCxcyHwFpump,Heist,hotctl,261.7,False,False,,,0,6,,,0.0,146039643754,19151011,1000,293,204.78,True,0.476,1000,dex,0,490,255,1.922,490,255,31457.98,31457.98,377.0,377.0,,,,,,,,,
1788767551,CsitS47ht4NvWJ3qD1CN78FZmZm5cZiCwWUYs1gdpump,OpenAI,hotctl1h,193.7,False,False,,,0,6,,,1.8902357731354906,1358746148,19151011,1000,22,2727.27,True,0.987,1000,dex,0,2430,1001,2.428,2430,1001,41676.8,41676.8,3212.0,3212.0,100979.39,,,,,,,,
1788767551,DEhxc7sDRvDuTsKXN26dD6yAY7hD33dGrCxcyHwFpump,Heist,hotctl1h,261.7,False,False,,,0,6,,,1.5761418453535645,145613250304,19151011,1000,293,204.78,True,0.476,1000,dex,0,490,255,1.922,490,255,31457.98,31457.98,377.0,377.0,,,,,,,,,
1788767721,DEhxc7sDRvDuTsKXN26dD6yAY7hD33dGrCxcyHwFpump,Heist,organic,431.6,False,False,,,0,6,,,3.885797248948586,177157501303,19162296,1000,293,204.78,True,0.476,1000,dex,0,490,255,1.922,490,255,31457.98,31457.98,377.0,377.0,,,,,,,,,
1788767721,7S1m8isUPQgkEeWkxbdTivVNgF5zAfz3HaaKNYcA9TYF,Woge,hotctl,189.6,False,False,,,0,6,,,0.0,97115120559,19162296,1000,91,659.34,True,0.899,1000,dex,0,1359,642,2.117,1359,642,133307.11,133307.11,87.56,87.56,24674.41,,,,,,,,
1788767721,BmDoT4GwbGkk156qM6opGJTHihiQyXF2EF9TgHRfpump,ZEC,hotctl,137.6,False,False,,,0,6,,,0.7197121593894115,82865080017,19162296,1000,176,340.91,True,0.573,1000,dex,0,323,204,1.583,323,204,18591.87,18591.87,246.0,246.0,,,,,,3.0,,,
1788767721,DEhxc7sDRvDuTsKXN26dD6yAY7hD33dGrCxcyHwFpump,Heist,organic1h,431.6,False,False,,,0,6,,,3.885571946520758,177157501303,19162296,1000,293,204.78,True,0.476,1000,dex,0,490,255,1.922,490,255,31457.98,31457.98,377.0,377.0,,,,,,,,,
1788767721,7S1m8isUPQgkEeWkxbdTivVNgF5zAfz3HaaKNYcA9TYF,Woge,hotctl1h,189.6,False,False,,,0,6,,,1.373448415383747,94494440916,19162296,1000,91,659.34,True,0.899,1000,dex,0,1359,642,2.117,1359,642,133307.11,133307.11,87.56,87.56,24674.41,,,,,,,,
1788767721,BmDoT4GwbGkk156qM6opGJTHihiQyXF2EF9TgHRfpump,ZEC,hotctl1h,137.6,False,False,,,0,6,,,3.636366731245498,86710097678,19162296,1000,176,340.91,True,0.573,1000,dex,0,323,204,1.583,323,204,18591.87,18591.87,246.0,246.0,,,,,,3.0,,,
1788767836,9XDac9jjYXASPigwFVdjZoywU9ni44cXQsCbDWLC6Nk4,KAT,hotctl,197.3,False,False,,,0,6,,,0.8254766014329259,170853752160,19152949,1000,150,400.0,True,0.328,1000,dex,0,376,222,1.694,376,222,18737.28,18737.28,20.14,20.14,19747.74,,,,,,,,
1788767836,52o7EKA3kLjpqguzN9SgHn36saxc8KYphTr4PYTdpump,ICOIN,hotctl,146.3,False,False,,,0,6,,,1.2952986243780211,144386098818,19152949,1000,108,555.56,True,0.821,1000,dex,0,343,285,1.204,343,285,21662.35,21662.35,274.0,274.0,,,,,,3.0,,,
1788767836,9XDac9jjYXASPigwFVdjZoywU9ni44cXQsCbDWLC6Nk4,KAT,hotctl1h,197.3,False,False,,,0,6,,,0.0,172033533623,19152949,1000,150,400.0,True,0.328,1000,dex,0,376,222,1.694,376,222,18737.28,18737.28,20.14,20.14,19747.74,,,,,,,,
1788767836,52o7EKA3kLjpqguzN9SgHn36saxc8KYphTr4PYTdpump,ICOIN,hotctl1h,146.3,False,False,,,0,6,,,4.923221501328889,138141387450,19152949,1000,108,555.56,True,0.821,1000,dex,0,343,285,1.204,343,285,21662.35,21662.35,274.0,274.0,,,,,,3.0,,,
1788768153,9tDVxeAvkvxvFLtLeAx43Hv5gpfaz849JQZfYP9xtcq,$BLBT,hotctl,206.1,False,False,,,0,6,,,0.0,50767182235,19140709,1000,108,555.56,True,0.727,1000,dex,0,592,744,0.796,592,744,25175.81,25175.81,332.0,332.0,,,,,,,,,
1788768153,CkcXEyenjNGce1BcufM5xzU9QZss8zt5z962vYwytCbH,Titcoin,hotctl,278.1,False,False,,,0,6,,,0.0,137293489565,19140709,1000,270,222.22,True,0.405,1000,dex,0,593,390,1.521,656,423,41244.03,46017.4,52.85,408.0,,,,,,,,,
1788768153,9tDVxeAvkvxvFLtLeAx43Hv5gpfaz849JQZfYP9xtcq,$BLBT,hotctl1h,206.1,False,False,,,0,6,,,0.3503882817553508,50562523098,19140709,1000,108,555.56,True,0.727,1000,dex,0,592,744,0.796,592,744,25175.81,25175.81,332.0,332.0,,,,,,,,,
1788768153,CkcXEyenjNGce1BcufM5xzU9QZss8zt5z962vYwytCbH,Titcoin,hotctl1h,278.1,False,False,,,0,6,,,0.9286831129424066,138331355729,19140709,1000,270,222.22,True,0.405,1000,dex,0,593,390,1.521,656,423,41244.03,46017.4,52.85,408.0,,,,,,,,,
1788768257,6b8nQPLTPhgvbHLYKFRnXoAkrqSyxjXMGkyN49Vww7Hb,宝贝羊头,hotctl,213.4,False,False,,,0,6,,,2.2259331550336463,62384887789,19141451,1000,98,612.24,True,0.799,1000,dex,0,461,262,1.76,461,262,132365.58,132365.58,47.59,47.59,19983.71,,,,,,,,
1788768257,9MyCGzsLzr7usLEzkU1yyoZFEBX9Cj6cidYD9kdJzhRQ,POOH,hotctl,129.4,False,False,,,0,6,,,0.0,19512334475,19141451,1000,127,472.44,True,0.404,1000,dex,0,313,366,0.855,313,366,9090.28,9090.28,284.0,284.0,,,,,,,,,
1788768257,6b8nQPLTPhgvbHLYKFRnXoAkrqSyxjXMGkyN49Vww7Hb,宝贝羊头,hotctl1h,213.4,False,False,,,0,6,,,1.1245322372877409,62357080357,19141451,1000,98,612.24,True,0.799,1000,dex,0,461,262,1.76,461,262,132365.58,132365.58,47.59,47.59,19983.71,,,,,,,,
1788768257,9MyCGzsLzr7usLEzkU1yyoZFEBX9Cj6cidYD9kdJzhRQ,POOH,hotctl1h,129.4,False,False,,,0,6,,,0.0,21331239006,19141451,1000,127,472.44,True,0.404,1000,dex,0,313,366,0.855,313,366,9090.28,9090.28,284.0,284.0,,,,,,,,,
1788768351,3qHpojAxBoRwYeoZjgsrcM3TbWJeVDSJMycRgL8Npump,NVIDOG,hotctl,263.5,False,False,,,0,6,,,2.0885554320867876,29381449933,19148497,1000,25,2400.0,True,0.997,1000,dex,0,1868,271,6.893,1909,274,128198.87,138475.33,-51.97,-10.1,20728.15,,,,,0.9877,,,
1788768351,3qHpojAxBoRwYeoZjgsrcM3TbWJeVDSJMycRgL8Npump,NVIDOG,hotctl1h,263.5,False,False,,,0,6,,,4.730716136457214,27887006815,19148497,1000,25,2400.0,True,0.997,1000,dex,0,1868,271,6.893,1909,274,128198.87,138475.33,-51.97,-10.1,20728.15,,,,,0.9877,,,
1788768434,Gk2Fgh2TNx9wWKQYMSEnP7yHFwzXTWNfsKrWGAApump,SIDEYE,organic,238.2,False,False,,,0,6,,,0.0,74350272183,19142581,915,303,181.19,False,0.1541,876,dex,0,413,267,1.547,413,267,35205.3,35205.3,882.0,882.0,,,,,,0.0,,,
1788768434,F63avSoxeL5h5ARhJpcS2oE1wcQQyJBDkKUzkJa5pump,NASCAT,hotctl,181.2,False,False,,,0,6,,,1.0836016036757945,11992062295,19142581,1000,55,1090.91,True,0.94,1000,dex,0,1163,444,2.619,1163,444,66778.49,66778.49,169.0,169.0,36345.74,,,,,0.4938,,,
1788768434,8LsFYuqn5VpqcZLS3CLVgMQyxS1VEXmfFiJWY49xHDiv,CORN,hotctl,197.2,False,False,,,0,6,,,2.023582017240005,358336120603,19142581,1000,101,594.06,True,0.925,1000,dex,0,489,357,1.37,489,357,34792.29,34792.29,47.57,47.57,,,,,,3.0832,,,
1788768434,Gk2Fgh2TNx9wWKQYMSEnP7yHFwzXTWNfsKrWGAApump,SIDEYE,hotctl,238.2,False,False,,,0,6,,,3.36927758339748,73427561318,19142581,915,303,181.19,False,0.1541,876,dex,0,413,267,1.547,413,267,35205.3,35205.3,882.0,882.0,,,,,,0.0,,,
1788768434,Gk2Fgh2TNx9wWKQYMSEnP7yHFwzXTWNfsKrWGAApump,SIDEYE,organic1h,238.2,False,False,,,0,6,,,1.7598675113521558,72331060151,19142581,915,303,181.19,False,0.1541,876,dex,0,413,267,1.547,413,267,35205.3,35205.3,882.0,882.0,,,,,,0.0,,,
1788768434,F63avSoxeL5h5ARhJpcS2oE1wcQQyJBDkKUzkJa5pump,NASCAT,hotctl1h,181.2,False,False,,,0,6,,,1.502641502134661,11808750662,19142581,1000,55,1090.91,True,0.94,1000,dex,0,1163,444,2.619,1163,444,66778.49,66778.49,169.0,169.0,36345.74,,,,,0.4938,,,
1788768434,8LsFYuqn5VpqcZLS3CLVgMQyxS1VEXmfFiJWY49xHDiv,CORN,hotctl1h,197.2,False,False,,,0,6,,,1.5631286569008422,358336120603,19142581,1000,101,594.06,True,0.925,1000,dex,0,489,357,1.37,489,357,34792.29,34792.29,47.57,47.57,,,,,,3.0832,,,
1788768434,Gk2Fgh2TNx9wWKQYMSEnP7yHFwzXTWNfsKrWGAApump,SIDEYE,hotctl1h,238.2,False,False,,,0,6,,,2.1647912631738833,71823853166,19142581,915,303,181.19,False,0.1541,876,dex,0,413,267,1.547,413,267,35205.3,35205.3,882.0,882.0,,,,,,0.0,,,
1788768574,AJ5bDxmgfr4ujU73fB3QQ8kMwmwZMe1jhZej1SUFpump,coin,hotctl,168.9,False,False,,,0,6,,,1.1951678921136244,378300530051,19127164,1000,210,285.71,True,0.743,1000,dex,0,535,411,1.302,535,411,35615.27,35615.27,89.66,89.66,,,,,,,,,
1788768574,9ecceDC1dhhc7mt1PLVkhAEstwHyDWdXzXT6cn6nGLZf,NASCAT,hotctl,196.9,False,False,,,0,6,,,0.13686463165678886,167558092217,19127164,1000,141,425.53,True,0.395,1000,dex,0,1195,706,1.693,1302,756,63633.53,68845.7,6.41,27.89,20522.18,,,,,,,,
1788768574,AJ5bDxmgfr4ujU73fB3QQ8kMwmwZMe1jhZej1SUFpump,coin,hotctl1h,168.9,False,False,,,0,6,,,0.0,401894207211,19127164,1000,210,285.71,True,0.743,1000,dex,0,535,411,1.302,535,411,35615.27,35615.27,89.66,89.66,,,,,,,,,
1788768574,9ecceDC1dhhc7mt1PLVkhAEstwHyDWdXzXT6cn6nGLZf,NASCAT,hotctl1h,196.9,False,False,,,0,6,,,0.3141290256197506,169796437804,19127164,1000,141,425.53,True,0.395,1000,dex,0,1195,706,1.693,1302,756,63633.53,68845.7,6.41,27.89,20522.18,,,,,,,,
1788768749,CSvsrR7QwbhCb72S4UKsNE7ypHRve6SBUEe7rzSgoRBx,ZEC,organic,146.6,False,False,,,0,6,,,0.3399520695197594,429012456743,19118802,845,203,249.75,False,0.2331,845,dex,0,415,332,1.25,415,332,14491.3,14491.3,47.01,47.01,8095.7,,,,,,,,
1788768749,8zNRgxJKJdQVvm2w2p3yBSmQRBsLaYudYRQnc759wpZK,musd,hotctl,130.6,False,False,,,0,6,,,0.0,130858116435,19118802,1000,80,750.0,True,0.82,1000,dex,0,985,484,2.035,985,484,69310.83,69310.83,24.77,24.77,20052.59,,,,,,,,
1788768749,ENR7p9qhNefopEHquRaAhkGLXmiqd6QQtX7iNHAApump,BTC,hotctl,134.6,False,False,,,0,6,,,1.0612086639371057,132772188160,19118802,1000,85,705.88,True,0.81,1000,dex,0,397,266,1.492,397,266,22349.42,22349.42,372.0,372.0,,,,,,0.001,,,
1788768749,BYZWxeVepLGL2V8VcUveTMcFv4UtbiZCt19jzM1Mpump,ONEZDOLLAR,hotctl,145.6,False,False,,,0,6,,,2.901938320278011,35336156978,19118802,1000,44,1363.64,True,0.968,1000,dex,0,384,289,1.329,384,289,57340.14,57340.14,-27.27,-27.27,13409.16,,,,,0.0247,,,
1788768749,CSvsrR7QwbhCb72S4UKsNE7ypHRve6SBUEe7rzSgoRBx,ZEC,hotctl,146.6,False,False,,,0,6,,,0.0,398689665618,19118802,845,203,249.75,False,0.2331,845,dex,0,415,332,1.25,415,332,14491.3,14491.3,47.01,47.01,8095.7,,,,,,,,
1788768749,7HYdq9UTLPLBcbqx5YXgEFPJbgTgbSTPt2aA2VTmqh3w,BONER,hotctl,158.6,False,False,,,0,6,,,2.0966925341915696,5826772584,19118802,1000,111,540.54,True,0.468,1000,dex,0,579,652,0.888,579,652,42086.63,42086.63,607.0,607.0,45802.59,,,,,0.3605,,,
1788768749,CSvsrR7QwbhCb72S4UKsNE7ypHRve6SBUEe7rzSgoRBx,ZEC,organic1h,146.6,False,False,,,0,6,,,1.045267413893322,397085451878,19118802,845,203,249.75,False,0.2331,845,dex,0,415,332,1.25,415,332,14491.3,14491.3,47.01,47.01,8095.7,,,,,,,,
1788768749,8zNRgxJKJdQVvm2w2p3yBSmQRBsLaYudYRQnc759wpZK,musd,hotctl1h,130.6,False,False,,,0,6,,,0.17533269361763337,116404292985,19118802,1000,80,750.0,True,0.82,1000,dex,0,985,484,2.035,985,484,69310.83,69310.83,24.77,24.77,20052.59,,,,,,,,
1788768749,ENR7p9qhNefopEHquRaAhkGLXmiqd6QQtX7iNHAApump,BTC,hotctl1h,134.6,False,False,,,0,6,,,0.9493778290792386,136371518047,19118802,1000,85,705.88,True,0.81,1000,dex,0,397,266,1.492,397,266,22349.42,22349.42,372.0,372.0,,,,,,0.001,,,
1788768749,CSvsrR7QwbhCb72S4UKsNE7ypHRve6SBUEe7rzSgoRBx,ZEC,hotctl1h,146.6,False,False,,,0,6,,,0.3911054122266367,383269091802,19118802,845,203,249.75,False,0.2331,845,dex,0,415,332,1.25,415,332,14491.3,14491.3,47.01,47.01,8095.7,,,,,,,,
1788768749,7HYdq9UTLPLBcbqx5YXgEFPJbgTgbSTPt2aA2VTmqh3w,BONER,hotctl1h,158.6,False,False,,,0,6,,,1.0525212699803264,6221976787,19118802,1000,111,540.54,True,0.468,1000,dex,0,579,652,0.888,579,652,42086.63,42086.63,607.0,607.0,45802.59,,,,,0.3605,,,
1788768883,AJ5bDxmgfr4ujU73fB3QQ8kMwmwZMe1jhZej1SUFpump,coin,organic,477.2,False,False,,,0,6,,,1.1392297845217607,511011693474,19129291,1000,210,285.71,True,0.743,1000,dex,0,535,411,1.302,535,411,35615.27,35615.27,89.66,89.66,,,,,,,,,
1788768883,E9t9bQBCocQ5YBB2eZn9qZVSRRPrCHi6967SY8X9T2N1,ZEC,hotctl,211.2,False,False,,,0,6,,,0.1802827865041234,157556459405,19129291,1000,104,576.92,True,0.727,1000,dex,0,660,308,2.143,660,308,30342.98,30342.98,18.98,18.98,19488.09,,,,,,,,
1788768883,AtAEkW8JLZooUVbQqMMzGzqYhas6xxp6tNW3ra2nhzxF,musd,hotctl,164.2,False,False,,,0,6,,,0.95927710203826,29557625892,19129291,1000,112,535.71,True,0.715,1000,dex,0,1038,296,3.507,1038,296,160917.05,160917.05,574.0,574.0,47261.42,,,,,,,,
1788768883,Akx7ezGLSyRFSQTN7ZN1NKzXfsYY9DMBCyE1HGU95QPW,musd,hotctl,150.2,False,False,,,0,6,,,0.8400692092727807,26945421946,19129291,1000,135,444.44,True,0.548,1000,dex,0,507,279,1.817,507,279,112122.06,112122.06,722.0,722.0,14181.32,,,,,,,,
1788768883,AJ5bDxmgfr4ujU73fB3QQ8kMwmwZMe1jhZej1SUFpump,coin,organic1h,477.2,False,False,,,0,6,,,1.3399340094639072,502916465243,19129291,1000,210,285.71,True,0.743,1000,dex,0,535,411,1.302,535,411,35615.27,35615.27,89.66,89.66,,,,,,,,,
1788768883,E9t9bQBCocQ5YBB2eZn9qZVSRRPrCHi6967SY8X9T2N1,ZEC,hotctl1h,211.2,False,False,,,0,6,,,2.2301907805398833,157052820490,19129291,1000,104,576.92,True,0.727,1000,dex,0,660,308,2.143,660,308,30342.98,30342.98,18.98,18.98,19488.09,,,,,,,,
1788768883,AtAEkW8JLZooUVbQqMMzGzqYhas6xxp6tNW3ra2nhzxF,musd,hotctl1h,164.2,False,False,,,0,6,,,1.9698092651324692,28369661503,19129291,1000,112,535.71,True,0.715,1000,dex,0,1038,296,3.507,1038,296,160917.05,160917.05,574.0,574.0,47261.42,,,,,,,,
1788768883,Akx7ezGLSyRFSQTN7ZN1NKzXfsYY9DMBCyE1HGU95QPW,musd,hotctl1h,150.2,False,False,,,0,6,,,0.0,27867441114,19129291,1000,135,444.44,True,0.548,1000,dex,0,507,279,1.817,507,279,112122.06,112122.06,722.0,722.0,14181.32,,,,,,,,
1788769008,ENR7p9qhNefopEHquRaAhkGLXmiqd6QQtX7iNHAApump,BTC,organic,393.2,False,False,,,0,6,,,2.2486577043622984,182158273316,19120731,1000,85,705.88,True,0.81,1000,dex,0,626,391,1.601,626,391,32463.69,32463.69,458.0,458.0,,,,,,0.001,,,
1788769008,JE3JSzNLCKHwxuWc7hV5vg9Txs7zWF712f4DQripump,PAIR,hotctl,125.2,False,False,,,0,6,,,1.4677854306160325,209383596178,19120731,1000,67,895.52,True,0.882,1000,dex,0,352,239,1.473,352,239,28080.52,28080.52,182.0,182.0,,,,,,2.963,,,
1788769008,8RcGgc42FAKmayVe5kJLWLHdg1EwgBm1KmT16phM8gpp,musd,hotctl,148.2,False,False,,,0,6,,,0.0,92765764417,19120731,1000,75,800.0,True,0.911,1000,dex,0,1030,386,2.668,1030,386,145039.57,145039.57,103.0,103.0,28370.55,,,,,,,,
1788769008,HjZapSzZQkAVp3h4ZU7YFafSVVo9JcEoTysAiULCKjky,BTC,hotctl,148.2,False,False,,,0,6,,,0.07442352271967273,107866363818,19120731,1000,98,612.24,True,0.803,1000,dex,0,711,407,1.747,711,407,52588.66,52588.66,57.75,57.75,25583.38,,,,,,,,
1788769008,9bYPuXun9TtQ2eGecHw5KGTA1omYjDgFXKPHyEgZMbQE,musd,hotctl,237.2,False,False,,,0,6,,,0.622686101568714,151854382933,19120731,1000,90,666.67,True,0.879,1000,dex,0,2337,499,4.683,2363,501,135978.29,136105.19,29.65,31.74,20899.76,,,,,,,,
1788769008,ENR7p9qhNefopEHquRaAhkGLXmiqd6QQtX7iNHAApump,BTC,organic1h,393.2,False,False,,,0,6,,,1.5938108819376695,178805045906,19120731,1000,85,705.88,True,0.81,1000,dex,0,626,391,1.601,626,391,32463.69,32463.69,458.0,458.0,,,,,,0.001,,,
1788769008,JE3JSzNLCKHwxuWc7hV5vg9Txs7zWF712f4DQripump,PAIR,hotctl1h,125.2,False,False,,,0,6,,,1.7883747675784207,199077234187,19120731,1000,67,895.52,True,0.882,1000,dex,0,352,239,1.473,352,239,28080.52,28080.52,182.0,182.0,,,,,,2.963,,,
1788769008,8RcGgc42FAKmayVe5kJLWLHdg1EwgBm1KmT16phM8gpp,musd,hotctl1h,148.2,False,False,,,0,6,,,0.0,93545900900,19120731,1000,75,800.0,True,0.911,1000,dex,0,1030,386,2.668,1030,386,145039.57,145039.57,103.0,103.0,28370.55,,,,,,,,
1788769008,HjZapSzZQkAVp3h4ZU7YFafSVVo9JcEoTysAiULCKjky,BTC,hotctl1h,148.2,False,False,,,0,6,,,0.0,107232777155,19120731,1000,98,612.24,True,0.803,1000,dex,0,711,407,1.747,711,407,52588.66,52588.66,57.75,57.75,25583.38,,,,,,,,
1788769008,9bYPuXun9TtQ2eGecHw5KGTA1omYjDgFXKPHyEgZMbQE,musd,hotctl1h,237.2,False,False,,,0,6,,,0.8133590315615745,149592477526,19120731,1000,90,666.67,True,0.879,1000,dex,0,2337,499,4.683,2363,501,135978.29,136105.19,29.65,31.74,20899.76,,,,,,,,
1788769361,B4wzyF1y1s2SMYK3AhMTiSjLXuqE1JiEVv8tT9AZfbLa,NVIDOG,hotctl,166.8,False,False,,,0,6,,,1.9890454323422908,164289063757,19120308,1000,146,410.96,True,0.425,1000,dex,0,767,453,1.693,767,453,40739.03,40739.03,29.51,29.51,20602.15,,,,,,,,
1788769361,8UUBk9UuvpqHv5hfPZQrUFhnDHrrVPgoqbAVwwQ7CZQ8,musd,hotctl,186.8,False,False,,,0,6,,,4.280278743810119,18347097757,19120308,1000,119,504.2,True,0.587,1000,dex,0,690,464,1.487,690,464,194514.7,194514.7,1146.0,1146.0,17605.24,,,,,,,,
1788769361,86nFoKYJ1utXnSP7EFJiyf9BiZRAXZYyfqnciip2PozA,musd,hotctl1h,248.8,False,False,,,0,6,,,1.7975630675202505,133981456486,19120308,1000,124,483.87,True,0.632,1000,dex,0,680,344,1.977,680,344,91157.7,91157.7,32.0,32.0,20677.02,,,,,,,,
1788769361,B4wzyF1y1s2SMYK3AhMTiSjLXuqE1JiEVv8tT9AZfbLa,NVIDOG,hotctl1h,166.8,False,False,,,0,6,,,0.5959536781426373,161969157434,19120308,1000,146,410.96,True,0.425,1000,dex,0,767,453,1.693,767,453,40739.03,40739.03,29.51,29.51,20602.15,,,,,,,,
1788769361,8UUBk9UuvpqHv5hfPZQrUFhnDHrrVPgoqbAVwwQ7CZQ8,musd,hotctl1h,186.8,False,False,,,0,6,,,0.14606231144379317,17796817299,19120308,1000,119,504.2,True,0.587,1000,dex,0,690,464,1.487,690,464,194514.7,194514.7,1146.0,1146.0,17605.24,,,,,,,,
1788769489,E2ZRVRKEr15MXNPfWC6RLkTrXA7tKUa3GtrTiEaYe2PN,ICOIN,hotctl,144.3,False,False,,,0,6,,,0.0,53409172585,19121300,983,189,312.06,False,0.5178,983,dex,0,638,110,5.8,638,110,69429.75,69429.75,297.0,297.0,34692.8,,,,,,,,
1788769489,314Q3Z3sCRynfQBmGxRAdzz2525EJTtYonzkHbLmG6zm,FINDER,hotctl,165.3,False,False,,,0,6,,,1.3603200116724372,106391498270,19121300,1000,126,476.19,True,0.742,1000,dex,0,543,348,1.56,543,348,41803.01,41803.01,426.0,426.0,,,,,,3.0832,,,
1788769489,D3SRGgxTJfnLTG9QuFkfiQPSMBytrQ5oCZCLAs3upump,MCDOG,hotctl,247.3,False,False,,,0,6,,,1.295464737367864,29996008537,19121300,1000,32,1875.0,True,0.992,1000,dex,0,2639,1767,1.493,2841,1867,200736.99,213213.66,107.0,87.72,23035.14,,,,,2.963,,,
1788769489,E2ZRVRKEr15MXNPfWC6RLkTrXA7tKUa3GtrTiEaYe2PN,ICOIN,hotctl1h,144.3,False,False,,,0,6,,,2.373276286875913,48563445432,19121300,983,189,312.06,False,0.5178,983,dex,0,638,110,5.8,638,110,69429.75,69429.75,297.0,297.0,34692.8,,,,,,,,
1788769489,314Q3Z3sCRynfQBmGxRAdzz2525EJTtYonzkHbLmG6zm,FINDER,hotctl1h,165.3,False,False,,,0,6,,,1.8797799755839784,113168238585,19121300,1000,126,476.19,True,0.742,1000,dex,0,543,348,1.56,543,348,41803.01,41803.01,426.0,426.0,,,,,,3.0832,,,
1788769489,D3SRGgxTJfnLTG9QuFkfiQPSMBytrQ5oCZCLAs3upump,MCDOG,hotctl1h,247.3,False,False,,,0,6,,,4.435741623476711,35386573395,19121300,1000,32,1875.0,True,0.992,1000,dex,0,2639,1767,1.493,2841,1867,200736.99,213213.66,107.0,87.72,23035.14,,,,,2.963,,,
1788769721,4UeUpXJQ1YsBJhLgUaGRGTPopCCem2WeKFLhpGn4pump,PARROTS,hotctl,156.8,False,False,,,0,6,,,0.7269603603505473,877819547,19115989,994,283,210.74,False,0.7907,994,dex,0,603,251,2.402,603,251,54148.68,54148.68,5014.0,5014.0,126140.39,,,,,,,,
1788769721,4Nv8kfsx9p3yGn2qhKEXufH8EUaXPp5dkMf5CciFpump,PONSCAT,hotctl,162.8,False,False,,,0,6,,,3.185278601778258,30431979626,19115989,1000,27,2222.22,True,0.993,1000,dex,0,612,517,1.184,616,517,96039.81,96339.75,63.59,70.18,21765.32,,,,,,,,
1788769721,GKKA1h3C4KQQ3A7pxJ1bbsTnXpwR8zkAeif6jCa6CNy1,MSTR,hotctl,176.8,False,False,,,0,6,,,0.0,114869277122,19115989,1000,81,740.74,True,0.907,1000,dex,0,1594,844,1.889,1594,844,191802.68,191802.68,69.91,69.91,24011.51,,,,,,,,
1788769721,4UeUpXJQ1YsBJhLgUaGRGTPopCCem2WeKFLhpGn4pump,PARROTS,hotctl1h,156.8,False,False,,,0,6,,,0.7397302951729855,877819511,19115989,994,283,210.74,False,0.7907,994,dex,0,603,251,2.402,603,251,54148.68,54148.68,5014.0,5014.0,126140.39,,,,,,,,
1788769721,4Nv8kfsx9p3yGn2qhKEXufH8EUaXPp5dkMf5CciFpump,PONSCAT,hotctl1h,162.8,False,False,,,0,6,,,2.3782795642266317,30353797250,19115989,1000,27,2222.22,True,0.993,1000,dex,0,612,517,1.184,616,517,96039.81,96339.75,63.59,70.18,21765.32,,,,,,,,
1788769721,GKKA1h3C4KQQ3A7pxJ1bbsTnXpwR8zkAeif6jCa6CNy1,MSTR,hotctl1h,176.8,False,False,,,0,6,,,0.0,122968512090,19115989,1000,81,740.74,True,0.907,1000,dex,0,1594,844,1.889,1594,844,191802.68,191802.68,69.91,69.91,24011.51,,,,,,,,
1788769901,DwiKdhAXbQEwUWUJWS4V4qKr2FvvhEKqfbwaSEHWaBNN,iPhone,organic,239.6,False,False,,,0,6,,,0.7806828117795471,153589205857,19095709,509,283,107.92,False,0.0904,509,dex,0,376,48,7.833,396,53,2794.74,3848.67,35.77,54.36,19494.45,,,,,,,,
1788769901,2KsBZZRQmTUtX2KFeAFZu8mgtPQtmpu1k8nHsXc6CAi7,DOOGLE,hotctl,271.6,False,False,,,0,6,,,0.30986975207269335,3073478774,19095709,1000,81,740.74,True,0.661,1000,dex,0,519,650,0.798,522,651,20266.9,21130.51,44.67,323.0,,,,,,,,,
1788769901,DwiKdhAXbQEwUWUJWS4V4qKr2FvvhEKqfbwaSEHWaBNN,iPhone,hotctl,239.6,False,False,,,0,6,,,0.6387417017779123,153588828800,19095709,509,283,107.92,False,0.0904,509,dex,0,376,48,7.833,396,53,2794.74,3848.67,35.77,54.36,19494.45,,,,,,,,
1788769901,DwiKdhAXbQEwUWUJWS4V4qKr2FvvhEKqfbwaSEHWaBNN,iPhone,organic1h,239.6,False,False,,,0,6,,,0.657171455942672,153588632023,19095709,509,283,107.92,False,0.0904,509,dex,0,376,48,7.833,396,53,2794.74,3848.67,35.77,54.36,19494.45,,,,,,,,
1788769901,2KsBZZRQmTUtX2KFeAFZu8mgtPQtmpu1k8nHsXc6CAi7,DOOGLE,hotctl1h,271.6,False,False,,,0,6,,,0.0,5475722620,19095709,1000,81,740.74,True,0.661,1000,dex,0,519,650,0.798,522,651,20266.9,21130.51,44.67,323.0,,,,,,,,,
1788769901,DwiKdhAXbQEwUWUJWS4V4qKr2FvvhEKqfbwaSEHWaBNN,iPhone,hotctl1h,239.6,False,False,,,0,6,,,0.0,154334650712,19095709,509,283,107.92,False,0.0904,509,dex,0,376,48,7.833,396,53,2794.74,3848.67,35.77,54.36,19494.45,,,,,,,,
1788770032,5MP8UfgsivXrRLSFn9bJvmzVdwUqs3VtkkwNkWZdpump,ZWOJAK,hotctl,202.3,False,False,,,0,6,,,2.8402163768674735,20205943359,19102657,1000,28,2142.86,True,0.988,1000,dex,0,315,230,1.37,315,230,56717.51,56717.51,75.44,75.44,21865.2,,,,,0.0988,,,
1788770032,DNBxmBV9seRdEQQQ8uSRYn8zeGRCjqBbu1mMg4kXAShD,musd,hotctl,210.3,False,False,,,0,6,,,0.20300526676988803,154920939744,19102657,1000,80,750.0,True,0.859,1000,dex,0,2235,471,4.745,2235,471,119328.19,119328.19,34.53,34.53,21089.48,,,,,,,,
1788770032,HPjWe4QDy3bC9Qp8XmjK4F91MScZ9QD7d6Vkx6aVFrTN,Sue,hotctl,246.3,False,False,,,0,6,,,1.7651015562582857,137527737867,19102657,725,288,151.04,False,0.2772,725,dex,0,497,66,7.53,507,66,21424.18,23780.29,9.14,46.95,19328.17,,,,,,,,
1788770032,5MP8UfgsivXrRLSFn9bJvmzVdwUqs3VtkkwNkWZdpump,ZWOJAK,hotctl1h,202.3,False,False,,,0,6,,,2.7447921110525346,19600806346,19102657,1000,28,2142.86,True,0.988,1000,dex,0,315,230,1.37,315,230,56717.51,56717.51,75.44,75.44,21865.2,,,,,0.0988,,,
1788770032,DNBxmBV9seRdEQQQ8uSRYn8zeGRCjqBbu1mMg4kXAShD,musd,hotctl1h,210.3,False,False,,,0,6,,,0.0,151560288084,19102657,1000,80,750.0,True,0.859,1000,dex,0,2235,471,4.745,2235,471,119328.19,119328.19,34.53,34.53,21089.48,,,,,,,,
1788770032,HPjWe4QDy3bC9Qp8XmjK4F91MScZ9QD7d6Vkx6aVFrTN,Sue,hotctl1h,246.3,False,False,,,0,6,,,0.0,135141193971,19102657,725,288,151.04,False,0.2772,725,dex,0,497,66,7.53,507,66,21424.18,23780.29,9.14,46.95,19328.17,,,,,,,,
1788770264,F63avSoxeL5h5ARhJpcS2oE1wcQQyJBDkKUzkJa5pump,NASCAT,organic,2011.2,False,False,,,0,6,,,1.0025763093962075,8251192104,19127421,1000,171,350.88,True,0.199,1000,boost,100,717,398,1.802,9871,2705,23185.31,491154.12,-7.21,223.0,40938.58,,,,,,,,
1788770264,F63avSoxeL5h5ARhJpcS2oE1wcQQyJBDkKUzkJa5pump,NASCAT,organic1h,2011.2,False,False,,,0,6,,,0.9958239692751857,8251192104,19127421,1000,171,350.88,True,0.199,1000,boost,100,717,398,1.802,9871,2705,23185.31,491154.12,-7.21,223.0,40938.58,,,,,,,,
1788770431,5oR6SgeEJozxBeSRJy5ciszxDRqvExdSmtpVV6agpump,NVIDOG,hotctl,447.2,False,False,,,0,6,,,3.332921762224874,15614831342,19101862,1000,25,2400.0,True,1.0,1000,dex,0,1457,296,4.922,2825,571,85226.95,184092.75,13.66,80.77,30277.68,,,,,,,,
1788770431,ABcTZWAgvW3CmDHXucNV5VHhvCQyybqtrEHT8zBFpump,ZDUCK,hotctl,478.2,False,False,,,0,6,,,2.609491203131109,955402581715,19101862,1000,81,740.74,True,0.946,1000,dex,0,349,505,0.691,880,937,91860.47,214984.94,-96.28,-95.1,2197.87,,,,,,,,
1788770431,7BtiPa5r8EYiY74QeSo1bCL3GPeg9bDmT94LRTvzpump,Chipmunk,hotctl,214.2,False,False,,,0,6,,,3.1790392322820327,30417222262,19101862,1000,29,2068.97,True,0.984,1000,dex,0,599,466,1.285,620,472,64683.86,66007.83,63.63,58.13,20709.07,,,,,,,,
1788770431,5oR6SgeEJozxBeSRJy5ciszxDRqvExdSmtpVV6agpump,NVIDOG,hotctl1h,447.2,False,False,,,0,6,,,2.0323569364398444,16405968606,19101862,1000,25,2400.0,True,1.0,1000,dex,0,1457,296,4.922,2825,571,85226.95,184092.75,13.66,80.77,30277.68,,,,,,,,
1788770431,ABcTZWAgvW3CmDHXucNV5VHhvCQyybqtrEHT8zBFpump,ZDUCK,hotctl1h,478.2,False,False,,,0,6,,,2.592888348495145,955960043359,19101862,1000,81,740.74,True,0.946,1000,dex,0,349,505,0.691,880,937,91860.47,214984.94,-96.28,-95.1,2197.87,,,,,,,,
1788770431,7BtiPa5r8EYiY74QeSo1bCL3GPeg9bDmT94LRTvzpump,Chipmunk,hotctl1h,214.2,False,False,,,0,6,,,0.42902951797325767,30122776285,19101862,1000,29,2068.97,True,0.984,1000,dex,0,599,466,1.285,620,472,64683.86,66007.83,63.63,58.13,20709.07,,,,,,,,
1788770793,D4WkS5FR8fJP5nH4H5RZT1Astxi8v5ajpU6faYkcaAsA,NEX Ai,organic,583.6,False,False,,,0,6,,,0.25208447068388473,130988110011,19086736,1000,376,159.57,True,0.01,798,dex,0,563,112,5.027,1423,293,10056.08,25291.13,5.71,12.44,26554.38,,,,,,,,
1788770793,D4WkS5FR8fJP5nH4H5RZT1Astxi8v5ajpU6faYkcaAsA,NEX Ai,hotctl,583.6,False,False,,,0,6,,,0.593578058997372,130987938149,19086736,1000,376,159.57,True,0.01,798,dex,0,563,112,5.027,1423,293,10056.08,25291.13,5.71,12.44,26554.38,,,,,,,,
1788770793,D4WkS5FR8fJP5nH4H5RZT1Astxi8v5ajpU6faYkcaAsA,NEX Ai,organic1h,583.6,False,False,,,0,6,,,0.5936165571098694,130987887420,19086736,1000,376,159.57,True,0.01,798,dex,0,563,112,5.027,1423,293,10056.08,25291.13,5.71,12.44,26554.38,,,,,,,,
1788770793,D4WkS5FR8fJP5nH4H5RZT1Astxi8v5ajpU6faYkcaAsA,NEX Ai,hotctl1h,583.6,False,False,,,0,6,,,0.3655286223230379,131844643621,19086736,1000,376,159.57,True,0.01,798,dex,0,563,112,5.027,1423,293,10056.08,25291.13,5.71,12.44,26554.38,,,,,,,,
1788770978,6nqLdmd9qU5ayMvqk7e62bWJJiGt63J5NqQ6TEKkeycB,bitkwin,hotctl,697.3,False,False,,,0,6,,,2.410930573074525,77675302491,19103102,1000,287,209.06,True,0.339,1000,dex,0,630,126,5.0,2547,506,72078.71,270339.2,96.61,205.0,31170.85,,,,,,,,
1788770978,H6aynTN6Z1gGy8naKmJB4Ty9wSqd7Pog55Ykh5ggpump,LEGO,hotctl,712.3,False,False,,,0,6,,,0.7806992933703231,1874852728,19103102,1000,99,606.06,True,0.884,1000,dex,0,3328,162,20.543,6412,446,3693.84,37188.24,5.51,2325.0,86367.93,,,,,,,,
1788770978,6nqLdmd9qU5ayMvqk7e62bWJJiGt63J5NqQ6TEKkeycB,bitkwin,hotctl1h,697.3,False,False,,,0,6,,,0.7895398078702714,73833759766,19103102,1000,287,209.06,True,0.339,1000,dex,0,630,126,5.0,2547,506,72078.71,270339.2,96.61,205.0,31170.85,,,,,,,,
1788770978,H6aynTN6Z1gGy8naKmJB4Ty9wSqd7Pog55Ykh5ggpump,LEGO,hotctl1h,712.3,False,False,,,0,6,,,0.7824789133846932,1874843859,19103102,1000,99,606.06,True,0.884,1000,dex,0,3328,162,20.543,6412,446,3693.84,37188.24,5.51,2325.0,86367.93,,,,,,,,
1788771193,5nkpqrTybnLaD6MKtKaVDWJ6hYcwXxxoYTsoa6X3eWwq,Tesla,organic,802.0,False,False,,,0,6,,,0.2651469876521304,170320954082,19104220,1000,592,101.35,True,0.0079,507,dex,0,315,111,2.838,930,358,9175.81,25544.42,10.81,30.02,19596.92,,,,,,,,
1788771193,5nkpqrTybnLaD6MKtKaVDWJ6hYcwXxxoYTsoa6X3eWwq,Tesla,hotctl,802.0,False,False,,,0,6,,,0.0,171070751591,19104220,1000,592,101.35,True,0.0079,507,dex,0,315,111,2.838,930,358,9175.81,25544.42,10.81,30.02,19596.92,,,,,,,,
1788771193,5nkpqrTybnLaD6MKtKaVDWJ6hYcwXxxoYTsoa6X3eWwq,Tesla,organic1h,802.0,False,False,,,0,6,,,0.0,171070751591,19104220,1000,592,101.35,True,0.0079,507,dex,0,315,111,2.838,930,358,9175.81,25544.42,10.81,30.02,19596.92,,,,,,,,
1788771193,5nkpqrTybnLaD6MKtKaVDWJ6hYcwXxxoYTsoa6X3eWwq,Tesla,hotctl1h,802.0,False,False,,,0,6,,,0.0,171070682541,19104220,1000,592,101.35,True,0.0079,507,dex,0,315,111,2.838,930,358,9175.81,25544.42,10.81,30.02,19596.92,,,,,,,,
1788771332,FD2SnNCE3oruoTBcraW2kfanL7KzNkJfNK2oPMjcF2fv,DOGGIE,organic,177.8,False,False,,,0,6,,,0.6477797722209868,769945891,19094649,824,311,158.97,False,0.011,816,dex,0,538,54,9.963,574,57,20576.74,30286.03,-41.92,24463.0,14562.03,,,,,,,,
1788771332,4c4t9rgw6n7iR8h57kgQjV9QMW9EL9YSESkZ5y7mpump,Rhinos ,hotctl,125.8,False,False,,,0,6,,,1.186224952028018,414362585078,19094649,1000,235,255.32,True,0.672,1000,dex,0,443,389,1.139,443,389,30547.52,30547.52,-8.4,-8.4,,,,,,,,,
1788771332,HPkwEURxvV4uBeiQQ89mzNRzaf6K8MtRHZ9ubqJwF63a,Chipmunk,hotctl,149.8,False,False,,,0,6,,,0.0,28547914905,19094649,1000,130,461.54,True,0.434,1000,dex,0,651,723,0.9,651,723,14458.63,14458.63,303.0,303.0,,,,,,,,,
1788771332,FD2SnNCE3oruoTBcraW2kfanL7KzNkJfNK2oPMjcF2fv,DOGGIE,hotctl,177.8,False,False,,,0,6,,,0.2559584300163147,748542728,19094649,824,311,158.97,False,0.011,816,dex,0,538,54,9.963,574,57,20576.74,30286.03,-41.92,24463.0,14562.03,,,,,,,,
1788771332,5XLc2qsmvRkQ6sXu1BtketaKGnLobEQMMVVmsPr7pump,Norman,hotctl,193.8,False,False,,,0,6,,,1.944371826382797,22026079203,19094649,1000,28,2142.86,True,0.986,1000,dex,0,779,646,1.206,939,722,102010.37,114200.35,52.15,76.51,22094.28,,,,,,,,
1788771332,3k7PU9o8DkkhTkNgJm5ujm5JQcDyWw3gge9DbivJvDF7,STONKS,hotctl,230.8,False,False,,,0,6,,,0.0,138155674679,19094649,1000,161,372.67,True,0.644,1000,dex,0,1918,506,3.791,2600,644,122231.1,151407.85,22.31,47.12,22152.23,,,,,,,,
1788771332,FD2SnNCE3oruoTBcraW2kfanL7KzNkJfNK2oPMjcF2fv,DOGGIE,organic1h,177.8,False,False,,,0,6,,,1.0750762746988685,715352556,19094649,824,311,158.97,False,0.011,816,dex,0,538,54,9.963,574,57,20576.74,30286.03,-41.92,24463.0,14562.03,,,,,,,,
1788771332,4c4t9rgw6n7iR8h57kgQjV9QMW9EL9YSESkZ5y7mpump,Rhinos ,hotctl1h,125.8,False,False,,,0,6,,,1.1334528566586397,416082927479,19094649,1000,235,255.32,True,0.672,1000,dex,0,443,389,1.139,443,389,30547.52,30547.52,-8.4,-8.4,,,,,,,,,
1788771332,HPkwEURxvV4uBeiQQ89mzNRzaf6K8MtRHZ9ubqJwF63a,Chipmunk,hotctl1h,149.8,False,False,,,0,6,,,2.4765074921588184,29647148622,19094649,1000,130,461.54,True,0.434,1000,dex,0,651,723,0.9,651,723,14458.63,14458.63,303.0,303.0,,,,,,,,,
1788771332,FD2SnNCE3oruoTBcraW2kfanL7KzNkJfNK2oPMjcF2fv,DOGGIE,hotctl1h,177.8,False,False,,,0,6,,,0.8762827840299803,709745504,19094649,824,311,158.97,False,0.011,816,dex,0,538,54,9.963,574,57,20576.74,30286.03,-41.92,24463.0,14562.03,,,,,,,,
1788771332,5XLc2qsmvRkQ6sXu1BtketaKGnLobEQMMVVmsPr7pump,Norman,hotctl1h,193.8,False,False,,,0,6,,,3.2561977391342825,23406611017,19094649,1000,28,2142.86,True,0.986,1000,dex,0,779,646,1.206,939,722,102010.37,114200.35,52.15,76.51,22094.28,,,,,,,,
1788771332,3k7PU9o8DkkhTkNgJm5ujm5JQcDyWw3gge9DbivJvDF7,STONKS,hotctl1h,230.8,False,False,,,0,6,,,1.042291774456198,130772849475,19094649,1000,161,372.67,True,0.644,1000,dex,0,1918,506,3.791,2600,644,122231.1,151407.85,22.31,47.12,22152.23,,,,,,,,
1788771654,4c4t9rgw6n7iR8h57kgQjV9QMW9EL9YSESkZ5y7mpump,Rhinos ,organic,447.6,False,False,,,0,6,,,1.240989355396846,450549459783,19093799,1000,235,255.32,True,0.672,1000,dex,0,443,389,1.139,443,389,30547.52,30547.52,-8.4,-8.4,,,,,,,,,
1788771654,4c4t9rgw6n7iR8h57kgQjV9QMW9EL9YSESkZ5y7mpump,Rhinos ,organic1h,447.6,False,False,,,0,6,,,1.2410242588009068,450549459783,19093799,1000,235,255.32,True,0.672,1000,dex,0,443,389,1.139,443,389,30547.52,30547.52,-8.4,-8.4,,,,,,,,,
1788771767,Aw6fiDPWLUnjSsJQtsyEMSaoPaKAUUrStAsYPiPwpump,Anonymouse,hotctl,143.0,False,False,,,0,6,,,1.34929834117672,40152206148,19112643,1000,103,582.52,True,0.739,1000,dex,0,623,486,1.282,623,486,38853.88,38853.88,11.77,11.77,16852.69,,,,,,,,
1788771767,5Jy6idHdSzVwHTE5mC9KQE7hx8GKrJ4o4u6UAZWh6NqV,Anony,hotctl,184.0,False,False,,,0,6,,,0.07897292202688054,68641182915,19112643,1000,120,500.0,True,0.755,1000,dex,0,721,350,2.06,721,350,203808.16,203808.16,161.0,161.0,29637.03,,,,,,,,
1788771767,CDL5pqPPx8PPdhwinZmQk4nStu6WkSLcfi1BTGiHdgBy,STONKS,hotctl,201.0,False,False,,,0,6,,,0.32996977332093064,169843581892,19112643,1000,103,582.52,True,0.85,1000,dex,0,1276,750,1.701,1276,750,102531.42,102531.42,34.2,34.2,21095.17,,,,,,,,
1788771767,8WrdFQkPX568rnbrdpLorJPoCJyzvGADHCFziajZpump,Ubear,hotctl,200.0,False,False,,,0,6,,,0.6391020681343559,694584808,19112643,1000,44,1363.64,True,0.968,1000,dex,0,2467,299,8.251,2467,299,62577.52,62577.52,6435.0,6435.0,143054.31,,,,,,,,
1788771767,Aw6fiDPWLUnjSsJQtsyEMSaoPaKAUUrStAsYPiPwpump,Anonymouse,hotctl1h,143.0,False,False,,,0,6,,,1.2136042901437036,39971271595,19112643,1000,103,582.52,True,0.739,1000,dex,0,623,486,1.282,623,486,38853.88,38853.88,11.77,11.77,16852.69,,,,,,,,
1788771767,5Jy6idHdSzVwHTE5mC9KQE7hx8GKrJ4o4u6UAZWh6NqV,Anony,hotctl1h,184.0,False,False,,,0,6,,,1.7269417928511024,77717983331,19112643,1000,120,500.0,True,0.755,1000,dex,0,721,350,2.06,721,350,203808.16,203808.16,161.0,161.0,29637.03,,,,,,,,
1788771767,CDL5pqPPx8PPdhwinZmQk4nStu6WkSLcfi1BTGiHdgBy,STONKS,hotctl1h,201.0,False,False,,,0,6,,,0.3371690059595366,140705583913,19112643,1000,103,582.52,True,0.85,1000,dex,0,1276,750,1.701,1276,750,102531.42,102531.42,34.2,34.2,21095.17,,,,,,,,
1788771767,8WrdFQkPX568rnbrdpLorJPoCJyzvGADHCFziajZpump,Ubear,hotctl1h,200.0,False,False,,,0,6,,,0.6393009951988586,694584632,19112643,1000,44,1363.64,True,0.968,1000,dex,0,2467,299,8.251,2467,299,62577.52,62577.52,6435.0,6435.0,143054.31,,,,,,,,
1788771924,GDfCmyQWyrzio7asm5CNENxeibFvKwszBYehU4aEEmUh,Anonymouse,hotctl,164.0,False,False,,,0,6,,,0.0,122428751129,19109654,1000,105,571.43,True,0.812,1000,dex,0,1133,450,2.518,1133,450,58478.15,58478.15,75.14,75.14,23868.98,,,,,,,,
1788771924,GDfCmyQWyrzio7asm5CNENxeibFvKwszBYehU4aEEmUh,Anonymouse,hotctl1h,164.0,False,False,,,0,6,,,0.0,121653975541,19109654,1000,105,571.43,True,0.812,1000,dex,0,1133,450,2.518,1133,450,58478.15,58478.15,75.14,75.14,23868.98,,,,,,,,
1788772043,gPthkXP1DY1JwFhouxX5hakGvC2fHTRxrADVc6WZzCz,STONKS,hotctl,320.8,False,False,,,0,6,,,0.0,58731011689,19112013,1000,68,882.35,True,0.941,1000,dex,0,1387,625,2.219,1715,779,170404.94,205137.59,154.0,276.0,35232.55,,,,,,,,
1788772043,F5AVZwg3fyTZL6RsHobh3bAXd4PfuuzYFyhqP6djszDp,MSFT,hotctl,334.8,False,False,,,0,6,,,3.1433434060495298,289345191434,19112013,1000,337,178.04,True,0.4137,817,dex,0,313,278,1.126,647,439,21203.84,49018.08,-8.44,67.19,,,,,,,,,
1788772043,JBZA4x1KnBHZQkN658eNQukuQ2BcpMFhbpMihxPVBaS,STONKS,hotctl,358.8,False,False,,,0,6,,,0.3264431501514829,81457072049,19112013,1000,60,1000.0,True,0.98,1000,dex,0,1779,997,1.784,2586,1389,307398.14,365340.99,76.86,154.0,29431.26,,,,,,,,
1788772043,gPthkXP1DY1JwFhouxX5hakGvC2fHTRxrADVc6WZzCz,STONKS,hotctl1h,320.8,False,False,,,0,6,,,0.0,64276682743,19112013,1000,68,882.35,True,0.941,1000,dex,0,1387,625,2.219,1715,779,170404.94,205137.59,154.0,276.0,35232.55,,,,,,,,
1788772043,F5AVZwg3fyTZL6RsHobh3bAXd4PfuuzYFyhqP6djszDp,MSFT,hotctl1h,334.8,False,False,,,0,6,,,1.69055141260557,289281186119,19112013,1000,337,178.04,True,0.4137,817,dex,0,313,278,1.126,647,439,21203.84,49018.08,-8.44,67.19,,,,,,,,,
1788772043,JBZA4x1KnBHZQkN658eNQukuQ2BcpMFhbpMihxPVBaS,STONKS,hotctl1h,358.8,False,False,,,0,6,,,1.263314941010339,80380750925,19112013,1000,60,1000.0,True,0.98,1000,dex,0,1779,997,1.784,2586,1389,307398.14,365340.99,76.86,154.0,29431.26,,,,,,,,
1788772156,Bsbrf1oP7fWkiVWxA2TwJtdFDFd6Pb8HQvNvtyAYZCTh,form,hotctl,214.9,False,False,,,0,6,,,0.0,124173831547,19078711,1000,81,740.74,True,0.83,1000,dex,0,1407,356,3.952,1407,356,164738.51,164738.51,52.65,52.65,22951.77,,,,,,,,
1788772156,H2q7BKWK6bSn9pyjqkKA37iM6sQcECpYzXxY2rkTcNqo,ICOIN,hotctl,174.9,False,False,,,0,6,,,4.179218311375269,42991279509,19078711,1000,108,555.56,True,0.498,1000,dex,0,511,571,0.895,511,571,12506.32,12506.32,249.0,249.0,,,,,,,,,
1788772156,D1ri6f57bzFy8u4RgpfGSNj4rowh5r96bSKTQFLDjX6Y,form,hotctl,175.9,False,False,,,0,6,,,1.426859710742548,160689717047,19078711,1000,115,521.74,True,0.577,1000,dex,0,1082,481,2.249,1082,481,42581.19,42581.19,21.94,21.94,20012.45,,,,,,,,
1788772156,Bsbrf1oP7fWkiVWxA2TwJtdFDFd6Pb8HQvNvtyAYZCTh,form,hotctl1h,214.9,False,False,,,0,6,,,1.773663517927269,122228881359,19078711,1000,81,740.74,True,0.83,1000,dex,0,1407,356,3.952,1407,356,164738.51,164738.51,52.65,52.65,22951.77,,,,,,,,
1788772156,H2q7BKWK6bSn9pyjqkKA37iM6sQcECpYzXxY2rkTcNqo,ICOIN,hotctl1h,174.9,False,False,,,0,6,,,2.6756397346397987,39014581555,19078711,1000,108,555.56,True,0.498,1000,dex,0,511,571,0.895,511,571,12506.32,12506.32,249.0,249.0,,,,,,,,,
1788772156,D1ri6f57bzFy8u4RgpfGSNj4rowh5r96bSKTQFLDjX6Y,form,hotctl1h,175.9,False,False,,,0,6,,,0.5347027937601659,159673536651,19078711,1000,115,521.74,True,0.577,1000,dex,0,1082,481,2.249,1082,481,42581.19,42581.19,21.94,21.94,20012.45,,,,,,,,
1788772282,Gg7FSCYv8bMJpS1Py3XGgY7ppWvrVzx9q5emfb3spump,DESK,hotctl,235.0,False,False,,,0,6,,,1.749756030171633,168228700435,19068984,1000,197,304.57,True,0.473,1000,dex,0,626,458,1.367,626,458,41510.03,41510.03,152.0,152.0,,,,,,5.0,,,
1788772282,Gg7FSCYv8bMJpS1Py3XGgY7ppWvrVzx9q5emfb3spump,DESK,hotctl1h,235.0,False,False,,,0,6,,,1.7644570131857846,168228700435,19068984,1000,197,304.57,True,0.473,1000,dex,0,626,458,1.367,626,458,41510.03,41510.03,152.0,152.0,,,,,,5.0,,,
1788772387,9pdbgA3Gc5g3Dw7J5H9bKJzyWk6w9cWYC6PHb2zwpump,Vortex,organic,268.3,False,False,,,0,6,,,1.4113150579220723,59944688664,19068984,928,316,176.2,False,0.0323,866,dex,0,375,8,46.875,375,8,7654.74,7654.74,1.07,1.07,,,,,,0.0,,,
1788772387,FUHtVEtaWYAbF2yNp8DYh3BgYDd54uYmcjhHFf7KKCcx,Anonymouse,organic,316.3,False,False,,,0,6,,,0.8181513861392113,161063475943,19068984,487,366,79.84,False,0.0505,416,dex,0,312,52,6.0,364,66,4592.41,5307.55,63.07,81.65,17402.2,,,,,,,,
1788772387,9pdbgA3Gc5g3Dw7J5H9bKJzyWk6w9cWYC6PHb2zwpump,Vortex,hotctl,268.3,False,False,,,0,6,,,1.4207820078983149,59944551442,19068984,928,316,176.2,False,0.0323,866,dex,0,375,8,46.875,375,8,7654.74,7654.74,1.07,1.07,,,,,,0.0,,,
1788772387,FUHtVEtaWYAbF2yNp8DYh3BgYDd54uYmcjhHFf7KKCcx,Anonymouse,hotctl,316.3,False,False,,,0,6,,,0.8208976492896475,161063297483,19068984,487,366,79.84,False,0.0505,416,dex,0,312,52,6.0,364,66,4592.41,5307.55,63.07,81.65,17402.2,,,,,,,,
1788772387,9pdbgA3Gc5g3Dw7J5H9bKJzyWk6w9cWYC6PHb2zwpump,Vortex,organic1h,268.3,False,False,,,0,6,,,1.4282870920576105,59944397949,19068984,928,316,176.2,False,0.0323,866,dex,0,375,8,46.875,375,8,7654.74,7654.74,1.07,1.07,,,,,,0.0,,,
1788772387,FUHtVEtaWYAbF2yNp8DYh3BgYDd54uYmcjhHFf7KKCcx,Anonymouse,organic1h,316.3,False,False,,,0,6,,,0.8192614639762135,161063209048,19068984,487,366,79.84,False,0.0505,416,dex,0,312,52,6.0,364,66,4592.41,5307.55,63.07,81.65,17402.2,,,,,,,,
1788772387,9pdbgA3Gc5g3Dw7J5H9bKJzyWk6w9cWYC6PHb2zwpump,Vortex,hotctl1h,268.3,False,False,,,0,6,,,1.4170320438580228,59944315098,19068984,928,316,176.2,False,0.0323,866,dex,0,375,8,46.875,375,8,7654.74,7654.74,1.07,1.07,,,,,,0.0,,,
1788772387,FUHtVEtaWYAbF2yNp8DYh3BgYDd54uYmcjhHFf7KKCcx,Anonymouse,hotctl1h,316.3,False,False,,,0,6,,,0.0,162989363748,19068984,487,366,79.84,False,0.0505,416,dex,0,312,52,6.0,364,66,4592.41,5307.55,63.07,81.65,17402.2,,,,,,,,
1788772539,ACQxHBwfVEXLYcfVsPtJVuMQ55bJAPh883WD1by4c5Sa,haMSTR,hotctl,323.5,False,False,,,0,6,,,1.6688250842192605,195932295559,19051192,1000,355,169.01,True,0.34,856,dex,0,404,316,1.278,769,512,23367.21,47399.03,-16.86,161.0,,,,,,,,,
1788772539,ACQxHBwfVEXLYcfVsPtJVuMQ55bJAPh883WD1by4c5Sa,haMSTR,hotctl1h,323.5,False,False,,,0,6,,,0.1627915617801648,200190890213,19051192,1000,355,169.01,True,0.34,856,dex,0,404,316,1.278,769,512,23367.21,47399.03,-16.86,161.0,,,,,,,,,
1788772723,2QvCZ9JKxxqtcsAhmkuibuouvcTdwe54usW6vErDpump,Sipidi,organic,265.9,False,False,,,0,6,,,3.2577522615534114,10339917430149,19053085,767,307,149.9,False,0.1787,761,dex,0,366,330,1.109,366,330,7630.6,7630.6,-98.96,-98.96,,,,,,,,,
1788772723,2ctd4So7emchR8JTwKFXHcrXfcLNUzuGNqPwrQiDABRc,form,hotctl,291.9,False,False,,,0,6,,,0.3058720243045042,146843650040,19053085,1000,158,379.75,True,0.528,1000,dex,0,1269,619,2.05,1534,715,58321.59,67957.98,15.86,40.51,21602.69,,,,,,,,
1788772723,CMeHSdzgzxeZtki1xiVm5aVLVg66QGQyhZ5eFkqzPgMe,Norman,hotctl,313.9,False,False,,,0,6,,,0.24978993400720106,91882398267,19053085,1000,87,689.66,True,0.88,1000,dex,0,1811,944,1.918,2045,1043,271480.93,299842.18,17.18,80.69,28083.18,,,,,,,,
1788772723,BsEqoG49wp6yupZgFH9nngcJQ2X9BQbsC24z4fyUpump,OpenAI,hotctl,356.9,False,False,,,0,6,,,0.9657914304283384,1976226376,19053085,1000,97,618.56,True,0.706,1000,dex,0,3653,2599,1.406,5296,3108,1830.76,33208.81,10.99,2187.0,84045.92,,,,,,,,
1788772723,68FsNjrRkxRPeLw2VzTuJuDou6NwUrjD6VhDK7iqJM6w,BLEND,hotctl,170.9,False,False,,,0,6,,,1.012229651206358,5128032283,19053085,1000,84,714.29,True,0.652,1000,dex,0,362,418,0.866,362,418,12434.07,12434.07,49.49,49.49,,,,,,,,,
1788772723,2ctd4So7emchR8JTwKFXHcrXfcLNUzuGNqPwrQiDABRc,form,hotctl1h,291.9,False,False,,,0,6,,,0.4154622184999529,151092785881,19053085,1000,158,379.75,True,0.528,1000,dex,0,1269,619,2.05,1534,715,58321.59,67957.98,15.86,40.51,21602.69,,,,,,,,
1788772723,CMeHSdzgzxeZtki1xiVm5aVLVg66QGQyhZ5eFkqzPgMe,Norman,hotctl1h,313.9,False,False,,,0,6,,,0.18043421726402045,89214693067,19053085,1000,87,689.66,True,0.88,1000,dex,0,1811,944,1.918,2045,1043,271480.93,299842.18,17.18,80.69,28083.18,,,,,,,,
1788772723,BsEqoG49wp6yupZgFH9nngcJQ2X9BQbsC24z4fyUpump,OpenAI,hotctl1h,356.9,False,False,,,0,6,,,0.9121782686284419,1973747195,19053085,1000,97,618.56,True,0.706,1000,dex,0,3653,2599,1.406,5296,3108,1830.76,33208.81,10.99,2187.0,84045.92,,,,,,,,
1788772723,68FsNjrRkxRPeLw2VzTuJuDou6NwUrjD6VhDK7iqJM6w,BLEND,hotctl1h,170.9,False,False,,,0,6,,,0.5688016061236653,4518714229,19053085,1000,84,714.29,True,0.652,1000,dex,0,362,418,0.866,362,418,12434.07,12434.07,49.49,49.49,,,,,,,,,
1788772856,7YpTopZ4WM1J4ZuCxkKRY6KkqyfVT7L8rBZbo8bbhVD3,CHIPMUNK,organic,204.8,False,False,,,0,6,,,0.0,12299255570971,19053685,855,246,208.54,False,0.1637,855,dex,0,407,406,1.002,407,406,1694.28,1694.28,70.76,70.76,278.7,,,,,,,,
1788772856,7YpTopZ4WM1J4ZuCxkKRY6KkqyfVT7L8rBZbo8bbhVD3,CHIPMUNK,hotctl,204.8,False,False,,,0,6,,,3.8693673178329093,11570433155569,19053685,855,246,208.54,False,0.1637,855,dex,0,407,406,1.002,407,406,1694.28,1694.28,70.76,70.76,278.7,,,,,,,,
1788772856,7YpTopZ4WM1J4ZuCxkKRY6KkqyfVT7L8rBZbo8bbhVD3,CHIPMUNK,organic1h,204.8,False,False,,,0,6,,,3.2512450518720684,11437838852877,19053685,855,246,208.54,False,0.1637,855,dex,0,407,406,1.002,407,406,1694.28,1694.28,70.76,70.76,278.7,,,,,,,,
1788772951,Beg6hVaVJn1RcqQJGW1vzaq7eKznpqpVm8tF51prCNuN,STONKS,hotctl,211.8,False,False,,,0,6,,,1.4854862979341368,138485296750,19054911,1000,176,340.91,True,0.423,1000,dex,0,562,283,1.986,562,283,134040.26,134040.26,53.58,53.58,22863.19,,,,,,,,
1788772951,Beg6hVaVJn1RcqQJGW1vzaq7eKznpqpVm8tF51prCNuN,STONKS,hotctl1h,211.8,False,False,,,0,6,,,0.06316485285358084,139860334912,19054911,1000,176,340.91,True,0.423,1000,dex,0,562,283,1.986,562,283,134040.26,134040.26,53.58,53.58,22863.19,,,,,,,,
1788773085,5UomJSkJrbtPJ5xqDCrBYRykgZycRmvTndaUFSXtwoHG,BLEND,hotctl,163.3,False,False,,,0,6,,,0.0,162423678739,19060988,1000,100,600.0,True,0.831,1000,dex,0,2347,464,5.058,2347,464,95255.47,95255.47,31.43,31.43,20852.76,,,,,,,,
1788773085,2k9AxTjKxgHiJ8cCsZYQCqMMR6hqZ5XcmkJDSbKSpump,ROBINWOJAK,hotctl,219.3,False,False,,,0,6,,,1.3234882796563991,17189923434,19060988,1000,36,1666.67,True,0.981,1000,dex,0,423,329,1.286,507,356,96006.75,100855.19,69.05,106.0,24039.17,,,,,,,,
1788773085,5UomJSkJrbtPJ5xqDCrBYRykgZycRmvTndaUFSXtwoHG,BLEND,hotctl1h,163.3,False,False,,,0,6,,,0.0,162423678739,19060988,1000,100,600.0,True,0.831,1000,dex,0,2347,464,5.058,2347,464,95255.47,95255.47,31.43,31.43,20852.76,,,,,,,,
1788773085,2k9AxTjKxgHiJ8cCsZYQCqMMR6hqZ5XcmkJDSbKSpump,ROBINWOJAK,hotctl1h,219.3,False,False,,,0,6,,,1.1031119532364515,17391259548,19060988,1000,36,1666.67,True,0.981,1000,dex,0,423,329,1.286,507,356,96006.75,100855.19,69.05,106.0,24039.17,,,,,,,,
1788773254,6XAKrzje9H33P5pyzaVxZKMeQBz9VUaeQwumTCripump,Anonymouse,hotctl,142.0,False,False,,,0,6,,,2.146004860765669,4108037221,19026889,1000,36,1666.67,True,0.988,1000,dex,0,1340,1201,1.116,1340,1201,19949.69,19949.69,982.0,982.0,57209.54,,,,,85.0054,,,
1788773254,BWUQWjJpxCEKrazMeZDPirFZ4PuHRBbf6a62b1cLyN45,STONKS,hotctl,153.0,False,False,,,0,6,,,2.4944395552108882,31592860729,19026889,1000,143,419.58,True,0.577,1000,dex,0,625,359,1.741,625,359,117162.99,117162.99,703.0,703.0,14058.34,,,,,,,,
1788773254,3Yf32cGU41DGmiYDGmMSBmJcEADSvMGEDAvruAPCGtrQ,BEN,hotctl,261.0,False,False,,,0,6,,,1.7522790192317474,155841515601,19026889,1000,152,394.74,True,0.598,1000,dex,0,1299,647,2.008,1485,714,58203.8,64103.77,13.5,33.18,21022.85,,,,,,,,
1788773254,3KXp5U4aH3NZisjfqznoSL5efUZ5zF2uVkRLvdd9HHfx,STONKS,hotctl,289.0,False,False,,,0,6,,,0.0,126979349704,19026889,1000,117,512.82,True,0.788,1000,dex,0,2109,632,3.337,2759,782,294438.65,377653.91,31.01,82.34,25423.71,,,,,,,,
1788773254,6XAKrzje9H33P5pyzaVxZKMeQBz9VUaeQwumTCripump,Anonymouse,hotctl1h,142.0,False,False,,,0,6,,,2.154867773855473,4108034031,19026889,1000,36,1666.67,True,0.988,1000,dex,0,1340,1201,1.116,1340,1201,19949.69,19949.69,982.0,982.0,57209.54,,,,,85.0054,,,
1788773254,BWUQWjJpxCEKrazMeZDPirFZ4PuHRBbf6a62b1cLyN45,STONKS,hotctl1h,153.0,False,False,,,0,6,,,1.7248992961265517,27902996954,19026889,1000,143,419.58,True,0.577,1000,dex,0,625,359,1.741,625,359,117162.99,117162.99,703.0,703.0,14058.34,,,,,,,,
1788773254,3Yf32cGU41DGmiYDGmMSBmJcEADSvMGEDAvruAPCGtrQ,BEN,hotctl1h,261.0,False,False,,,0,6,,,0.0,158121887256,19026889,1000,152,394.74,True,0.598,1000,dex,0,1299,647,2.008,1485,714,58203.8,64103.77,13.5,33.18,21022.85,,,,,,,,
1788773254,3KXp5U4aH3NZisjfqznoSL5efUZ5zF2uVkRLvdd9HHfx,STONKS,hotctl1h,289.0,False,False,,,0,6,,,0.24005995709279154,126647196690,19026889,1000,117,512.82,True,0.788,1000,dex,0,2109,632,3.337,2759,782,294438.65,377653.91,31.01,82.34,25423.71,,,,,,,,
1788773385,4HpCPxcCv7f22kKqpEqx5TGGjmzao7LDzekHcykgPEyu,NASDANQ,organic,200.5,False,False,,,0,6,,,0.0,575251130741,19024286,1000,181,331.49,True,0.171,1000,dex,0,522,529,0.987,522,529,25113.79,25113.79,75.68,75.68,5855.61,,,,,,,,
1788773385,4HpCPxcCv7f22kKqpEqx5TGGjmzao7LDzekHcykgPEyu,NASDANQ,hotctl,200.5,False,False,,,0,6,,,0.0,573225879429,19024286,1000,181,331.49,True,0.171,1000,dex,0,522,529,0.987,522,529,25113.79,25113.79,75.68,75.68,5855.61,,,,,,,,
1788773385,4HpCPxcCv7f22kKqpEqx5TGGjmzao7LDzekHcykgPEyu,NASDANQ,organic1h,200.5,False,False,,,0,6,,,0.4702806022280434,582080188065,19024286,1000,181,331.49,True,0.171,1000,dex,0,522,529,0.987,522,529,25113.79,25113.79,75.68,75.68,5855.61,,,,,,,,
1788773385,4HpCPxcCv7f22kKqpEqx5TGGjmzao7LDzekHcykgPEyu,NASDANQ,hotctl1h,200.5,False,False,,,0,6,,,1.3704085377821462,567193659008,19024286,1000,181,331.49,True,0.171,1000,dex,0,522,529,0.987,522,529,25113.79,25113.79,75.68,75.68,5855.61,,,,,,,,
1788773619,2Ge3GHQtDy3gPBYJmtCZW6eXvo3ApRRgNUk41bD8Vdcu,BEN,organic,205.5,False,False,,,0,6,,,0.0760169336365984,72856974257,19021966,758,342,132.98,False,0.0166,724,dex,0,523,105,4.981,535,106,12959.62,19046.71,11.25,86.89,31760.54,,,,,,,,
1788773619,HGMsXyTsnRJpj6XViW2VBVTPewE82gMDRjEUgtzv6AUQ,OTC,hotctl,197.5,False,False,,,0,6,,,1.1148002709096267,130658318393,19021966,1000,288,208.33,True,0.379,1000,dex,0,602,354,1.701,699,408,39565.41,49540.43,42.41,331.0,,,,,,,,,
1788773619,2Ge3GHQtDy3gPBYJmtCZW6eXvo3ApRRgNUk41bD8Vdcu,BEN,hotctl,205.5,False,False,,,0,6,,,0.8993285993929414,71943409391,19021966,758,342,132.98,False,0.0166,724,dex,0,523,105,4.981,535,106,12959.62,19046.71,11.25,86.89,31760.54,,,,,,,,
1788773619,8yMTZfsdZtgY8gzMhGSufMz5Q26xmEp2FA4octanpump,POOPPONS,hotctl,239.5,False,False,,,0,6,,,2.2796032849497085,22165777171,19021966,1000,51,1176.47,True,0.937,1000,dex,0,727,518,1.403,1048,731,163987.68,216380.11,12.8,91.84,23957.0,,,,,,,,
1788773619,2Ge3GHQtDy3gPBYJmtCZW6eXvo3ApRRgNUk41bD8Vdcu,BEN,organic1h,205.5,False,False,,,0,6,,,0.14935159210489368,72471824377,19021966,758,342,132.98,False,0.0166,724,dex,0,523,105,4.981,535,106,12959.62,19046.71,11.25,86.89,31760.54,,,,,,,,
1788773619,2Ge3GHQtDy3gPBYJmtCZW6eXvo3ApRRgNUk41bD8Vdcu,BEN,hotctl1h,205.5,False,False,,,0,6,,,0.14862324375161529,72471791292,19021966,758,342,132.98,False,0.0166,724,dex,0,523,105,4.981,535,106,12959.62,19046.71,11.25,86.89,31760.54,,,,,,,,
1788773619,8yMTZfsdZtgY8gzMhGSufMz5Q26xmEp2FA4octanpump,POOPPONS,hotctl1h,239.5,False,False,,,0,6,,,1.3302713019769574,21334176517,19021966,1000,51,1176.47,True,0.937,1000,dex,0,727,518,1.403,1048,731,163987.68,216380.11,12.8,91.84,23957.0,,,,,,,,
1788773799,7gknYFAkE3SyvVpSqPvMVhPKbjCkfFyZjVgzg233dDn9,flap,hotctl,184.8,False,False,,,0,6,,,0.0,170808996222,19038971,1000,92,652.17,True,0.745,1000,dex,0,1300,667,1.949,1300,667,67981.84,67981.84,51.94,51.94,22496.05,,,,,,,,
1788773799,7gknYFAkE3SyvVpSqPvMVhPKbjCkfFyZjVgzg233dDn9,flap,hotctl1h,184.8,False,False,,,0,6,,,0.22100612857577315,168694350717,19038971,1000,92,652.17,True,0.745,1000,dex,0,1300,667,1.949,1300,667,67981.84,67981.84,51.94,51.94,22496.05,,,,,,,,
1788773799,DoZmE3vx3XAjymzwC432FE87baLFbR1fAL4XWNTv9vkd,POOPPONS,hotctl1h,252.8,False,False,,,0,6,,,0.0,152356009145,19038971,1000,110,545.45,True,0.554,1000,dex,0,1284,561,2.289,1297,563,47710.67,47873.92,26.24,27.85,20529.67,,,,,,,,
1788773924,HHUZBUupX1GtKBH6dBnwvS73L1N4cRPT67GtMPYvpump,uberdog,hotctl,189.3,False,False,,,0,6,,,3.0372520745005858,26962104818,19070619,1000,43,1395.35,True,0.959,1000,dex,0,2849,1746,1.632,2849,1746,260235.88,260235.88,35.31,35.31,19420.08,,,,,2.963,,,
1788773924,HHUZBUupX1GtKBH6dBnwvS73L1N4cRPT67GtMPYvpump,uberdog,hotctl1h,189.3,False,False,,,0,6,,,1.1374998530904072,25839151697,19070619,1000,43,1395.35,True,0.959,1000,dex,0,2849,1746,1.632,2849,1746,260235.88,260235.88,35.31,35.31,19420.08,,,,,2.963,,,
1788774004,AD5anSV8xCTjYxnsZhQ4oihduxnoV444NoaH6dksH3XR,COMPONS,hotctl,130.0,False,False,,,0,6,,,1.2888216307719864,166036832038,19059365,1000,80,750.0,True,0.847,1000,dex,0,1593,304,5.24,1593,304,59188.4,59188.4,50.64,50.64,22243.0,,,,,,,,
1788774004,AD5anSV8xCTjYxnsZhQ4oihduxnoV444NoaH6dksH3XR,COMPONS,hotctl1h,130.0,False,False,,,0,6,,,0.29696166606068264,167454082071,19059365,1000,80,750.0,True,0.847,1000,dex,0,1593,304,5.24,1593,304,59188.4,59188.4,50.64,50.64,22243.0,,,,,,,,
1788774125,9Tjr73FGaCm2TgTU115nQys8A1ogdCHqEbkZH8mWpump,BitCoin,hotctl,132.1,False,False,,,0,6,,,0.12642551512293285,284529018426,19047428,1000,256,234.38,True,0.641,1000,dex,0,321,186,1.726,321,186,20011.68,20011.68,144.0,144.0,,,,,,,,,
1788774125,9Tjr73FGaCm2TgTU115nQys8A1ogdCHqEbkZH8mWpump,BitCoin,hotctl1h,132.1,False,False,,,0,6,,,1.2929822671871594,284197788372,19047428,1000,256,234.38,True,0.641,1000,dex,0,321,186,1.726,321,186,20011.68,20011.68,144.0,144.0,,,,,,,,,
1788774303,H9Zt3UWjrDjqnG89M5Q1ghKj44rxJhmU7QK6zJpU4nNN,PONS,hotctl,193.5,False,False,,,0,6,,,0.0,127480043546,19059733,1000,79,759.49,True,0.918,1000,dex,0,1294,302,4.285,1294,302,154240.96,154240.96,45.14,45.14,22178.45,,,,,,,,
1788774303,H9Zt3UWjrDjqnG89M5Q1ghKj44rxJhmU7QK6zJpU4nNN,PONS,hotctl1h,193.5,False,False,,,0,6,,,1.9962739995768723,127497734957,19059733,1000,79,759.49,True,0.918,1000,dex,0,1294,302,4.285,1294,302,154240.96,154240.96,45.14,45.14,22178.45,,,,,,,,
1788774402,A37rWzfMum1YVtTfEYy1qYgymo3LUan5EL6X3hShAibY,OTC,organic,219.0,False,False,,,0,6,,,0.0,625762346497451,19051078,498,194,154.02,False,0.1124,498,dex,0,320,89,3.596,320,89,3284.41,3284.41,105.0,105.0,,,,,,,,,
1788774402,GkEBrCZZDz818PCj9VVdfvQDWS1JPwdiW3zeWPxrTivZ,COMPONS,hotctl,200.0,False,False,,,0,6,,,0.39752354519032046,114259973905,19051078,1000,70,857.14,True,0.96,1000,dex,0,1610,766,2.102,1610,766,129830.93,129830.93,68.69,68.69,23570.83,,,,,,,,
1788774402,2zntm9MDHrKZRb8jo8KKV1yTPS635GMMRLBMpoFzxP58,Anonymouse,hotctl,186.0,False,False,,,0,6,,,0.5426879693820883,91410610969,19051078,1000,115,521.74,True,0.496,1000,dex,0,356,458,0.777,356,458,10903.14,10903.14,250.0,250.0,,,,,,,,,
1788774402,EM3rsHi5aEZZ76eDqfvYcirT1x4viAxA5qLT167H3nqP,uberdog,hotctl,187.0,False,False,,,0,6,,,0.6032836385630143,111672899213,19051078,1000,145,413.79,True,0.452,1000,dex,0,1095,358,3.059,1095,358,35658.55,35658.55,65.63,65.63,23368.89,,,,,,,,
1788774402,A37rWzfMum1YVtTfEYy1qYgymo3LUan5EL6X3hShAibY,OTC,hotctl,219.0,False,False,,,0,6,,,0.0,625762346497451,19051078,498,194,154.02,False,0.1124,498,dex,0,320,89,3.596,320,89,3284.41,3284.41,105.0,105.0,,,,,,,,,
1788774402,A37rWzfMum1YVtTfEYy1qYgymo3LUan5EL6X3hShAibY,OTC,organic1h,219.0,False,False,,,0,6,,,0.0,625762346497451,19051078,498,194,154.02,False,0.1124,498,dex,0,320,89,3.596,320,89,3284.41,3284.41,105.0,105.0,,,,,,,,,
1788774402,GkEBrCZZDz818PCj9VVdfvQDWS1JPwdiW3zeWPxrTivZ,COMPONS,hotctl1h,200.0,False,False,,,0,6,,,3.6612422242160187,110969545248,19051078,1000,70,857.14,True,0.96,1000,dex,0,1610,766,2.102,1610,766,129830.93,129830.93,68.69,68.69,23570.83,,,,,,,,
1788774402,2zntm9MDHrKZRb8jo8KKV1yTPS635GMMRLBMpoFzxP58,Anonymouse,hotctl1h,186.0,False,False,,,0,6,,,2.1267387127255866,80579453904,19051078,1000,115,521.74,True,0.496,1000,dex,0,356,458,0.777,356,458,10903.14,10903.14,250.0,250.0,,,,,,,,,
1788774402,EM3rsHi5aEZZ76eDqfvYcirT1x4viAxA5qLT167H3nqP,uberdog,hotctl1h,187.0,False,False,,,0,6,,,2.1609327048028226,105627203840,19051078,1000,145,413.79,True,0.452,1000,dex,0,1095,358,3.059,1095,358,35658.55,35658.55,65.63,65.63,23368.89,,,,,,,,
1788774402,A37rWzfMum1YVtTfEYy1qYgymo3LUan5EL6X3hShAibY,OTC,hotctl1h,219.0,False,False,,,0,6,,,0.0,625762346497451,19051078,498,194,154.02,False,0.1124,498,dex,0,320,89,3.596,320,89,3284.41,3284.41,105.0,105.0,,,,,,,,,
1788774529,mZsS3KpvCoiNn6Bt1GAer59JDSwGUZ6Lchp4jWBhLy3,OTC,organic,361.8,False,False,,,0,6,,,1.2113988650386267,46746241248,19045762,483,391,74.12,False,0.0315,445,dex,0,317,92,3.446,339,108,2017.33,2968.72,17.78,240.0,,,,,,,,,
1788774529,2cBpmX3UJqMuzWZSEt4iKxLgJb2YxWQvdyckMDi1ckuU,OTC,hotctl,178.8,False,False,,,0,6,,,0.0,127933500484,19045762,1000,90,666.67,True,0.759,1000,dex,0,1283,562,2.283,1283,562,121204.16,121204.16,72.31,72.31,22969.03,,,,,,,,
1788774529,mZsS3KpvCoiNn6Bt1GAer59JDSwGUZ6Lchp4jWBhLy3,OTC,hotctl,361.8,False,False,,,0,6,,,0.0,46832102059,19045762,483,391,74.12,False,0.0315,445,dex,0,317,92,3.446,339,108,2017.33,2968.72,17.78,240.0,,,,,,,,,
1788774529,mZsS3KpvCoiNn6Bt1GAer59JDSwGUZ6Lchp4jWBhLy3,OTC,organic1h,361.8,False,False,,,0,6,,,0.0,46830471292,19045762,483,391,74.12,False,0.0315,445,dex,0,317,92,3.446,339,108,2017.33,2968.72,17.78,240.0,,,,,,,,,
1788774529,2SVhdKUJmQRobwayJiQVEFDAhRgDnFtnS7uXCJPeEnaG,龙版传媒,hotctl1h,140.8,False,False,,,0,6,,,3.8713007250057627,137438724659,19045762,1000,123,487.8,True,0.571,1000,dex,0,644,277,2.325,644,277,92957.8,92957.8,50.56,50.56,22168.71,,,,,,,,
1788774529,2cBpmX3UJqMuzWZSEt4iKxLgJb2YxWQvdyckMDi1ckuU,OTC,hotctl1h,178.8,False,False,,,0,6,,,0.11265235779411845,126193110287,19045762,1000,90,666.67,True,0.759,1000,dex,0,1283,562,2.283,1283,562,121204.16,121204.16,72.31,72.31,22969.03,,,,,,,,
1788774529,mZsS3KpvCoiNn6Bt1GAer59JDSwGUZ6Lchp4jWBhLy3,OTC,hotctl1h,361.8,False,False,,,0,6,,,1.4694102159121722,46639785125,19045762,483,391,74.12,False,0.0315,445,dex,0,317,92,3.446,339,108,2017.33,2968.72,17.78,240.0,,,,,,,,,
1788774659,Aj9Db3wFiMd3H5Ky3jQyMjCKkfhmwhB1cAbGJ3TveNmx,PIGGY,hotctl,182.8,False,False,,,0,6,,,0.0,51803301130,19039861,1000,163,368.1,True,0.475,1000,dex,0,723,483,1.497,729,483,306975.47,307291.65,240.0,252.0,35080.96,,,,,,,,
1788774659,DsofPMXx1eRwJmPNy7hNvz9sEQ59kYrpRKTrheGpump,MAGA,hotctl,187.8,False,False,,,0,6,,,0.7338478754946897,274093986,19039861,1000,125,480.0,True,0.726,1000,dex,0,331,53,6.245,345,53,1813.33,105752.58,5.2,16532.0,229933.13,,,,,,,,
1788774659,AQVZAvm9VZSFfctKuTKvbnjPNtnYxuDZ2QnkCU4gpump,NASDONK,hotctl,190.8,False,False,,,0,6,,,1.1008884985333367,19670650739,19039861,1000,92,652.17,True,0.667,1000,dex,0,639,93,6.871,656,93,13275.29,18629.9,-8.5,47.73,25509.55,,,,,,,,
1788774659,Aj9Db3wFiMd3H5Ky3jQyMjCKkfhmwhB1cAbGJ3TveNmx,PIGGY,hotctl1h,182.8,False,False,,,0,6,,,0.0,65428693838,19039861,1000,163,368.1,True,0.475,1000,dex,0,723,483,1.497,729,483,306975.47,307291.65,240.0,252.0,35080.96,,,,,,,,
1788774659,DsofPMXx1eRwJmPNy7hNvz9sEQ59kYrpRKTrheGpump,MAGA,hotctl1h,187.8,False,False,,,0,6,,,0.07963219646205298,274098344,19039861,1000,125,480.0,True,0.726,1000,dex,0,331,53,6.245,345,53,1813.33,105752.58,5.2,16532.0,229933.13,,,,,,,,
1788774659,AQVZAvm9VZSFfctKuTKvbnjPNtnYxuDZ2QnkCU4gpump,NASDONK,hotctl1h,190.8,False,False,,,0,6,,,0.9834750322945346,20209873861,19039861,1000,92,652.17,True,0.667,1000,dex,0,639,93,6.871,656,93,13275.29,18629.9,-8.5,47.73,25509.55,,,,,,,,
1788774829,DkCkqUg7Qvu2ooHncR8isbqj421WJx9TbL9At5Ld7aKM,OTC,organic,291.8,False,False,,,0,6,,,0.0,97842603197,19084049,671,332,121.27,False,0.1424,569,dex,0,363,86,4.221,420,110,2499.76,3624.5,21.28,104.0,,,,,,,,,
1788774829,3TvggExkcpb8u9H6P9cohUCFuji4nE6Uoto2Cdy2pump,AAPL,hotctl,165.8,False,False,,,0,6,,,2.208604106069374,2121615734,19084049,1000,47,1276.6,True,0.969,1000,dex,0,1816,622,2.92,1816,622,31668.9,31668.9,2035.0,2035.0,81188.58,,,,,85.0054,,,
1788774829,6DyBEvdFXdqEgxUKejUuCF74X9nFYVkaYbvwLnE6kir8,龙版传媒,hotctl,205.8,False,False,,,0,6,,,0.2657831955574333,111553634888,19084049,1000,90,666.67,True,0.782,1000,dex,0,1287,685,1.879,1287,685,183029.32,183029.32,121.0,121.0,27037.35,,,,,,,,
1788774829,3i4x3xgbTjL399pSbjWcHt8BRXYKpUj2gdhfp7rfZLcq,龙版传媒,hotctl,194.8,False,False,,,0,6,,,0.0,148105260091,19084049,1000,68,882.35,True,0.927,1000,dex,0,2146,550,3.902,2146,550,253392.93,253392.93,52.16,52.16,22953.46,,,,,,,,
1788774829,3N8UtSNMLBRiZvWfJtLNN6Yko9SwsRyKh1jDzmCn9BSe,Hirono,hotctl,255.8,False,False,,,0,6,,,0.1729376424443399,148036339609,19084049,1000,159,377.36,True,0.62,1000,dex,0,1751,475,3.686,1941,510,95519.89,101988.83,26.26,37.96,21389.49,,,,,,,,
1788774829,9n6ZBMe71hiYvzDE2jKd1LNxd8pQmKHAfR6FfGFazR4f,Anonymouse,hotctl,288.8,False,False,,,0,6,,,0.0,554019401901187,19084049,1000,101,594.06,True,0.583,1000,dex,0,563,746,0.755,568,747,19328.9,20335.13,-32.12,119.0,,,,,,,,,
1788774829,DkCkqUg7Qvu2ooHncR8isbqj421WJx9TbL9At5Ld7aKM,OTC,hotctl,291.8,False,False,,,0,6,,,0.0,104679934583,19084049,671,332,121.27,False,0.1424,569,dex,0,363,86,4.221,420,110,2499.76,3624.5,21.28,104.0,,,,,,,,,
1788774829,DkCkqUg7Qvu2ooHncR8isbqj421WJx9TbL9At5Ld7aKM,OTC,organic1h,291.8,False,False,,,0,6,,,0.9810417946197282,102998220463,19084049,671,332,121.27,False,0.1424,569,dex,0,363,86,4.221,420,110,2499.76,3624.5,21.28,104.0,,,,,,,,,
1788774829,3TvggExkcpb8u9H6P9cohUCFuji4nE6Uoto2Cdy2pump,AAPL,hotctl1h,165.8,False,False,,,0,6,,,2.2091462972792977,2121613375,19084049,1000,47,1276.6,True,0.969,1000,dex,0,1816,622,2.92,1816,622,31668.9,31668.9,2035.0,2035.0,81188.58,,,,,85.0054,,,
1788774829,6DyBEvdFXdqEgxUKejUuCF74X9nFYVkaYbvwLnE6kir8,龙版传媒,hotctl1h,205.8,False,False,,,0,6,,,0.0,119164759116,19084049,1000,90,666.67,True,0.782,1000,dex,0,1287,685,1.879,1287,685,183029.32,183029.32,121.0,121.0,27037.35,,,,,,,,
1788774829,3i4x3xgbTjL399pSbjWcHt8BRXYKpUj2gdhfp7rfZLcq,龙版传媒,hotctl1h,194.8,False,False,,,0,6,,,0.0,149866544803,19084049,1000,68,882.35,True,0.927,1000,dex,0,2146,550,3.902,2146,550,253392.93,253392.93,52.16,52.16,22953.46,,,,,,,,
1788774829,3N8UtSNMLBRiZvWfJtLNN6Yko9SwsRyKh1jDzmCn9BSe,Hirono,hotctl1h,255.8,False,False,,,0,6,,,0.48947458081468903,145161850487,19084049,1000,159,377.36,True,0.62,1000,dex,0,1751,475,3.686,1941,510,95519.89,101988.83,26.26,37.96,21389.49,,,,,,,,
1788774829,9n6ZBMe71hiYvzDE2jKd1LNxd8pQmKHAfR6FfGFazR4f,Anonymouse,hotctl1h,288.8,False,False,,,0,6,,,0.0,554019401901187,19084049,1000,101,594.06,True,0.583,1000,dex,0,563,746,0.755,568,747,19328.9,20335.13,-32.12,119.0,,,,,,,,,
1788774829,DkCkqUg7Qvu2ooHncR8isbqj421WJx9TbL9At5Ld7aKM,OTC,hotctl1h,291.8,False,False,,,0,6,,,0.5717359377047129,101042279974,19084049,671,332,121.27,False,0.1424,569,dex,0,363,86,4.221,420,110,2499.76,3624.5,21.28,104.0,,,,,,,,,
1788774970,F9HNLL1MRBGz1rSrDXAumdWN6HySTFdeQbVawYPDRZvW,DOGGIE,organic,168.9,False,False,,,0,6,,,0.12128431943519635,103418265611,19095381,584,209,167.66,False,0.0342,584,dex,0,409,94,4.351,409,94,8431.38,8431.38,11.12,11.12,36952.83,,,,,,,,
1788774970,F9HNLL1MRBGz1rSrDXAumdWN6HySTFdeQbVawYPDRZvW,DOGGIE,hotctl,168.9,False,False,,,0,6,,,0.11895484574669626,103418198068,19095381,584,209,167.66,False,0.0342,584,dex,0,409,94,4.351,409,94,8431.38,8431.38,11.12,11.12,36952.83,,,,,,,,
1788774970,F9HNLL1MRBGz1rSrDXAumdWN6HySTFdeQbVawYPDRZvW,DOGGIE,organic1h,168.9,False,False,,,0,6,,,0.18316157895943352,103065501722,19095381,584,209,167.66,False,0.0342,584,dex,0,409,94,4.351,409,94,8431.38,8431.38,11.12,11.12,36952.83,,,,,,,,
1788774970,F9HNLL1MRBGz1rSrDXAumdWN6HySTFdeQbVawYPDRZvW,DOGGIE,hotctl1h,168.9,False,False,,,0,6,,,0.3368678793029256,103538524796,19095381,584,209,167.66,False,0.0342,584,dex,0,409,94,4.351,409,94,8431.38,8431.38,11.12,11.12,36952.83,,,,,,,,
1788775101,9n6ZBMe71hiYvzDE2jKd1LNxd8pQmKHAfR6FfGFazR4f,Anonymouse,organic,560.1,False,False,,,0,6,,,0.0,431085534974196,19112373,1000,101,594.06,True,0.583,1000,dex,0,563,746,0.755,568,747,19328.9,20335.13,-32.12,119.0,,,,,,,,,
1788775101,GT63K6Xmf9YbwP4GVNMAFLJuxDxQnFKW2CDE3aS8x1ZR,OTC,hotctl,121.1,False,False,,,0,6,,,1.312693927939535,177954147900,19112373,1000,113,530.97,True,0.627,1000,dex,0,655,286,2.29,655,286,25220.2,25220.2,24.29,24.29,20204.44,,,,,,,,
1788775101,BicT3tNVGA6ZvMp8ua8gVKYQGQ4J1gzTJWPjQhsanEK,CatGPT,hotctl,127.1,False,False,,,0,6,,,0.0,157640197063,19112373,1000,114,526.32,True,0.603,1000,dex,0,800,331,2.417,800,331,31574.19,31574.19,45.43,45.43,21869.22,,,,,,,,
1788775101,9n6ZBMe71hiYvzDE2jKd1LNxd8pQmKHAfR6FfGFazR4f,Anonymouse,organic1h,560.1,False,False,,,0,6,,,0.0,431085534974196,19112373,1000,101,594.06,True,0.583,1000,dex,0,563,746,0.755,568,747,19328.9,20335.13,-32.12,119.0,,,,,,,,,
1788775101,GT63K6Xmf9YbwP4GVNMAFLJuxDxQnFKW2CDE3aS8x1ZR,OTC,hotctl1h,121.1,False,False,,,0,6,,,1.3009010574569895,173604097517,19112373,1000,113,530.97,True,0.627,1000,dex,0,655,286,2.29,655,286,25220.2,25220.2,24.29,24.29,20204.44,,,,,,,,
1788775101,BicT3tNVGA6ZvMp8ua8gVKYQGQ4J1gzTJWPjQhsanEK,CatGPT,hotctl1h,127.1,False,False,,,0,6,,,0.0,157602120435,19112373,1000,114,526.32,True,0.603,1000,dex,0,800,331,2.417,800,331,31574.19,31574.19,45.43,45.43,21869.22,,,,,,,,
1788775254,BFeo2xe3n6eod6BUiBpHC9BiGH3H9w63PcZjmRqghdKA,Tesla,organic,245.6,False,False,,,0,6,,,0.1314816184207554,183570266455,19078359,591,362,97.96,False,0.0,501,dex,0,318,102,3.118,385,125,6936.94,8565.59,13.03,16.84,18581.19,,,,,,,,
1788775254,4mvnMMCzBfMzVq1wjEJaxb3nnor4RaGyt6kDYSWpNVDB,SPX,organic,266.6,False,False,,,0,6,,,0.3044910740164943,75085703351,19078359,654,386,101.66,False,0.0081,621,dex,0,489,96,5.094,510,108,4510.82,11025.13,2.55,61.94,33382.05,,,,,,,,
1788775254,5RXvg2xW2Kb4yg8R8ZzSvqnyZRMxmCQUAzJRzp6Dpump,Roswell,hotctl,180.6,False,False,,,0,6,,,1.2197721440461124,167848796350,19078359,1000,264,227.27,True,0.48,1000,dex,0,590,398,1.482,590,398,39034.76,39034.76,69.77,69.77,,,,,,,,,
1788775254,BFeo2xe3n6eod6BUiBpHC9BiGH3H9w63PcZjmRqghdKA,Tesla,hotctl,245.6,False,False,,,0,6,,,0.4031474805628296,182474342694,19078359,591,362,97.96,False,0.0,501,dex,0,318,102,3.118,385,125,6936.94,8565.59,13.03,16.84,18581.19,,,,,,,,
1788775254,4mvnMMCzBfMzVq1wjEJaxb3nnor4RaGyt6kDYSWpNVDB,SPX,hotctl,266.6,False,False,,,0,6,,,0.42266017543292156,74916658273,19078359,654,386,101.66,False,0.0081,621,dex,0,489,96,5.094,510,108,4510.82,11025.13,2.55,61.94,33382.05,,,,,,,,
1788775254,BFeo2xe3n6eod6BUiBpHC9BiGH3H9w63PcZjmRqghdKA,Tesla,organic1h,245.6,False,False,,,0,6,,,0.41692804791291593,182474029272,19078359,591,362,97.96,False,0.0,501,dex,0,318,102,3.118,385,125,6936.94,8565.59,13.03,16.84,18581.19,,,,,,,,
1788775254,4mvnMMCzBfMzVq1wjEJaxb3nnor4RaGyt6kDYSWpNVDB,SPX,organic1h,266.6,False,False,,,0,6,,,0.42987283537097515,74916619593,19078359,654,386,101.66,False,0.0081,621,dex,0,489,96,5.094,510,108,4510.82,11025.13,2.55,61.94,33382.05,,,,,,,,
1788775254,5RXvg2xW2Kb4yg8R8ZzSvqnyZRMxmCQUAzJRzp6Dpump,Roswell,hotctl1h,180.6,False,False,,,0,6,,,0.20959085111756262,161874254165,19078359,1000,264,227.27,True,0.48,1000,dex,0,590,398,1.482,590,398,39034.76,39034.76,69.77,69.77,,,,,,,,,
1788775254,6A65KSY26gftSFTTPeEwB1qyiiVDgp3YvryXGrYSPr73,Hirono,hotctl1h,211.6,False,False,,,0,6,,,1.3600103272764266,126703122570,19078359,1000,80,750.0,True,0.975,1000,dex,0,1947,975,1.997,2088,1017,161855.49,167722.45,50.63,71.56,23829.45,,,,,,,,
1788775254,BFeo2xe3n6eod6BUiBpHC9BiGH3H9w63PcZjmRqghdKA,Tesla,hotctl1h,245.6,False,False,,,0,6,,,0.2534905653112217,183269543232,19078359,591,362,97.96,False,0.0,501,dex,0,318,102,3.118,385,125,6936.94,8565.59,13.03,16.84,18581.19,,,,,,,,
1788775254,4mvnMMCzBfMzVq1wjEJaxb3nnor4RaGyt6kDYSWpNVDB,SPX,hotctl1h,266.6,False,False,,,0,6,,,0.3052624679025264,75139456911,19078359,654,386,101.66,False,0.0081,621,dex,0,489,96,5.094,510,108,4510.82,11025.13,2.55,61.94,33382.05,,,,,,,,
1788775492,94t8SmjyuqD1STNHzbSuR8C7n59nnDB1stfLvAFpump,MAGA,organic,358.0,False,False,,,0,6,,,0.36446647534570853,276917930,19078359,977,407,144.03,False,0.1402,699,dex,0,433,50,8.66,433,50,104345.26,104345.26,16200.0,16200.0,227102.18,,,,,,,,
1788775492,5RXvg2xW2Kb4yg8R8ZzSvqnyZRMxmCQUAzJRzp6Dpump,Roswell,organic,419.0,False,False,,,0,6,,,1.472949462133217,192607403185,19078359,1000,264,227.27,True,0.48,1000,dex,0,590,398,1.482,590,398,39034.76,39034.76,69.77,69.77,,,,,,,,,
1788775492,3mXqeew2f49i7L2FpjfsxUDnn9KMKjAPB1VmTjdBGJJ2,NEX Ai,organic,303.0,False,False,,,0,6,,,1.7067884675249458,138629750877,19078359,913,356,153.88,False,0.0,812,dex,0,550,112,4.911,663,129,9019.65,10655.47,0.24,5.78,25735.7,,,,,,,,
1788775492,94t8SmjyuqD1STNHzbSuR8C7n59nnDB1stfLvAFpump,MAGA,hotctl,358.0,False,False,,,0,6,,,0.37536882736011246,276877823,19078359,977,407,144.03,False,0.1402,699,dex,0,433,50,8.66,433,50,104345.26,104345.26,16200.0,16200.0,227102.18,,,,,,,,
1788775492,B7AMcfpUTjVEDyNueR8dTFCGx1ckiVij5BQwUEsEteBS,FINDER,hotctl,301.0,False,False,,,0,6,,,2.0388395095324787,77611418141,19078359,1000,124,483.87,True,0.584,1000,dex,0,1207,431,2.8,1406,517,289403.0,333140.85,42.47,182.0,30852.95,,,,,,,,
1788775492,3mXqeew2f49i7L2FpjfsxUDnn9KMKjAPB1VmTjdBGJJ2,NEX Ai,hotctl,303.0,False,False,,,0,6,,,1.4859435296468282,137682639950,19078359,913,356,153.88,False,0.0,812,dex,0,550,112,4.911,663,129,9019.65,10655.47,0.24,5.78,25735.7,,,,,,,,
1788775492,94t8SmjyuqD1STNHzbSuR8C7n59nnDB1stfLvAFpump,MAGA,organic1h,358.0,False,False,,,0,6,,,0.3722801142944148,276851859,19078359,977,407,144.03,False,0.1402,699,dex,0,433,50,8.66,433,50,104345.26,104345.26,16200.0,16200.0,227102.18,,,,,,,,
1788775492,5RXvg2xW2Kb4yg8R8ZzSvqnyZRMxmCQUAzJRzp6Dpump,Roswell,organic1h,419.0,False,False,,,0,6,,,1.4468227692932083,201650335025,19078359,1000,264,227.27,True,0.48,1000,dex,0,590,398,1.482,590,398,39034.76,39034.76,69.77,69.77,,,,,,,,,
1788775492,3mXqeew2f49i7L2FpjfsxUDnn9KMKjAPB1VmTjdBGJJ2,NEX Ai,organic1h,303.0,False,False,,,0,6,,,0.31716130828805433,138614433264,19078359,913,356,153.88,False,0.0,812,dex,0,550,112,4.911,663,129,9019.65,10655.47,0.24,5.78,25735.7,,,,,,,,
1788775492,94t8SmjyuqD1STNHzbSuR8C7n59nnDB1stfLvAFpump,MAGA,hotctl1h,358.0,False,False,,,0,6,,,0.38594795446607305,276832735,19078359,977,407,144.03,False,0.1402,699,dex,0,433,50,8.66,433,50,104345.26,104345.26,16200.0,16200.0,227102.18,,,,,,,,
1788775492,B7AMcfpUTjVEDyNueR8dTFCGx1ckiVij5BQwUEsEteBS,FINDER,hotctl1h,301.0,False,False,,,0,6,,,0.2691501957249183,81417499138,19078359,1000,124,483.87,True,0.584,1000,dex,0,1207,431,2.8,1406,517,289403.0,333140.85,42.47,182.0,30852.95,,,,,,,,
1788775492,3mXqeew2f49i7L2FpjfsxUDnn9KMKjAPB1VmTjdBGJJ2,NEX Ai,hotctl1h,303.0,False,False,,,0,6,,,0.6220433223235559,136755323396,19078359,913,356,153.88,False,0.0,812,dex,0,550,112,4.911,663,129,9019.65,10655.47,0.24,5.78,25735.7,,,,,,,,
1788775811,EjUm9zw1i4pMAAcbkfuue9UKgTbTzRKhHJ9K28ujYJcf,Stonks,organic,366.4,False,False,,,0,6,,,0.6350249444175784,77990191240,19089279,1000,393,152.67,True,0.0066,760,dex,0,497,74,6.716,939,150,15543.12,28323.02,8.8,20.76,46353.96,,,,,,,,
1788775811,AeH367oSh97HYdkfhPGBzgoPtW9yC8Z7Sres87uKXpyU,KOMA ,hotctl,337.4,False,False,,,0,6,,,2.666474948605509,8438089161,19089279,1000,165,363.64,True,0.456,1000,dex,0,890,405,2.198,1608,848,273453.05,475739.21,156.0,2111.0,24397.91,,,,,,,,
1788775811,EjUm9zw1i4pMAAcbkfuue9UKgTbTzRKhHJ9K28ujYJcf,Stonks,hotctl,366.4,False,False,,,0,6,,,0.17879858189854944,78741345201,19089279,1000,393,152.67,True,0.0066,760,dex,0,497,74,6.716,939,150,15543.12,28323.02,8.8,20.76,46353.96,,,,,,,,
1788775811,LiZt3HHvsPzwseMW1PFYsPVuAHFBUwVuUrEbNZCpump,ROBIN,hotctl,372.4,False,False,,,0,6,,,1.3967849466211508,453191776,19089279,1000,165,363.64,True,0.858,1000,dex,0,563,20,28.15,1528,32,1212.08,81019.41,0.66,9907.0,177683.5,,,,,,,,
1788775811,Aw4sdu5yYtKsYzb2eYAMFe1bhxgFyZyWfnhCWqn7pump,lolcat,hotctl,449.4,False,False,,,0,6,,,2.1327483410283286,241395516730,19089279,1000,288,208.33,True,0.394,1000,dex,0,321,375,0.856,1145,1007,15580.24,63140.33,-69.74,-82.39,5647.72,,,,,,,,
1788775811,EjUm9zw1i4pMAAcbkfuue9UKgTbTzRKhHJ9K28ujYJcf,Stonks,organic1h,366.4,False,False,,,0,6,,,0.2510720069771354,79180973797,19089279,1000,393,152.67,True,0.0066,760,dex,0,497,74,6.716,939,150,15543.12,28323.02,8.8,20.76,46353.96,,,,,,,,
1788775811,AeH367oSh97HYdkfhPGBzgoPtW9yC8Z7Sres87uKXpyU,KOMA ,hotctl1h,337.4,False,False,,,0,6,,,0.0,8782185066,19089279,1000,165,363.64,True,0.456,1000,dex,0,890,405,2.198,1608,848,273453.05,475739.21,156.0,2111.0,24397.91,,,,,,,,
1788775811,EjUm9zw1i4pMAAcbkfuue9UKgTbTzRKhHJ9K28ujYJcf,Stonks,hotctl1h,366.4,False,False,,,0,6,,,1.4065304036605193,78267100018,19089279,1000,393,152.67,True,0.0066,760,dex,0,497,74,6.716,939,150,15543.12,28323.02,8.8,20.76,46353.96,,,,,,,,
1788775811,LiZt3HHvsPzwseMW1PFYsPVuAHFBUwVuUrEbNZCpump,ROBIN,hotctl1h,372.4,False,False,,,0,6,,,0.6120075345170242,452256367,19089279,1000,165,363.64,True,0.858,1000,dex,0,563,20,28.15,1528,32,1212.08,81019.41,0.66,9907.0,177683.5,,,,,,,,
1788775811,Aw4sdu5yYtKsYzb2eYAMFe1bhxgFyZyWfnhCWqn7pump,lolcat,hotctl1h,449.4,False,False,,,0,6,,,0.0,262340272026,19089279,1000,288,208.33,True,0.394,1000,dex,0,321,375,0.856,1145,1007,15580.24,63140.33,-69.74,-82.39,5647.72,,,,,,,,
1788776017,yW3AMAtCdJ6GJeZhTCASUpkQbtWWiCiJ7AGaT1ppump,USWS,organic,513.4,False,False,,,0,6,,,0.12187475598275314,335710988,19089279,1000,466,128.76,True,0.1902,673,dex,0,447,22,20.318,978,47,1364.07,96044.11,0.52,13534.0,207656.72,,,,,,,,
1788776017,5MDDu46V23fHwWFdosDbH32YimEuDqGWGTnAkR31pump,Koin,hotctl,442.4,False,False,,,0,6,,,2.0213520216005163,68701386909,19089279,1000,208,288.46,True,0.335,1000,dex,0,773,618,1.251,1153,843,53068.4,78285.5,186.0,768.0,,,,,,,,,
1788776017,yW3AMAtCdJ6GJeZhTCASUpkQbtWWiCiJ7AGaT1ppump,USWS,hotctl,513.4,False,False,,,0,6,,,0.3430282147166635,335710524,19089279,1000,466,128.76,True,0.1902,673,dex,0,447,22,20.318,978,47,1364.07,96044.11,0.52,13534.0,207656.72,,,,,,,,
1788776017,Aw4sdu5yYtKsYzb2eYAMFe1bhxgFyZyWfnhCWqn7pump,lolcat,organic1h,655.4,False,False,,,0,6,,,3.55205481707425,214566604092,19089279,1000,288,208.33,True,0.394,1000,dex,0,321,375,0.856,1145,1007,15580.24,63140.33,-69.74,-82.39,5647.72,,,,,,,,
1788776017,yW3AMAtCdJ6GJeZhTCASUpkQbtWWiCiJ7AGaT1ppump,USWS,organic1h,513.4,False,False,,,0,6,,,0.3532169680863949,335710361,19089279,1000,466,128.76,True,0.1902,673,dex,0,447,22,20.318,978,47,1364.07,96044.11,0.52,13534.0,207656.72,,,,,,,,
1788776017,5MDDu46V23fHwWFdosDbH32YimEuDqGWGTnAkR31pump,Koin,hotctl1h,442.4,False,False,,,0,6,,,2.2115393208045746,67267692169,19089279,1000,208,288.46,True,0.335,1000,dex,0,773,618,1.251,1153,843,53068.4,78285.5,186.0,768.0,,,,,,,,,
1788776017,yW3AMAtCdJ6GJeZhTCASUpkQbtWWiCiJ7AGaT1ppump,USWS,hotctl1h,513.4,False,False,,,0,6,,,0.3462042137200044,335710168,19089279,1000,466,128.76,True,0.1902,673,dex,0,447,22,20.318,978,47,1364.07,96044.11,0.52,13534.0,207656.72,,,,,,,,
1788776152,FS1qAokkKjx6Xf59VGtkakgLQ9iQqTrk6PtMbMCHMR5C,FINDER,hotctl,161.5,False,False,,,0,6,,,2.8739999617308083,48040212516,19089279,1000,125,480.0,True,0.57,1000,dex,0,959,336,2.854,959,336,238698.15,238698.15,98.24,98.24,35061.13,,,,,,,,
1788776152,Arpf7QNVxm5eLWrEkAiRtSXpnd6NAM7mzD2EiSsFKi6m,Koin,hotctl,187.5,False,False,,,0,6,,,0.20716183877500857,63505024912,19089279,1000,91,659.34,True,0.806,1000,dex,0,1533,428,3.582,1533,428,98981.73,98981.73,188.0,188.0,34742.91,,,,,,,,
1788776152,5MDDu46V23fHwWFdosDbH32YimEuDqGWGTnAkR31pump,Koin,organic1h,577.5,False,False,,,0,6,,,4.896948306949185,83332110992,19089279,1000,208,288.46,True,0.335,1000,dex,0,773,618,1.251,1153,843,53068.4,78285.5,186.0,768.0,,,,,,,,,
1788776152,FS1qAokkKjx6Xf59VGtkakgLQ9iQqTrk6PtMbMCHMR5C,FINDER,hotctl1h,161.5,False,False,,,0,6,,,1.3862271452890977,50200668091,19089279,1000,125,480.0,True,0.57,1000,dex,0,959,336,2.854,959,336,238698.15,238698.15,98.24,98.24,35061.13,,,,,,,,
1788776152,Arpf7QNVxm5eLWrEkAiRtSXpnd6NAM7mzD2EiSsFKi6m,Koin,hotctl1h,187.5,False,False,,,0,6,,,0.18157284935900994,66872861010,19089279,1000,91,659.34,True,0.806,1000,dex,0,1533,428,3.582,1533,428,98981.73,98981.73,188.0,188.0,34742.91,,,,,,,,
1788776271,GauaoXJxKg4gV5g77wpzvEfKN26RgzBGb5miytAryMe5,Job,hotctl1h,209.7,False,False,,,0,6,,,1.4583525384997262,111786458387,19055602,1000,168,357.14,True,0.598,1000,dex,0,688,404,1.703,688,404,46626.88,46626.88,264.0,264.0,,,,,,9.113,,,
1788776431,FbeMEmXpSuCwMPHKLscXgjGqy597YJEADCzzftwNh15a,MeiMei,hotctl,143.4,False,False,,,0,6,,,2.261042331255304,153623970066,19039571,1000,114,526.32,True,0.552,1000,dex,0,1536,682,2.252,1536,682,60621.94,60621.94,40.7,40.7,21607.46,,,,,,,,
1788776431,FbeMEmXpSuCwMPHKLscXgjGqy597YJEADCzzftwNh15a,MeiMei,hotctl1h,143.4,False,False,,,0,6,,,0.42455452119436476,153321377912,19039571,1000,114,526.32,True,0.552,1000,dex,0,1536,682,2.252,1536,682,60621.94,60621.94,40.7,40.7,21607.46,,,,,,,,
1788776613,8eGfpnwr9xudAX5rZK5EjaxJwCEhMsrL4YrV59ecpquP,4AI,hotctl,273.2,False,False,,,0,6,,,0.0,156486197113,19040839,1000,291,206.19,True,0.333,1000,dex,0,421,389,1.082,421,389,78900.92,78900.92,30.7,30.7,20751.7,,,,,,,,
1788776613,8eGfpnwr9xudAX5rZK5EjaxJwCEhMsrL4YrV59ecpquP,4AI,hotctl1h,273.2,False,False,,,0,6,,,0.0,156486197113,19040839,1000,291,206.19,True,0.333,1000,dex,0,421,389,1.082,421,389,78900.92,78900.92,30.7,30.7,20751.7,,,,,,,,
1788776742,6g5SnQm9SSgbv7QkXS6kgmKGY5hECYce82t4NnwUs4EA,BROCCOLI,hotctl,133.6,False,False,,,0,6,,,0.0,115500071448,19045715,1000,86,697.67,True,0.818,1000,dex,0,875,457,1.915,875,457,110334.36,110334.36,66.39,66.39,23341.11,,,,,,,,
1788776742,GdaLsrpjiEfv6ToimPchRurW4PgbGRC8Ki9WbsisnT3D,4AI,hotctl,163.6,False,False,,,0,6,,,0.0,133222352995,19045715,1000,69,869.57,True,0.961,1000,dex,0,1387,600,2.312,1387,600,90216.77,90216.77,56.51,56.51,22620.4,,,,,,,,
1788776742,6rzNDigtGqqNnmHn9BVB83vELvTMquh6esYyHJNPpump,prrrr,hotctl,214.6,False,False,,,0,6,,,1.2465130302159029,226030245043,19045715,1000,229,262.01,True,0.526,1000,dex,0,448,273,1.641,448,273,28630.44,28630.44,127.0,127.0,,,,,,3.9557,,,
1788776742,7NVLAmuAkmpsM1kmZoNAjvQYYKXuE2VZnC7hWkD6BhnT,ZMUSK,hotctl,235.6,False,False,,,0,6,,,0.024097192639900716,169027633058,19045715,1000,131,458.02,True,0.514,1000,dex,0,1392,566,2.459,1399,568,50091.19,50306.04,22.47,25.41,20375.56,,,,,,,,
1788776742,6g5SnQm9SSgbv7QkXS6kgmKGY5hECYce82t4NnwUs4EA,BROCCOLI,hotctl1h,133.6,False,False,,,0,6,,,0.0,121188041937,19045715,1000,86,697.67,True,0.818,1000,dex,0,875,457,1.915,875,457,110334.36,110334.36,66.39,66.39,23341.11,,,,,,,,
1788776742,GdaLsrpjiEfv6ToimPchRurW4PgbGRC8Ki9WbsisnT3D,4AI,hotctl1h,163.6,False,False,,,0,6,,,0.0,135291140420,19045715,1000,69,869.57,True,0.961,1000,dex,0,1387,600,2.312,1387,600,90216.77,90216.77,56.51,56.51,22620.4,,,,,,,,
1788776742,6rzNDigtGqqNnmHn9BVB83vELvTMquh6esYyHJNPpump,prrrr,hotctl1h,214.6,False,False,,,0,6,,,1.0185398465641742,227155631453,19045715,1000,229,262.01,True,0.526,1000,dex,0,448,273,1.641,448,273,28630.44,28630.44,127.0,127.0,,,,,,3.9557,,,
1788776742,7NVLAmuAkmpsM1kmZoNAjvQYYKXuE2VZnC7hWkD6BhnT,ZMUSK,hotctl1h,235.6,False,False,,,0,6,,,0.0,171340930546,19045715,1000,131,458.02,True,0.514,1000,dex,0,1392,566,2.459,1399,568,50091.19,50306.04,22.47,25.41,20375.56,,,,,,,,
1788776986,5EJQiahmDzreowZcUJSComJZze9SJZuXj7LUpYTMpump,BitCoin,hotctl,163.1,False,False,,,0,6,,,0.0,255520838969,19054203,1000,244,245.9,True,0.545,1000,dex,0,468,283,1.654,468,283,26959.13,26959.13,262.0,262.0,,,,,,,,,
1788776986,5EJQiahmDzreowZcUJSComJZze9SJZuXj7LUpYTMpump,BitCoin,hotctl1h,163.1,False,False,,,0,6,,,1.5368893985632732,252754957095,19054203,1000,244,245.9,True,0.545,1000,dex,0,468,283,1.654,468,283,26959.13,26959.13,262.0,262.0,,,,,,,,,
1788777156,F9yHiVy9Fv6unnN1AbLTQhWV9EcMa2F9kaiKYSVD2vub,Titcoin,hotctl,234.7,False,False,,,0,6,,,0.0,138274289649,19056633,1000,55,1090.91,True,0.981,1000,dex,0,2048,968,2.116,2063,971,230042.39,233720.86,18.7,122.0,17764.66,,,,,,,,
1788777156,EXdiBNfYKxcZhZhfN5jRJcmXiciWq8YJLvcTHAQbMgc2,KOMA ,hotctl,279.7,False,False,,,0,6,,,0.7483333830004343,40627300541,19056633,1000,115,521.74,True,0.576,1000,dex,0,1232,436,2.826,1536,545,310019.21,390241.42,92.86,240.0,35374.8,,,,,,,,
1788777156,F9yHiVy9Fv6unnN1AbLTQhWV9EcMa2F9kaiKYSVD2vub,Titcoin,hotctl1h,234.7,False,False,,,0,6,,,1.5993519420898508,132233196656,19056633,1000,55,1090.91,True,0.981,1000,dex,0,2048,968,2.116,2063,971,230042.39,233720.86,18.7,122.0,17764.66,,,,,,,,
1788777156,EXdiBNfYKxcZhZhfN5jRJcmXiciWq8YJLvcTHAQbMgc2,KOMA ,hotctl1h,279.7,False,False,,,0,6,,,0.0,42939523610,19056633,1000,115,521.74,True,0.576,1000,dex,0,1232,436,2.826,1536,545,310019.21,390241.42,92.86,240.0,35374.8,,,,,,,,
1788777281,K1be3nyFsXKtGabTdm8et3VkVFVRXCUiZ4CAp4gpump,Nasduck,organic,164.5,False,False,,,0,6,,,0.30469668447963405,291450804,19061648,720,205,210.73,False,0.1139,720,dex,0,603,59,10.22,603,59,107119.88,107119.88,15550.0,15550.0,222873.89,,,,,0.0099,,,
1788777281,K1be3nyFsXKtGabTdm8et3VkVFVRXCUiZ4CAp4gpump,Nasduck,hotctl,164.5,False,False,,,0,6,,,0.31163880074771566,291432037,19061648,720,205,210.73,False,0.1139,720,dex,0,603,59,10.22,603,59,107119.88,107119.88,15550.0,15550.0,222873.89,,,,,0.0099,,,
1788777281,7nuNWZ4FxJTuN811w8ybSFPwapouDBTnDh5kQnkapump,Purps,hotctl,221.5,False,False,,,0,6,,,1.3300194092255504,113881140449,19061648,1000,213,281.69,True,0.508,1000,dex,0,473,316,1.497,473,316,30545.67,30545.67,397.0,397.0,,,,,,3.0,,,
1788777281,K1be3nyFsXKtGabTdm8et3VkVFVRXCUiZ4CAp4gpump,Nasduck,organic1h,164.5,False,False,,,0,6,,,0.3223643747583742,291376572,19061648,720,205,210.73,False,0.1139,720,dex,0,603,59,10.22,603,59,107119.88,107119.88,15550.0,15550.0,222873.89,,,,,0.0099,,,
1788777281,K1be3nyFsXKtGabTdm8et3VkVFVRXCUiZ4CAp4gpump,Nasduck,hotctl1h,164.5,False,False,,,0,6,,,0.992881699268866,291373561,19061648,720,205,210.73,False,0.1139,720,dex,0,603,59,10.22,603,59,107119.88,107119.88,15550.0,15550.0,222873.89,,,,,0.0099,,,
1788777281,7nuNWZ4FxJTuN811w8ybSFPwapouDBTnDh5kQnkapump,Purps,hotctl1h,221.5,False,False,,,0,6,,,0.0,114824010095,19061648,1000,213,281.69,True,0.508,1000,dex,0,473,316,1.497,473,316,30545.67,30545.67,397.0,397.0,,,,,,3.0,,,
1788777411,GBTNKtQT5E82iTrPbphvvnsmJ2PnjfkfE8MrWwBqVZjq,NEKO,hotctl,224.7,False,False,,,0,6,,,0.0,555002029964617,19063581,1000,107,560.75,True,0.647,1000,dex,0,705,889,0.793,705,889,24906.33,24906.33,127.0,127.0,,,,,,,,,
1788777411,6gNHgrF7YoxKpqunpXRX6aoZ98bWgc1LErJfN6m41syM,LUNA,hotctl,124.7,False,False,,,0,6,,,0.0,46875423300,19063581,1000,132,454.55,True,0.527,1000,dex,0,665,240,2.771,665,240,161200.32,161200.32,131.0,131.0,38826.78,,,,,,,,
1788777411,23VDjhqpAAaWXCd43SzxRNWcpPM369JQe7T4pZMYpump,KEYTRUMP,hotctl,142.7,False,False,,,0,6,,,3.1166517863328784,27582612811,19063581,1000,56,1071.43,True,0.913,1000,dex,0,406,276,1.471,406,276,53094.21,53094.21,30.91,30.91,18734.7,,,,,0.0296,,,
1788777411,GBTNKtQT5E82iTrPbphvvnsmJ2PnjfkfE8MrWwBqVZjq,NEKO,hotctl1h,224.7,False,False,,,0,6,,,0.0,555002029964617,19063581,1000,107,560.75,True,0.647,1000,dex,0,705,889,0.793,705,889,24906.33,24906.33,127.0,127.0,,,,,,,,,
1788777411,6gNHgrF7YoxKpqunpXRX6aoZ98bWgc1LErJfN6m41syM,LUNA,hotctl1h,124.7,False,False,,,0,6,,,0.0,55398309781,19063581,1000,132,454.55,True,0.527,1000,dex,0,665,240,2.771,665,240,161200.32,161200.32,131.0,131.0,38826.78,,,,,,,,
1788777411,23VDjhqpAAaWXCd43SzxRNWcpPM369JQe7T4pZMYpump,KEYTRUMP,hotctl1h,142.7,False,False,,,0,6,,,2.0745131008743,28471899869,19063581,1000,56,1071.43,True,0.913,1000,dex,0,406,276,1.471,406,276,53094.21,53094.21,30.91,30.91,18734.7,,,,,0.0296,,,
1788777591,2Xoi1fTtTvQuMccvVRWNW9tDMRyCDZ671CSyJvoPZ4mH,OTC,hotctl,277.5,False,False,,,0,6,,,0.42729709534510385,130115927412,19053953,1000,89,674.16,True,0.798,1000,dex,0,1792,795,2.254,1978,866,177671.69,194516.83,48.94,63.7,21491.84,,,,,,,,
1788777591,2Xoi1fTtTvQuMccvVRWNW9tDMRyCDZ671CSyJvoPZ4mH,OTC,hotctl1h,277.5,False,False,,,0,6,,,0.42362088344144255,130115927412,19053953,1000,89,674.16,True,0.798,1000,dex,0,1792,795,2.254,1978,866,177671.69,194516.83,48.94,63.7,21491.84,,,,,,,,
1788777673,46GPj2XBct5xsUqjaVdTz8bDnaaqdDZ3sBRXe68YHyzf,LUNA,hotctl,133.1,False,False,,,0,6,,,0.5139318471783602,169770109644,19042567,1000,116,517.24,True,0.617,1000,dex,0,976,431,2.265,976,431,37718.57,37718.57,37.21,37.21,21273.97,,,,,,,,
1788777673,46GPj2XBct5xsUqjaVdTz8bDnaaqdDZ3sBRXe68YHyzf,LUNA,hotctl1h,133.1,False,False,,,0,6,,,1.2856848763203947,166266130069,19042567,1000,116,517.24,True,0.617,1000,dex,0,976,431,2.265,976,431,37718.57,37718.57,37.21,37.21,21273.97,,,,,,,,
1788777796,4ARfNELrKgjTDviGej1ZhTfdG8j468kLnAR6MdVopump,GROKOALA,hotctl,194.0,False,False,,,0,6,,,2.6436317016797535,41590644540,19031706,1000,43,1395.35,True,0.953,1000,dex,0,348,240,1.45,348,240,57896.0,57896.0,4.75,4.75,16602.42,,,,,0.0148,,,
1788777796,Afy8qmm3oeva2twxePS57FQBnAq3BghkAFiZ6r7KMdUa,Egg,hotctl,196.0,False,False,,,0,6,,,0.8551009058510998,83196017256,19031706,1000,92,652.17,True,0.727,1000,dex,0,553,210,2.633,553,210,41290.61,41290.61,99.4,99.4,28819.6,,,,,,,,
1788777796,4ARfNELrKgjTDviGej1ZhTfdG8j468kLnAR6MdVopump,GROKOALA,hotctl1h,194.0,False,False,,,0,6,,,2.2195537208775984,41074905501,19031706,1000,43,1395.35,True,0.953,1000,dex,0,348,240,1.45,348,240,57896.0,57896.0,4.75,4.75,16602.42,,,,,0.0148,,,
1788777796,Afy8qmm3oeva2twxePS57FQBnAq3BghkAFiZ6r7KMdUa,Egg,hotctl1h,196.0,False,False,,,0,6,,,0.34023082467270294,88530123661,19031706,1000,92,652.17,True,0.727,1000,dex,0,553,210,2.633,553,210,41290.61,41290.61,99.4,99.4,28819.6,,,,,,,,
1788777928,7nuNWZ4FxJTuN811w8ybSFPwapouDBTnDh5kQnkapump,Purps,organic,868.1,False,False,,,0,6,,,0.0,56174373049,19028616,1000,304,197.37,True,0.224,991,dex,0,739,590,1.253,1211,906,58684.36,89229.01,41.1,602.0,,,,,,,,,
1788777928,6Vjh5HDRsSqew7LWS4uzLbZ9mxACTnyPqM3Ag3xMiouZ,Nick Woodman,hotctl,163.1,False,False,,,0,6,,,0.22314424987627837,345848060199,19028616,1000,175,342.86,True,0.586,1000,dex,0,431,242,1.781,431,242,29972.53,29972.53,52.66,52.66,,,,,,9.113,,,
1788777928,B71G9rj2iiL3GAdNycCnR31fEZYRp8UryRir8KyBBNEo,LUNA,hotctl,213.1,False,False,,,0,6,,,1.950173565592476,138225859423,19028616,910,256,213.28,False,0.2802,910,dex,0,475,214,2.22,475,214,121105.95,121105.95,35.97,35.97,21475.88,,,,,,,,
1788777928,7nuNWZ4FxJTuN811w8ybSFPwapouDBTnDh5kQnkapump,Purps,organic1h,868.1,False,False,,,0,6,,,0.6299575644080037,55885920525,19028616,1000,304,197.37,True,0.224,991,dex,0,739,590,1.253,1211,906,58684.36,89229.01,41.1,602.0,,,,,,,,,
1788777928,6Vjh5HDRsSqew7LWS4uzLbZ9mxACTnyPqM3Ag3xMiouZ,Nick Woodman,hotctl1h,163.1,False,False,,,0,6,,,1.291394509298093,346823151859,19028616,1000,175,342.86,True,0.586,1000,dex,0,431,242,1.781,431,242,29972.53,29972.53,52.66,52.66,,,,,,9.113,,,
1788777928,B71G9rj2iiL3GAdNycCnR31fEZYRp8UryRir8KyBBNEo,LUNA,hotctl1h,213.1,False,False,,,0,6,,,0.0,127962865533,19028616,910,256,213.28,False,0.2802,910,dex,0,475,214,2.22,475,214,121105.95,121105.95,35.97,35.97,21475.88,,,,,,,,
1788778064,744nqWvfk37GRz9dn5tZssrDXGg9mhDgMVyhYses2rCK,Nasduck,organic,159.7,False,False,,,0,6,,,0.2604310289921016,96986945557,19033615,1000,170,352.94,True,0.193,1000,dex,0,778,189,4.116,778,189,17693.73,17693.73,21.4,21.4,37140.27,,,,,,,,
1788778064,744nqWvfk37GRz9dn5tZssrDXGg9mhDgMVyhYses2rCK,Nasduck,hotctl,159.7,False,False,,,0,6,,,0.0,97425798940,19033615,1000,170,352.94,True,0.193,1000,dex,0,778,189,4.116,778,189,17693.73,17693.73,21.4,21.4,37140.27,,,,,,,,
1788778064,DZWQT5dq1UtdFdWxaJNx4fQ2m89XCRKHg8N1wD5Kpump,SUGAR,hotctl,218.7,False,False,,,0,6,,,0.3806883139125229,134819207389,19033615,1000,246,243.9,True,0.546,1000,dex,0,311,170,1.829,311,170,20881.68,20881.68,316.0,316.0,,,,,,3.0,,,
1788778064,744nqWvfk37GRz9dn5tZssrDXGg9mhDgMVyhYses2rCK,Nasduck,organic1h,159.7,False,False,,,0,6,,,0.2721516485267303,97486069433,19033615,1000,170,352.94,True,0.193,1000,dex,0,778,189,4.116,778,189,17693.73,17693.73,21.4,21.4,37140.27,,,,,,,,
1788778064,744nqWvfk37GRz9dn5tZssrDXGg9mhDgMVyhYses2rCK,Nasduck,hotctl1h,159.7,False,False,,,0,6,,,0.34049442034958927,96896902888,19033615,1000,170,352.94,True,0.193,1000,dex,0,778,189,4.116,778,189,17693.73,17693.73,21.4,21.4,37140.27,,,,,,,,
1788778064,DZWQT5dq1UtdFdWxaJNx4fQ2m89XCRKHg8N1wD5Kpump,SUGAR,hotctl1h,218.7,False,False,,,0,6,,,0.5774493616218744,134559867736,19033615,1000,246,243.9,True,0.546,1000,dex,0,311,170,1.829,311,170,20881.68,20881.68,316.0,316.0,,,,,,3.0,,,
1788778227,GNjdXiYkiPyUN9MnSWNKvFBJoqKm8FY36DTemPpkkJDB,CNPY,organic,132.4,False,False,,,0,6,,,0.0,27014599843,19036961,346,193,107.56,False,0.1445,346,dex,0,313,253,1.237,313,253,430397.69,430397.69,27.11,27.11,132713.3,,,,,,,,
1788778227,GNjdXiYkiPyUN9MnSWNKvFBJoqKm8FY36DTemPpkkJDB,CNPY,hotctl,132.4,False,False,,,0,6,,,0.0,26936719395,19036961,346,193,107.56,False,0.1445,346,dex,0,313,253,1.237,313,253,430397.69,430397.69,27.11,27.11,132713.3,,,,,,,,
1788778227,4MNC7cNsWYSTJNx7rQhbbJYUoVY25aWApP7g8SMbftqW,LUNA,hotctl,132.4,False,False,,,0,6,,,0.0,159547149061,19036961,1000,110,545.45,True,0.843,1000,dex,0,1300,218,5.963,1300,218,51770.29,51770.29,45.5,45.5,21840.51,,,,,,,,
1788778227,GNjdXiYkiPyUN9MnSWNKvFBJoqKm8FY36DTemPpkkJDB,CNPY,organic1h,132.4,False,False,,,0,6,,,0.0,27136551626,19036961,346,193,107.56,False,0.1445,346,dex,0,313,253,1.237,313,253,430397.69,430397.69,27.11,27.11,132713.3,,,,,,,,
1788778227,GNjdXiYkiPyUN9MnSWNKvFBJoqKm8FY36DTemPpkkJDB,CNPY,hotctl1h,132.4,False,False,,,0,6,,,0.0,27249536872,19036961,346,193,107.56,False,0.1445,346,dex,0,313,253,1.237,313,253,430397.69,430397.69,27.11,27.11,132713.3,,,,,,,,
1788778227,4MNC7cNsWYSTJNx7rQhbbJYUoVY25aWApP7g8SMbftqW,LUNA,hotctl1h,132.4,False,False,,,0,6,,,0.0,166030729574,19036961,1000,110,545.45,True,0.843,1000,dex,0,1300,218,5.963,1300,218,51770.29,51770.29,45.5,45.5,21840.51,,,,,,,,
1788778227,5xGkGJmab7FF8ngYDwghdLTrWR4pf33mQhcvQRHLePiW,LUNA,hotctl1h,226.4,False,False,,,0,6,,,1.4866210039967842,19423429360,19036961,1000,141,425.53,True,0.556,1000,dex,0,742,454,1.634,752,454,167929.0,175165.47,-26.72,688.0,14110.02,,,,,,,,
1788778326,61hibYefePuuLDaBZr8Pk1VmPKHwBCXYCsY989W7yotE,PUMPCAT,hotctl,170.6,False,False,,,0,6,,,1.3884109059592653,224169628824,19026919,1000,188,319.15,True,0.624,1000,dex,0,340,211,1.611,340,211,22209.38,22209.38,134.0,134.0,,,,,,,,,
1788778326,MAp5ykA5mHSeV4QtiwvCizc2ZdPJXg8ihMP5H2bpump,MINI,hotctl,185.6,False,False,,,0,6,,,0.2740897343938807,273195939,19026919,579,222,156.49,False,0.2591,579,dex,0,385,49,7.857,385,49,106158.61,106158.61,16560.0,16560.0,230251.2,,,,,,,,
1788778326,MAp5ykA5mHSeV4QtiwvCizc2ZdPJXg8ihMP5H2bpump,MINI,hotctl1h,185.6,False,False,,,0,6,,,0.2700184035350274,273188784,19026919,579,222,156.49,False,0.2591,579,dex,0,385,49,7.857,385,49,106158.61,106158.61,16560.0,16560.0,230251.2,,,,,,,,
1788778470,MAp5ykA5mHSeV4QtiwvCizc2ZdPJXg8ihMP5H2bpump,MINI,organic,329.7,False,False,,,0,6,,,0.23457051272534551,269433218,19025109,579,222,156.49,False,0.2591,579,dex,0,385,49,7.857,385,49,106158.61,106158.61,16560.0,16560.0,230251.2,,,,,,,,
1788778470,FZnnXCrvvjcVmcfr5DfeBMjXGe4CLUg2nknf43caPXe,Memecoin,hotctl,147.7,False,False,,,0,6,,,2.128865444282427,217601811912,19025109,1000,110,545.45,True,0.558,1000,dex,0,650,437,1.487,650,437,143165.35,143165.35,-17.38,-17.38,11407.98,,,,,,,,
1788778470,2Ttj9ojD7omGQcPtyCeVSY31PVFurDbxzLHu17VyW3T5,Memecoin,hotctl,174.7,False,False,,,0,6,,,0.0,108872967075,19025109,1000,90,666.67,True,0.781,1000,dex,0,1252,553,2.264,1252,553,108603.03,108603.03,122.0,122.0,27549.12,,,,,,,,
1788778470,6KPCcJTrfGLN4rSxRHqLS8RRrT98WAsiLKxv8yWnFxYw,Purps,hotctl,266.7,False,False,,,0,6,,,0.1719349025280798,151022617320,19025109,1000,137,437.96,True,0.413,1000,dex,0,1455,493,2.951,1455,493,43984.37,43984.37,53.89,53.89,22568.44,,,,,,,,
1788778470,MAp5ykA5mHSeV4QtiwvCizc2ZdPJXg8ihMP5H2bpump,MINI,organic1h,329.7,False,False,,,0,6,,,0.23321088660854977,269411033,19025109,579,222,156.49,False,0.2591,579,dex,0,385,49,7.857,385,49,106158.61,106158.61,16560.0,16560.0,230251.2,,,,,,,,
1788778470,FZnnXCrvvjcVmcfr5DfeBMjXGe4CLUg2nknf43caPXe,Memecoin,hotctl1h,147.7,False,False,,,0,6,,,0.0,253055144070,19025109,1000,110,545.45,True,0.558,1000,dex,0,650,437,1.487,650,437,143165.35,143165.35,-17.38,-17.38,11407.98,,,,,,,,
1788778470,2Ttj9ojD7omGQcPtyCeVSY31PVFurDbxzLHu17VyW3T5,Memecoin,hotctl1h,174.7,False,False,,,0,6,,,0.0,119088979615,19025109,1000,90,666.67,True,0.781,1000,dex,0,1252,553,2.264,1252,553,108603.03,108603.03,122.0,122.0,27549.12,,,,,,,,
1788778470,6KPCcJTrfGLN4rSxRHqLS8RRrT98WAsiLKxv8yWnFxYw,Purps,hotctl1h,266.7,False,False,,,0,6,,,1.1015196640498053,149325131490,19025109,1000,137,437.96,True,0.413,1000,dex,0,1455,493,2.951,1455,493,43984.37,43984.37,53.89,53.89,22568.44,,,,,,,,
1788778620,76GUAJX63z2USrEtKm8NHBA1MMEstQAmRdjHnwzwpump,1%,organic,484.0,False,False,,,0,6,,,2.2061210838003764,5161004128321,19048517,566,507,66.98,False,0.0,2,dex,0,430,118,3.644,430,118,2196.84,2196.84,-88.08,-88.08,,,,,,,,,
1788778620,rmTCNwLr3E1diA9XZcKWAKGD3mjwqDEfsvG2hp27oEh,OVERFUNDED,hotctl,139.0,False,False,,,0,6,,,0.0,51585481475,19048517,1000,107,560.75,True,0.536,1000,dex,0,458,589,0.778,458,589,17762.33,17762.33,157.0,157.0,,,,,,,,,
1788778620,CGw58dUiYFer2y6FVyz3L9XVdF5NjBWQCL8ki16MBB9P,SENDER,hotctl,160.0,False,False,,,0,6,,,1.4046333361027006,286827354575,19048517,1000,179,335.2,True,0.596,1000,dex,0,402,265,1.517,402,265,23185.33,23185.33,91.77,91.77,,,,,,1.4663,,,
1788778620,6GLDeyrisha4ZjEwchpc5soq3XfnoF9MJmm9CfEoAPEr,Peccy,hotctl,201.0,False,False,,,0,6,,,0.1712388455573327,166262880486,19048517,1000,117,512.82,True,0.63,1000,dex,0,1259,494,2.549,1259,494,48801.16,48801.16,43.09,43.09,21779.53,,,,,,,,
1788778620,76GUAJX63z2USrEtKm8NHBA1MMEstQAmRdjHnwzwpump,1%,organic1h,484.0,False,False,,,0,6,,,2.216215745498033,5161004128321,19048517,566,507,66.98,False,0.0,2,dex,0,430,118,3.644,430,118,2196.84,2196.84,-88.08,-88.08,,,,,,,,,
1788778620,rmTCNwLr3E1diA9XZcKWAKGD3mjwqDEfsvG2hp27oEh,OVERFUNDED,hotctl1h,139.0,False,False,,,0,6,,,0.2781210505440859,53156433672,19048517,1000,107,560.75,True,0.536,1000,dex,0,458,589,0.778,458,589,17762.33,17762.33,157.0,157.0,,,,,,,,,
1788778620,CGw58dUiYFer2y6FVyz3L9XVdF5NjBWQCL8ki16MBB9P,SENDER,hotctl1h,160.0,False,False,,,0,6,,,1.6908031624847761,279184465911,19048517,1000,179,335.2,True,0.596,1000,dex,0,402,265,1.517,402,265,23185.33,23185.33,91.77,91.77,,,,,,1.4663,,,
1788778620,6GLDeyrisha4ZjEwchpc5soq3XfnoF9MJmm9CfEoAPEr,Peccy,hotctl1h,201.0,False,False,,,0,6,,,1.0841413302074336,166518805557,19048517,1000,117,512.82,True,0.63,1000,dex,0,1259,494,2.549,1259,494,48801.16,48801.16,43.09,43.09,21779.53,,,,,,,,
1788778965,iCPP5mjS1Je4V16AF7Mddc2tuK3isw6u4TrpKzaHDaa,LEOPARD,hotctl,237.9,False,False,,,0,6,,,0.0,94797292824,19026095,1000,90,666.67,True,0.78,1000,dex,0,746,362,2.061,746,362,88018.09,88018.09,121.0,121.0,30493.06,,,,,,,,
1788778965,Bq8zVG67HsvggGZK5VSvdpJrt8ZH38VqUMom8hvCwMCx,BLUEY,hotctl,184.9,False,False,,,0,6,,,0.0,53144162966,19026095,1000,80,750.0,True,0.769,1000,dex,0,484,611,0.792,484,611,20389.4,20389.4,251.0,251.0,,,,,,,,,
1788778965,iCPP5mjS1Je4V16AF7Mddc2tuK3isw6u4TrpKzaHDaa,LEOPARD,hotctl1h,237.9,False,False,,,0,6,,,0.3435599629226126,100498212315,19026095,1000,90,666.67,True,0.78,1000,dex,0,746,362,2.061,746,362,88018.09,88018.09,121.0,121.0,30493.06,,,,,,,,
1788778965,Bq8zVG67HsvggGZK5VSvdpJrt8ZH38VqUMom8hvCwMCx,BLUEY,hotctl1h,184.9,False,False,,,0,6,,,0.0,58663700802,19026095,1000,80,750.0,True,0.769,1000,dex,0,484,611,0.792,484,611,20389.4,20389.4,251.0,251.0,,,,,,,,,
1788779098,ADFrFCvVuq46KR8KPtUofJ1YrxrwnxrBEsFmLFMo4rpb,Memecoin,hotctl,278.3,False,False,,,0,6,,,3.8589375629247273,110414036014,19037581,1000,167,359.28,True,0.388,1000,dex,0,903,715,1.263,912,717,257349.67,267866.18,-78.74,8.77,12408.59,,,,,,,,
1788779098,A31XoEtnXsjqdXtT5Zq3xemFkXB23qaxgjA32D2ewnnH,SUGAR,hotctl,286.3,False,False,,,0,6,,,0.0,120269860312,19037581,1000,206,291.26,True,0.346,1000,dex,0,1130,586,1.928,1467,636,230529.3,247969.31,24.81,81.21,25020.03,,,,,,,,
1788779098,ADFrFCvVuq46KR8KPtUofJ1YrxrwnxrBEsFmLFMo4rpb,Memecoin,hotctl1h,278.3,False,False,,,0,6,,,0.0,120004826739,19037581,1000,167,359.28,True,0.388,1000,dex,0,903,715,1.263,912,717,257349.67,267866.18,-78.74,8.77,12408.59,,,,,,,,
1788779098,A31XoEtnXsjqdXtT5Zq3xemFkXB23qaxgjA32D2ewnnH,SUGAR,hotctl1h,286.3,False,False,,,0,6,,,0.0,121931800180,19037581,1000,206,291.26,True,0.346,1000,dex,0,1130,586,1.928,1467,636,230529.3,247969.31,24.81,81.21,25020.03,,,,,,,,
1788779226,JCcnu31Fpj1PdVzEmtMTkvCu1b5Q7fk4ekBhT8Puv9FA,SUGAR,hotctl,360.7,False,False,,,0,6,,,0.0,113485786677,19052780,1000,104,576.92,True,0.704,1000,dex,0,1446,766,1.888,1945,1026,260512.03,346750.32,28.04,77.21,22014.2,,,,,,,,
1788779226,JCcnu31Fpj1PdVzEmtMTkvCu1b5Q7fk4ekBhT8Puv9FA,SUGAR,hotctl1h,360.7,False,False,,,0,6,,,2.091019397810478,106740409673,19052780,1000,104,576.92,True,0.704,1000,dex,0,1446,766,1.888,1945,1026,260512.03,346750.32,28.04,77.21,22014.2,,,,,,,,
1788779341,H4fUATTHtMQJ7cPwJgnzKrsZkhFocR5UYhWwHbFRKnfB,SUGAR,hotctl,235.8,False,False,,,0,6,,,0.3292592952337818,127317799810,19067948,1000,183,327.87,True,0.425,1000,dex,0,1132,259,4.371,1665,467,29164.46,48841.07,30.56,71.03,23792.83,,,,,,,,
1788779341,7o2zcF7gHxgmuL8AGpsxG1fUA6hui8EK7U1nvc9Mpump,TOAD,hotctl,299.8,False,False,,,0,6,,,1.6628688626014398,934553048686,19067948,1000,41,1463.41,True,0.991,1000,dex,0,1058,986,1.073,1652,1404,124736.83,178338.05,-96.65,-95.19,2141.23,,,,,,,,
1788779341,H4fUATTHtMQJ7cPwJgnzKrsZkhFocR5UYhWwHbFRKnfB,SUGAR,hotctl1h,235.8,False,False,,,0,6,,,0.32196638196532706,127316718997,19067948,1000,183,327.87,True,0.425,1000,dex,0,1132,259,4.371,1665,467,29164.46,48841.07,30.56,71.03,23792.83,,,,,,,,
1788779341,7o2zcF7gHxgmuL8AGpsxG1fUA6hui8EK7U1nvc9Mpump,TOAD,hotctl1h,299.8,False,False,,,0,6,,,1.6618081571654113,934553048686,19067948,1000,41,1463.41,True,0.991,1000,dex,0,1058,986,1.073,1652,1404,124736.83,178338.05,-96.65,-95.19,2141.23,,,,,,,,
1788779648,4h4DnjUJEWVFEagaBCb6nbQY565qkWrZbHJZkU8QYQio,LUNA,hotctl,372.8,False,False,,,0,6,,,0.4365356876637765,66332209307,19072933,1000,183,327.87,True,0.605,1000,dex,0,1073,163,6.583,1488,209,56241.44,73197.54,104.0,163.0,29283.61,,,,,,,,
1788779648,4h4DnjUJEWVFEagaBCb6nbQY565qkWrZbHJZkU8QYQio,LUNA,hotctl1h,372.8,False,False,,,0,6,,,0.4364075993309277,66332209307,19072933,1000,183,327.87,True,0.605,1000,dex,0,1073,163,6.583,1488,209,56241.44,73197.54,104.0,163.0,29283.61,,,,,,,,
1788780184,5T6UF5KTXKdLMTVdee6vq2ARZEtpcrz3JHzhLJNe2HS9,LUNA,hotctl,551.0,False,False,,,0,6,,,0.14928856560271425,121201217324,19067245,1000,333,180.18,True,0.32,825,dex,0,402,379,1.061,2823,788,89709.52,176407.98,14.37,66.59,23088.71,,,,,,,,
1788780184,5T6UF5KTXKdLMTVdee6vq2ARZEtpcrz3JHzhLJNe2HS9,LUNA,hotctl1h,551.0,False,False,,,0,6,,,0.15398773058106327,121201217324,19067245,1000,333,180.18,True,0.32,825,dex,0,402,379,1.061,2823,788,89709.52,176407.98,14.37,66.59,23088.71,,,,,,,,
1788780285,BzMrvS7of6uVs1YF83sEA8FLkMtU1Yox4DCA7Hgqpump,FOMO,hotctl,564.1,False,False,,,0,6,,,1.9593627604281647,118351342337,19069162,1000,400,150.0,True,0.2956,751,dex,0,373,233,1.601,937,634,27973.01,60016.22,18.55,393.0,,,,,,,,,
1788780285,ohy54XAPhPk1n37KhKK1AcUSqAfVBnN5qnRWeMNpump,C4T,hotctl,150.1,False,False,,,0,6,,,2.9257573357121323,55618364271,19069162,1000,36,1666.67,True,0.946,1000,dex,0,926,724,1.279,926,724,55530.42,55530.42,-19.99,-19.99,13981.58,,,,,,,,
1788780285,BzMrvS7of6uVs1YF83sEA8FLkMtU1Yox4DCA7Hgqpump,FOMO,hotctl1h,564.1,False,False,,,0,6,,,1.4217549587980043,123874977954,19069162,1000,400,150.0,True,0.2956,751,dex,0,373,233,1.601,937,634,27973.01,60016.22,18.55,393.0,,,,,,,,,
1788780285,ohy54XAPhPk1n37KhKK1AcUSqAfVBnN5qnRWeMNpump,C4T,hotctl1h,150.1,False,False,,,0,6,,,3.3864701969813638,56923800423,19069162,1000,36,1666.67,True,0.946,1000,dex,0,926,724,1.279,926,724,55530.42,55530.42,-19.99,-19.99,13981.58,,,,,,,,
1788780392,GppC8HmSPURW9NMQ1JJPJtqeA6kwcx19pUHetppvpVVn,PERFECT,hotctl,392.8,False,False,,,0,6,,,0.0,232951286000,19063475,1000,272,220.59,True,0.306,1000,dex,0,708,176,4.023,1299,299,72521.22,118328.02,-33.21,5.82,13792.19,,,,,,,,
1788780392,EY3CboNV7RwobqSKF7upSxgCEuSncsPaSH5FAaaZgEm7,C4T,hotctl1h,363.8,False,False,,,0,6,,,3.8284030916263556,80996640764,19063475,1000,137,437.96,True,0.323,1000,dex,0,1155,639,1.808,1869,1104,186193.56,296289.24,79.53,197.0,32044.76,,,,,,,,
1788780392,GppC8HmSPURW9NMQ1JJPJtqeA6kwcx19pUHetppvpVVn,PERFECT,hotctl1h,392.8,False,False,,,0,6,,,0.0,248790041389,19063475,1000,272,220.59,True,0.306,1000,dex,0,708,176,4.023,1299,299,72521.22,118328.02,-33.21,5.82,13792.19,,,,,,,,
1788780573,5mEvfQD8gy56n9Hkb8Hy1gbQi3JCQPH5ybRW3B5spump,LEGO,hotctl,310.0,False,False,,,0,6,,,1.9967821233436303,1987424874,19073330,1000,65,923.08,True,0.97,1000,dex,0,3057,885,3.454,3558,955,1383.71,32841.04,9.92,2176.0,83775.05,,,,,,,,
1788780573,3bhb4t8jT2DDGo51VQHp9hLPCM5hmsekZDczVBF6AEzG,EXPLORER,hotctl,362.0,False,False,,,0,6,,,0.037860628853645606,22775195354,19073330,1000,109,550.46,True,0.529,1000,dex,0,1263,1282,0.985,1679,1713,17283.38,25083.31,-0.66,26.96,,,,,,,,,
1788780573,EB23EQaKuAjqQEzBPvrCgvmrS4dGNFV2D441BUo3FW6n,OM,hotctl,369.0,False,False,,,0,6,,,2.7541367560526617,48358782619,19073330,1000,129,465.12,True,0.644,1000,dex,0,1256,427,2.941,1839,652,302092.92,454658.28,-7.2,156.0,36489.91,,,,,,,,
1788780573,5ibPgvyVW6yxEney3zsoAdZLiYXR5khZNNoUWS3dXDdJ,C4T,hotctl,397.0,False,False,,,0,6,,,0.0,109081968392,19073330,1000,120,500.0,True,0.708,1000,dex,0,1438,636,2.261,2267,1070,155325.59,240917.08,29.54,126.0,24501.24,,,,,,,,
1788780573,5mEvfQD8gy56n9Hkb8Hy1gbQi3JCQPH5ybRW3B5spump,LEGO,hotctl1h,310.0,False,False,,,0,6,,,0.8868256388222986,1987196308,19073330,1000,65,923.08,True,0.97,1000,dex,0,3057,885,3.454,3558,955,1383.71,32841.04,9.92,2176.0,83775.05,,,,,,,,
1788780573,3bhb4t8jT2DDGo51VQHp9hLPCM5hmsekZDczVBF6AEzG,EXPLORER,hotctl1h,362.0,False,False,,,0,6,,,0.29399179488022253,22705119979,19073330,1000,109,550.46,True,0.529,1000,dex,0,1263,1282,0.985,1679,1713,17283.38,25083.31,-0.66,26.96,,,,,,,,,
1788780573,EB23EQaKuAjqQEzBPvrCgvmrS4dGNFV2D441BUo3FW6n,OM,hotctl1h,369.0,False,False,,,0,6,,,2.14015713223684,44215373564,19073330,1000,129,465.12,True,0.644,1000,dex,0,1256,427,2.941,1839,652,302092.92,454658.28,-7.2,156.0,36489.91,,,,,,,,
1788780573,5ibPgvyVW6yxEney3zsoAdZLiYXR5khZNNoUWS3dXDdJ,C4T,hotctl1h,397.0,False,False,,,0,6,,,0.0,105018272678,19073330,1000,120,500.0,True,0.708,1000,dex,0,1438,636,2.261,2267,1070,155325.59,240917.08,29.54,126.0,24501.24,,,,,,,,
1788780690,DUTepvHGwURsLT7c7Bh5RBcvhpwMCFfgBhyGJsmGAWSv,golden,hotctl,164.7,False,False,,,0,6,,,1.7150729845427228,84487137692,19073330,1000,112,535.71,True,0.683,1000,dex,0,753,342,2.202,753,342,96745.2,96745.2,86.19,86.19,27953.19,,,,,,,,
1788780690,7z6pRVLuaHkhJivD2r9ayisv2ypTPgZa5oieBFuhpump,POPFISH,hotctl,278.7,False,False,,,0,6,,,1.526094480564517,212941036304,19073330,1000,305,196.72,True,0.2767,647,dex,0,324,252,1.286,378,275,16864.92,21703.61,49.96,132.0,,,,,,4.1357,,,
1788780690,DUTepvHGwURsLT7c7Bh5RBcvhpwMCFfgBhyGJsmGAWSv,golden,hotctl1h,164.7,False,False,,,0,6,,,0.688096424396476,80523320927,19073330,1000,112,535.71,True,0.683,1000,dex,0,753,342,2.202,753,342,96745.2,96745.2,86.19,86.19,27953.19,,,,,,,,
1788780690,51NQmqyoqPebxkG46mAdn5kPUonREoPRcitc6cDYijZG,HOODSHOP,hotctl1h,213.7,False,False,,,0,6,,,0.4472379946820042,136355651494,19073330,1000,214,280.37,True,0.391,1000,dex,0,919,94,9.777,919,94,37376.81,37376.81,42.77,42.77,21435.37,,,,,,,,
1788780690,7z6pRVLuaHkhJivD2r9ayisv2ypTPgZa5oieBFuhpump,POPFISH,hotctl1h,278.7,False,False,,,0,6,,,2.239752149356674,200172791506,19073330,1000,305,196.72,True,0.2767,647,dex,0,324,252,1.286,378,275,16864.92,21703.61,49.96,132.0,,,,,,4.1357,,,
1788780797,GuEj69oG9gpb4Hh4agibPP7KDMRRphRtbMr8n6Xr7Quh,SPFOX,hotctl,153.9,False,False,,,0,6,,,0.16112861458355407,164047354182,19040533,1000,124,483.87,True,0.645,1000,dex,0,929,405,2.294,929,405,36027.93,36027.93,27.14,27.14,20462.42,,,,,,,,
1788780797,3Eg3HzwNBZpAGqjVcZUiEN3vXVQCXwzKiqpDHkTwpump,FERMAT,hotctl,154.9,False,False,,,0,6,,,3.4437661547523035,173134747647,19040533,1000,135,444.44,True,0.589,1000,dex,0,655,407,1.609,655,407,39334.85,39334.85,174.0,174.0,,,,,,3.0,,,
1788780797,GuEj69oG9gpb4Hh4agibPP7KDMRRphRtbMr8n6Xr7Quh,SPFOX,hotctl1h,153.9,False,False,,,0,6,,,1.0015857736150493,163759361312,19040533,1000,124,483.87,True,0.645,1000,dex,0,929,405,2.294,929,405,36027.93,36027.93,27.14,27.14,20462.42,,,,,,,,
1788780797,3Eg3HzwNBZpAGqjVcZUiEN3vXVQCXwzKiqpDHkTwpump,FERMAT,hotctl1h,154.9,False,False,,,0,6,,,1.2683850751459462,172451032245,19040533,1000,135,444.44,True,0.589,1000,dex,0,655,407,1.609,655,407,39334.85,39334.85,174.0,174.0,,,,,,3.0,,,
1788780945,4mLeM7BdQbQFUeR7Etx6SUMuYXGbQFruAfNPJmveaTwQ,FERMAT,hotctl,232.6,False,False,,,0,6,,,0.42207403991423753,109947700337,19055209,1000,127,472.44,True,0.387,1000,dex,0,934,587,1.591,934,587,149209.97,149209.97,76.53,76.53,24392.38,,,,,,,,
1788780945,CjG6MRJmSByPKPFcKnLzUzpG1LpJgpBBVe4eQsPiBskC,STONK,hotctl,261.6,False,False,,,0,6,,,0.7910706630540945,113626346069,19055209,1000,169,355.03,True,0.471,1000,dex,0,1401,517,2.71,1401,517,194373.56,194373.56,91.79,91.79,23852.86,,,,,,,,
1788780945,4mLeM7BdQbQFUeR7Etx6SUMuYXGbQFruAfNPJmveaTwQ,FERMAT,hotctl1h,232.6,False,False,,,0,6,,,2.826258746130161,104124708286,19055209,1000,127,472.44,True,0.387,1000,dex,0,934,587,1.591,934,587,149209.97,149209.97,76.53,76.53,24392.38,,,,,,,,
1788780945,CjG6MRJmSByPKPFcKnLzUzpG1LpJgpBBVe4eQsPiBskC,STONK,hotctl1h,261.6,False,False,,,0,6,,,0.0,114633613339,19055209,1000,169,355.03,True,0.471,1000,dex,0,1401,517,2.71,1401,517,194373.56,194373.56,91.79,91.79,23852.86,,,,,,,,
1788781015,2gBou1G24Gh4Ve6F7UKfEwXDEq8gTU9K12kZLVrRs3u2,FTT,hotctl,126.5,False,False,,,0,6,,,0.0,139370878017,19057463,1000,71,845.07,True,0.966,1000,dex,0,1221,549,2.224,1221,549,88943.16,88943.16,35.7,35.7,21042.25,,,,,,,,
1788781015,5VHrcHRh56YPpySaFkDRSUfb5mN8bGH1L3sn2NNApump,perp,hotctl,123.5,False,False,,,0,6,,,1.7198994833232457,274463977433,19057463,1000,104,576.92,True,0.788,1000,dex,0,478,346,1.382,478,346,35661.36,35661.36,121.0,121.0,,,,,,,,,
1788781015,2gBou1G24Gh4Ve6F7UKfEwXDEq8gTU9K12kZLVrRs3u2,FTT,hotctl1h,126.5,False,False,,,0,6,,,1.3527905726358882,131455638974,19057463,1000,71,845.07,True,0.966,1000,dex,0,1221,549,2.224,1221,549,88943.16,88943.16,35.7,35.7,21042.25,,,,,,,,
1788781015,5VHrcHRh56YPpySaFkDRSUfb5mN8bGH1L3sn2NNApump,perp,hotctl1h,123.5,False,False,,,0,6,,,1.0789501527440202,275727516249,19057463,1000,104,576.92,True,0.788,1000,dex,0,478,346,1.382,478,346,35661.36,35661.36,121.0,121.0,,,,,,,,,
1788781146,3Eg3HzwNBZpAGqjVcZUiEN3vXVQCXwzKiqpDHkTwpump,FERMAT,organic,503.0,False,False,,,0,6,,,1.232102258352372,456454649657,19062571,1000,375,160.0,True,0.2019,540,dex,0,795,562,1.415,821,579,44228.1,48259.66,107.0,236.0,,,,,,,,,
1788781146,2WviGYzveCduCdcewf6nFRSorsUVxknEdUrtDS2Npump,Nasduck,hotctl,229.0,False,False,,,0,6,,,0.8376406021615653,2182225431,19062571,1000,87,689.66,True,0.682,1000,dex,0,899,640,1.405,899,640,31271.31,31271.31,1844.0,1844.0,77331.62,,,,,,,,
1788781146,3Eg3HzwNBZpAGqjVcZUiEN3vXVQCXwzKiqpDHkTwpump,FERMAT,organic1h,503.0,False,False,,,0,6,,,1.2190086604584074,456454649657,19062571,1000,375,160.0,True,0.2019,540,dex,0,795,562,1.415,821,579,44228.1,48259.66,107.0,236.0,,,,,,,,,
1788781146,2WviGYzveCduCdcewf6nFRSorsUVxknEdUrtDS2Npump,Nasduck,hotctl1h,229.0,False,False,,,0,6,,,0.8352852736035397,2182225978,19062571,1000,87,689.66,True,0.682,1000,dex,0,899,640,1.405,899,640,31271.31,31271.31,1844.0,1844.0,77331.62,,,,,,,,
1788781254,AGi2s9zPRPHs3zEDPhPTroumTEXK5ufymYSfEFndCSSW,LEVERCAT,organic,483.5,False,False,,,0,6,,,3.5973061022270705,26304262656,19054734,1000,369,162.6,True,0.1547,653,dex,0,878,321,2.735,882,327,53321.43,54263.2,85.25,50.31,23076.35,,,,,,,,
1788781254,32hcVghqThDPvdNBmqusrpFeE2yHF3L1aUPHup6ppump,HACHI,organic,4732.5,False,False,,,0,6,,,1.0863222349923782,19464960038,19054734,1000,409,146.7,True,0.0599,701,boost,30,348,297,1.172,3281,2660,4957.17,214744.78,-16.4,113.0,24674.87,,,,,,,,
1788781254,32hcVghqThDPvdNBmqusrpFeE2yHF3L1aUPHup6ppump,HACHI,hotctl,4732.5,False,False,,,0,6,,,1.0858657513218661,19464960386,19054734,1000,409,146.7,True,0.0599,701,boost,30,348,297,1.172,3281,2660,4957.17,214744.78,-16.4,113.0,24674.87,,,,,,,,
1788781254,74zMr1bxSAjqiZnbg43146RKk6pKj5Q4JZyEK6WFunpb,DIME,hotctl,159.5,False,False,,,0,6,,,0.15342814404515767,125011228322,19054734,1000,79,759.49,True,0.947,1000,dex,0,1055,582,1.813,1055,582,95874.57,95874.57,74.13,74.13,21067.28,,,,,,,,
1788781254,4endhR6AZow1fN9SmXta93zk8QfTF6v7qDyZ4RK5pump,Nitya,hotctl,161.5,False,False,,,0,6,,,1.1837390950081423,182665528281,19054734,1000,192,312.5,True,0.551,1000,dex,0,518,326,1.589,518,326,28447.25,28447.25,79.84,79.84,,,,,,10.001,,,
1788781254,TVdCSA5HUg3k9qUGz8a5TBXsMrGEcXZpqswWPxngK9d,TITCOIN,hotctl,222.5,False,False,,,0,6,,,0.0,15166036894,19054734,1000,61,983.61,True,0.961,1000,dex,0,2042,1056,1.934,2042,1056,348414.96,348414.96,755.0,755.0,37165.08,,,,,,,,
1788781254,32hcVghqThDPvdNBmqusrpFeE2yHF3L1aUPHup6ppump,HACHI,organic1h,4732.5,False,False,,,0,6,,,1.3378449474771092,19307947856,19054734,1000,409,146.7,True,0.0599,701,boost,30,348,297,1.172,3281,2660,4957.17,214744.78,-16.4,113.0,24674.87,,,,,,,,
1788781254,32hcVghqThDPvdNBmqusrpFeE2yHF3L1aUPHup6ppump,HACHI,hotctl1h,4732.5,False,False,,,0,6,,,1.3375937888205018,19307947571,19054734,1000,409,146.7,True,0.0599,701,boost,30,348,297,1.172,3281,2660,4957.17,214744.78,-16.4,113.0,24674.87,,,,,,,,
1788781254,74zMr1bxSAjqiZnbg43146RKk6pKj5Q4JZyEK6WFunpb,DIME,hotctl1h,159.5,False,False,,,0,6,,,1.4176909536644486,122615961177,19054734,1000,79,759.49,True,0.947,1000,dex,0,1055,582,1.813,1055,582,95874.57,95874.57,74.13,74.13,21067.28,,,,,,,,
1788781254,4endhR6AZow1fN9SmXta93zk8QfTF6v7qDyZ4RK5pump,Nitya,hotctl1h,161.5,False,False,,,0,6,,,1.4780978574193058,180640001056,19054734,1000,192,312.5,True,0.551,1000,dex,0,518,326,1.589,518,326,28447.25,28447.25,79.84,79.84,,,,,,10.001,,,
1788781254,AVpZHSS1uQjBjBWndkrgvQZRuWYdrVZAS21YcqAypump,ZDOGE,hotctl1h,209.5,False,False,,,0,6,,,1.8647707005121683,33923070949,19054734,1000,32,1875.0,True,0.984,1000,dex,0,644,556,1.158,644,556,140261.5,140261.5,48.72,48.72,20346.19,,,,,0.0296,,,
1788781254,TVdCSA5HUg3k9qUGz8a5TBXsMrGEcXZpqswWPxngK9d,TITCOIN,hotctl1h,222.5,False,False,,,0,6,,,1.3664985939996939,16083981066,19054734,1000,61,983.61,True,0.961,1000,dex,0,2042,1056,1.934,2042,1056,348414.96,348414.96,755.0,755.0,37165.08,,,,,,,,
1788781387,5VHrcHRh56YPpySaFkDRSUfb5mN8bGH1L3sn2NNApump,perp,organic,495.7,False,False,,,0,6,,,1.317517464317817,357547705031,19054734,1000,104,576.92,True,0.788,1000,dex,0,478,346,1.382,478,346,35661.36,35661.36,121.0,121.0,,,,,,,,,
1788781387,7ibEcoJgJHkKx1jkJpe9aVbUdtDLFYUrSAKUAWR5rPiw,SPFOX,hotctl,160.7,False,False,,,0,6,,,1.3438577383291546,26512165451,19054734,1000,65,923.08,True,0.944,1000,dex,0,1950,460,4.239,1950,460,181573.14,181573.14,495.0,495.0,22811.52,,,,,,,,
1788781387,GuEj69oG9gpb4Hh4agibPP7KDMRRphRtbMr8n6Xr7Quh,SPFOX,organic1h,743.7,False,False,,,0,6,,,0.19557295045750656,105470549319,19054734,1000,445,134.83,True,0.0,264,dex,0,1385,566,2.447,1691,694,51978.77,63797.74,9.98,37.44,21344.18,,,,,,,,
1788781387,5VHrcHRh56YPpySaFkDRSUfb5mN8bGH1L3sn2NNApump,perp,organic1h,495.7,False,False,,,0,6,,,0.0,324481034270,19054734,1000,104,576.92,True,0.788,1000,dex,0,478,346,1.382,478,346,35661.36,35661.36,121.0,121.0,,,,,,,,,
1788781387,7ibEcoJgJHkKx1jkJpe9aVbUdtDLFYUrSAKUAWR5rPiw,SPFOX,hotctl1h,160.7,False,False,,,0,6,,,0.19449245611690757,25787309985,19054734,1000,65,923.08,True,0.944,1000,dex,0,1950,460,4.239,1950,460,181573.14,181573.14,495.0,495.0,22811.52,,,,,,,,
1788781387,8fu7QktzbPZRf4TVp7P1Ed2JNoc6ELwnY4iekRyUrQAR,BLUNTZ,hotctl1h,163.7,False,False,,,0,6,,,0.987979829636535,31508187686,19054734,1000,79,759.49,True,0.666,1000,dex,0,362,403,0.898,362,403,12545.68,12545.68,286.0,286.0,,,,,,,,,
1788781523,EZ1J54niJBZhDjmpxxd97pEr8BEagwH2Tms1YoZzXQQ4,Golden,organic,245.4,False,False,,,0,6,,,1.1035030313036371,107380468054,19066906,671,283,142.26,False,0.0715,671,dex,0,501,150,3.34,501,150,7243.94,7243.94,81.01,81.01,,,,,,,,,
1788781523,3bQJxc2EejkhHXbzcfG4C8kBfTifiHQ4nNHAF7PWpump,LEGO,hotctl,184.4,False,False,,,0,6,,,2.1848561670306172,2122713424,19066906,1000,84,714.29,True,0.899,1000,dex,0,2244,811,2.767,2244,811,31436.02,31436.02,2034.0,2034.0,81095.8,,,,,,,,
1788781523,EZ1J54niJBZhDjmpxxd97pEr8BEagwH2Tms1YoZzXQQ4,Golden,hotctl,245.4,False,False,,,0,6,,,1.817768885716875,108693206414,19066906,671,283,142.26,False,0.0715,671,dex,0,501,150,3.34,501,150,7243.94,7243.94,81.01,81.01,,,,,,,,,
1788781523,EZ1J54niJBZhDjmpxxd97pEr8BEagwH2Tms1YoZzXQQ4,Golden,organic1h,245.4,False,False,,,0,6,,,1.8072476420205867,108693206414,19066906,671,283,142.26,False,0.0715,671,dex,0,501,150,3.34,501,150,7243.94,7243.94,81.01,81.01,,,,,,,,,
1788781523,3bQJxc2EejkhHXbzcfG4C8kBfTifiHQ4nNHAF7PWpump,LEGO,hotctl1h,184.4,False,False,,,0,6,,,2.1733197026764133,2122704517,19066906,1000,84,714.29,True,0.899,1000,dex,0,2244,811,2.767,2244,811,31436.02,31436.02,2034.0,2034.0,81095.8,,,,,,,,
1788781523,EZ1J54niJBZhDjmpxxd97pEr8BEagwH2Tms1YoZzXQQ4,Golden,hotctl1h,245.4,False,False,,,0,6,,,2.2868934732081443,108160628159,19066906,671,283,142.26,False,0.0715,671,dex,0,501,150,3.34,501,150,7243.94,7243.94,81.01,81.01,,,,,,,,,
1788781630,2eThKEKHw8u5WefvoNJWAscufRokid1BFRpKgtQUUn88,SCAT,hotctl,178.3,False,False,,,0,9,,,1.833807627228445,50108314036294,19070445,628,214,176.07,False,0.465,628,dex,0,330,126,2.619,330,126,27809.41,27809.41,825.0,825.0,27296.03,,,,,,,,
1788781630,2eThKEKHw8u5WefvoNJWAscufRokid1BFRpKgtQUUn88,SCAT,hotctl1h,178.3,False,False,,,0,9,,,1.8219644872797818,50111855820111,19070445,628,214,176.07,False,0.465,628,dex,0,330,126,2.619,330,126,27809.41,27809.41,825.0,825.0,27296.03,,,,,,,,
1788781759,EtLcfVC3grbjn2VZ4SXw54jxtNkrk6711rTiFcmByaqt,SCAT,hotctl,124.8,False,False,,,0,6,,,0.0,112568675112,19071320,1000,138,434.78,True,0.36,1000,dex,0,577,365,1.581,577,365,88356.9,88356.9,88.61,88.61,25042.62,,,,,,,,
1788781759,9iU8UsWKEBndtqUAMMppz5oeHJEKLrbGvpqicANKpump,Cutecat,hotctl,165.8,False,False,,,0,6,,,0.9790377858146271,92396043240,19071320,1000,168,357.14,True,0.541,1000,dex,0,596,394,1.513,596,394,45909.1,45909.1,478.0,478.0,,,,,,3.0,,,
1788781759,EtLcfVC3grbjn2VZ4SXw54jxtNkrk6711rTiFcmByaqt,SCAT,hotctl1h,124.8,False,False,,,0,6,,,0.0,115077101838,19071320,1000,138,434.78,True,0.36,1000,dex,0,577,365,1.581,577,365,88356.9,88356.9,88.61,88.61,25042.62,,,,,,,,
1788781759,9iU8UsWKEBndtqUAMMppz5oeHJEKLrbGvpqicANKpump,Cutecat,hotctl1h,165.8,False,False,,,0,6,,,1.2965869980323985,70596346349,19071320,1000,168,357.14,True,0.541,1000,dex,0,596,394,1.513,596,394,45909.1,45909.1,478.0,478.0,,,,,,3.0,,,
1788781895,4CP6YxyJUvozcAc2BWsdGcKjy9M2TQzAudXsHxkatT4W,AGI,hotctl,139.8,False,False,,,0,6,,,0.0,28541503204,19070394,1000,82,731.71,True,0.742,1000,dex,0,421,500,0.842,421,500,15737.82,15737.82,323.0,323.0,,,,,,,,,
1788781895,DmEVYJpUVdmcxAJk4SAzy311djKdFtzEjj8pwQrJQ3ut,LEVERCAT,hotctl,180.8,False,False,,,0,6,,,0.0,104210895364,19070394,1000,64,937.5,True,0.983,1000,dex,0,1568,756,2.074,1568,756,128368.38,128368.38,87.7,87.7,24839.83,,,,,,,,
1788781895,2bcNpf4RULbzgJMaVtkVz4r9pQY9TZfoMvJqQNeoD95t,Nitya,hotctl,166.8,False,False,,,0,6,,,0.3269309342422894,155984187818,19070394,1000,188,319.15,True,0.343,1000,dex,0,514,448,1.147,514,448,44845.32,44845.32,42.78,42.78,21700.35,,,,,,,,
1788781895,4CP6YxyJUvozcAc2BWsdGcKjy9M2TQzAudXsHxkatT4W,AGI,hotctl1h,139.8,False,False,,,0,6,,,0.0,31338202822,19070394,1000,82,731.71,True,0.742,1000,dex,0,421,500,0.842,421,500,15737.82,15737.82,323.0,323.0,,,,,,,,,
1788781895,DmEVYJpUVdmcxAJk4SAzy311djKdFtzEjj8pwQrJQ3ut,LEVERCAT,hotctl1h,180.8,False,False,,,0,6,,,0.0,104079287589,19070394,1000,64,937.5,True,0.983,1000,dex,0,1568,756,2.074,1568,756,128368.38,128368.38,87.7,87.7,24839.83,,,,,,,,
1788781895,2bcNpf4RULbzgJMaVtkVz4r9pQY9TZfoMvJqQNeoD95t,Nitya,hotctl1h,166.8,False,False,,,0,6,,,2.189518646240156,155001175487,19070394,1000,188,319.15,True,0.343,1000,dex,0,514,448,1.147,514,448,44845.32,44845.32,42.78,42.78,21700.35,,,,,,,,
1788782038,6H2GtRFBrmZpzD2p4yys9quptTYqy4hTdztaSTVYwfqb,Nitya,hotctl,191.8,False,False,,,0,6,,,1.3898725677731416,81546199623,19065705,1000,102,588.24,True,0.683,1000,dex,0,1420,621,2.287,1420,621,131733.47,131733.47,184.0,184.0,30472.99,,,,,,,,
1788782038,GtVDPewAhoXmw7VGBXpR7j7AVi3AM4ufygpktgCMJX9n,FTT,hotctl,195.8,False,False,,,0,6,,,0.0,107313476189,19065705,1000,99,606.06,True,0.816,1000,dex,0,2558,564,4.535,2579,567,215693.08,217582.45,64.89,84.29,25948.12,,,,,,,,
1788782038,7wVCNy1x18TQCS2XYNbv9QJCPVqXgBk9Fob43vPzpump,Capitalism,hotctl,216.8,False,False,,,0,6,,,0.1393562302539333,292818715101,19065705,1000,247,242.91,True,0.735,1000,dex,0,452,264,1.712,452,264,25537.8,25537.8,70.76,70.76,,,,,,,,,
1788782038,6H2GtRFBrmZpzD2p4yys9quptTYqy4hTdztaSTVYwfqb,Nitya,hotctl1h,191.8,False,False,,,0,6,,,0.0,84967302773,19065705,1000,102,588.24,True,0.683,1000,dex,0,1420,621,2.287,1420,621,131733.47,131733.47,184.0,184.0,30472.99,,,,,,,,
1788782038,GtVDPewAhoXmw7VGBXpR7j7AVi3AM4ufygpktgCMJX9n,FTT,hotctl1h,195.8,False,False,,,0,6,,,0.0,109701115673,19065705,1000,99,606.06,True,0.816,1000,dex,0,2558,564,4.535,2579,567,215693.08,217582.45,64.89,84.29,25948.12,,,,,,,,
1788782038,7wVCNy1x18TQCS2XYNbv9QJCPVqXgBk9Fob43vPzpump,Capitalism,hotctl1h,216.8,False,False,,,0,6,,,0.6301307487626321,313018915968,19065705,1000,247,242.91,True,0.735,1000,dex,0,452,264,1.712,452,264,25537.8,25537.8,70.76,70.76,,,,,,,,,
1788782211,7wVCNy1x18TQCS2XYNbv9QJCPVqXgBk9Fob43vPzpump,Capitalism,organic,389.8,False,False,,,0,6,,,1.3415775946752877,340674213536,19072213,1000,247,242.91,True,0.735,1000,dex,0,452,264,1.712,452,264,25537.8,25537.8,70.76,70.76,,,,,,,,,
1788782211,5BBhZerhNbci3C96x6UYK9ppGe8Php2L6hvtQXokF1k5,LUNA,organic,199.8,False,False,,,0,6,,,0.0,51543667590,19072213,894,246,218.05,False,0.0224,894,dex,0,473,217,2.18,473,217,63158.0,63158.0,133.0,133.0,35548.17,,,,,,,,
1788782211,GxA3aqktKnKZwaKGLzrELZLxRaPebnPZvat5NrkbEAST,Cutecat,hotctl,208.8,False,False,,,0,6,,,0.14028648836700858,181941846241,19072213,1000,104,576.92,True,0.746,1000,dex,0,1171,606,1.932,1171,606,112460.8,112460.8,55.35,55.35,18844.61,,,,,,,,
1788782211,5BBhZerhNbci3C96x6UYK9ppGe8Php2L6hvtQXokF1k5,LUNA,hotctl,199.8,False,False,,,0,6,,,0.273310680014396,50442651908,19072213,894,246,218.05,False,0.0224,894,dex,0,473,217,2.18,473,217,63158.0,63158.0,133.0,133.0,35548.17,,,,,,,,
1788782211,GXUyHGTKt4UdQtDuxZo5TyqwSVvMAvJAVYzkBR5kpump,Cutecat,hotctl,212.8,False,False,,,0,6,,,1.2686608480258144,137986648761,19072213,1000,189,317.46,True,0.474,1000,dex,0,546,382,1.429,546,382,46479.68,46479.68,318.0,318.0,,,,,,,,,
1788782211,4sBdgwrvS644G1PW4rtvk9B7rCH5VcgovzZVac8V9e9M,LEVERCAT,hotctl,236.8,False,False,,,0,6,,,0.4119996454049267,175649530025,19072213,1000,233,257.51,True,0.314,1000,dex,0,768,203,3.783,768,203,39865.73,39865.73,26.39,26.39,20176.29,,,,,,,,
1788782211,HmdqDwVJSsGN28EBNPQqFAnsmmWyG31GR5aJ513Ydtwx,HOODSHOP,hotctl,241.8,False,False,,,0,6,,,0.2069729358852229,154120662552,19072213,1000,104,576.92,True,0.796,1000,dex,0,2241,358,6.26,2261,360,70335.26,70473.63,28.43,30.88,20240.52,,,,,,,,
1788782211,7wVCNy1x18TQCS2XYNbv9QJCPVqXgBk9Fob43vPzpump,Capitalism,organic1h,389.8,False,False,,,0,6,,,1.566009097614732,338322419154,19072213,1000,247,242.91,True,0.735,1000,dex,0,452,264,1.712,452,264,25537.8,25537.8,70.76,70.76,,,,,,,,,
1788782211,5BBhZerhNbci3C96x6UYK9ppGe8Php2L6hvtQXokF1k5,LUNA,organic1h,199.8,False,False,,,0,6,,,0.19708063704201875,52514436769,19072213,894,246,218.05,False,0.0224,894,dex,0,473,217,2.18,473,217,63158.0,63158.0,133.0,133.0,35548.17,,,,,,,,
1788782211,7LW22BfDWDgPr8q1jTXrQb3E7s8Krr4CbWt6EckT4AfM,CHOMP,hotctl1h,169.8,False,False,,,0,6,,,1.8058087941193044,36425257118,19072213,1000,81,740.74,True,0.715,1000,dex,0,539,650,0.829,539,650,19426.66,19426.66,317.0,317.0,,,,,,,,,
1788782211,GxA3aqktKnKZwaKGLzrELZLxRaPebnPZvat5NrkbEAST,Cutecat,hotctl1h,208.8,False,False,,,0,6,,,0.0,140184572914,19072213,1000,104,576.92,True,0.746,1000,dex,0,1171,606,1.932,1171,606,112460.8,112460.8,55.35,55.35,18844.61,,,,,,,,
1788782211,5BBhZerhNbci3C96x6UYK9ppGe8Php2L6hvtQXokF1k5,LUNA,hotctl1h,199.8,False,False,,,0,6,,,1.3853232766370172,52245980259,19072213,894,246,218.05,False,0.0224,894,dex,0,473,217,2.18,473,217,63158.0,63158.0,133.0,133.0,35548.17,,,,,,,,
1788782211,GXUyHGTKt4UdQtDuxZo5TyqwSVvMAvJAVYzkBR5kpump,Cutecat,hotctl1h,212.8,False,False,,,0,6,,,1.417600779632591,123799255313,19072213,1000,189,317.46,True,0.474,1000,dex,0,546,382,1.429,546,382,46479.68,46479.68,318.0,318.0,,,,,,,,,
1788782211,4sBdgwrvS644G1PW4rtvk9B7rCH5VcgovzZVac8V9e9M,LEVERCAT,hotctl1h,236.8,False,False,,,0,6,,,0.0,185378706631,19072213,1000,233,257.51,True,0.314,1000,dex,0,768,203,3.783,768,203,39865.73,39865.73,26.39,26.39,20176.29,,,,,,,,
1788782211,HmdqDwVJSsGN28EBNPQqFAnsmmWyG31GR5aJ513Ydtwx,HOODSHOP,hotctl1h,241.8,False,False,,,0,6,,,0.0,169132396066,19072213,1000,104,576.92,True,0.796,1000,dex,0,2241,358,6.26,2261,360,70335.26,70473.63,28.43,30.88,20240.52,,,,,,,,
1788782430,22LNh5oNGp22xHoudkRfN1rwJMAW4vQgqiH5RR8dpump,Amazoon,hotctl,290.5,False,False,,,0,6,,,1.145154390378134,14253107781,19054863,1000,130,461.54,True,0.301,1000,dex,0,450,73,6.164,450,73,35483.93,35483.93,84.22,84.22,30338.31,,,,,0.9877,,,
1788782430,EbUgF4k4Du8N5uwdsrWkMXkJ2okdqEwDxfMvqvqFKr5J,Cutecat,hotctl,304.5,False,False,,,0,6,,,1.9068475449184334,47979590717,19054863,1000,176,340.91,True,0.564,1000,dex,0,845,57,14.825,845,57,24609.22,24609.22,185.0,185.0,23537.93,,,,,,,,
1788782430,7vPfBKuboggdWrqpo3Ufw8UPgevhzQcNNCVsFktZkrzT,LEVERCAT,hotctl,332.5,False,False,,,0,6,,,2.726873972293859,42629262555,19054863,1000,67,895.52,True,0.976,1000,dex,0,891,385,2.314,891,385,63712.72,63712.72,42.96,42.96,21516.79,,,,,,,,
1788782430,4bNr3x1mSKPw5sb3pyUkJTpSeZ4kigwniuaVCReGXBdP,Cutecat,hotctl,331.5,False,False,,,0,6,,,0.0,89697742428,19054863,1000,127,472.44,True,0.376,1000,dex,0,463,196,2.362,463,196,42827.02,42827.02,78.59,78.59,24260.96,,,,,,,,
1788782430,uUMv7qqANodrkLgZ5DKv1W8ZtpHZcRRJGZ2fcThpump,TESLOTH,hotctl,186.5,False,False,,,0,6,,,2.929839330301692,34378949625,19054863,1000,25,2400.0,True,0.997,1000,dex,0,481,351,1.37,481,351,80283.19,80283.19,13.4,13.4,17406.04,,,,,0.0148,,,
1788782430,22LNh5oNGp22xHoudkRfN1rwJMAW4vQgqiH5RR8dpump,Amazoon,hotctl1h,290.5,False,False,,,0,6,,,1.2058210499090367,13715984623,19054863,1000,130,461.54,True,0.301,1000,dex,0,450,73,6.164,450,73,35483.93,35483.93,84.22,84.22,30338.31,,,,,0.9877,,,
1788782430,EbUgF4k4Du8N5uwdsrWkMXkJ2okdqEwDxfMvqvqFKr5J,Cutecat,hotctl1h,304.5,False,False,,,0,6,,,1.709938210548553,47067158684,19054863,1000,176,340.91,True,0.564,1000,dex,0,845,57,14.825,845,57,24609.22,24609.22,185.0,185.0,23537.93,,,,,,,,
1788782430,7vPfBKuboggdWrqpo3Ufw8UPgevhzQcNNCVsFktZkrzT,LEVERCAT,hotctl1h,332.5,False,False,,,0,6,,,1.3449013363125986,43876726304,19054863,1000,67,895.52,True,0.976,1000,dex,0,891,385,2.314,891,385,63712.72,63712.72,42.96,42.96,21516.79,,,,,,,,
1788782430,4bNr3x1mSKPw5sb3pyUkJTpSeZ4kigwniuaVCReGXBdP,Cutecat,hotctl1h,331.5,False,False,,,0,6,,,1.3585973922078303,90162605862,19054863,1000,127,472.44,True,0.376,1000,dex,0,463,196,2.362,463,196,42827.02,42827.02,78.59,78.59,24260.96,,,,,,,,
1788782430,uUMv7qqANodrkLgZ5DKv1W8ZtpHZcRRJGZ2fcThpump,TESLOTH,hotctl1h,186.5,False,False,,,0,6,,,4.45696409325789,31384401212,19054863,1000,25,2400.0,True,0.997,1000,dex,0,481,351,1.37,481,351,80283.19,80283.19,13.4,13.4,17406.04,,,,,0.0148,,,
1788782659,8M8h9K8dPAG16FbUYTnXZyMtuvT8xYJosmhKr8jkSUkN,Cutecat,organic,200.1,False,False,,,0,6,,,0.0,5930782802,19050978,750,339,132.74,False,0.1551,748,dex,0,325,285,1.14,327,285,33708.64,37693.7,-8.99,37.22,22643.91,,,,,,,,
1788782659,2Lozv95zX5YozWvomezSixg3MgyX3Nga1F9Zg7FjUdST,Drone,organic,340.1,False,False,,,0,6,,,0.09589862755925758,104801055997,19050978,1000,274,218.98,True,0.0,1000,dex,0,580,250,2.32,797,348,58365.29,82836.73,17.48,50.68,32187.84,,,,,,,,
1788782659,8M8h9K8dPAG16FbUYTnXZyMtuvT8xYJosmhKr8jkSUkN,Cutecat,hotctl,200.1,False,False,,,0,6,,,1.541262504508393,5762580454,19050978,750,339,132.74,False,0.1551,748,dex,0,325,285,1.14,327,285,33708.64,37693.7,-8.99,37.22,22643.91,,,,,,,,
1788782659,2oSQ8YEuakrnLdMaea1sUfcnWx4yCRtT1aTermPvsnBq,Cutecat,hotctl,227.1,False,False,,,0,6,,,0.0,42797429047,19050978,1000,82,731.71,True,0.66,1000,dex,0,606,724,0.837,614,726,23406.85,24276.81,32.26,287.0,,,,,,,,,
1788782659,AB6cNd2jFmpNF8L3St7wSpg4fsb6VqXEWXZU4AFmU11j,Cutecat,hotctl,237.1,False,False,,,0,6,,,0.6146145950425135,64369106600,19050978,1000,155,387.1,True,0.394,1000,dex,0,1094,274,3.993,1149,292,124227.37,140669.07,33.81,152.0,24557.65,,,,,,,,
1788782659,DZBBifstw1i9aqvHqoCGDx2WxvR7mjdu3cKGC3CLpump,ZJAK,hotctl,252.1,False,False,,,0,6,,,0.0,32091508459,19050978,1000,34,1764.71,True,0.976,1000,dex,0,774,723,1.071,927,795,178919.51,198286.24,8.82,44.55,20198.0,,,,,,,,
1788782659,7HfSXMN1VUQ7NrgsUyA8JhUWnfxA5gexZQP4iEMnQF1J,Cutecat,hotctl,268.1,False,False,,,0,6,,,0.0,115397271059,19050978,1000,208,288.46,True,0.317,1000,dex,0,899,235,3.826,1099,283,77049.77,87024.83,146.0,186.0,30449.98,,,,,,,,
1788782659,2Lozv95zX5YozWvomezSixg3MgyX3Nga1F9Zg7FjUdST,Drone,hotctl,340.1,False,False,,,0,6,,,0.42414004341250744,105485052868,19050978,1000,274,218.98,True,0.0,1000,dex,0,580,250,2.32,797,348,58365.29,82836.73,17.48,50.68,32187.84,,,,,,,,
1788782659,8M8h9K8dPAG16FbUYTnXZyMtuvT8xYJosmhKr8jkSUkN,Cutecat,organic1h,200.1,False,False,,,0,6,,,0.5253496561084364,5595891073,19050978,750,339,132.74,False,0.1551,748,dex,0,325,285,1.14,327,285,33708.64,37693.7,-8.99,37.22,22643.91,,,,,,,,
1788782659,2Lozv95zX5YozWvomezSixg3MgyX3Nga1F9Zg7FjUdST,Drone,organic1h,340.1,False,False,,,0,6,,,0.0,106994438614,19050978,1000,274,218.98,True,0.0,1000,dex,0,580,250,2.32,797,348,58365.29,82836.73,17.48,50.68,32187.84,,,,,,,,
1788782659,8M8h9K8dPAG16FbUYTnXZyMtuvT8xYJosmhKr8jkSUkN,Cutecat,hotctl1h,200.1,False,False,,,0,6,,,0.0,5657952046,19050978,750,339,132.74,False,0.1551,748,dex,0,325,285,1.14,327,285,33708.64,37693.7,-8.99,37.22,22643.91,,,,,,,,
1788782659,2oSQ8YEuakrnLdMaea1sUfcnWx4yCRtT1aTermPvsnBq,Cutecat,hotctl1h,227.1,False,False,,,0,6,,,0.3549502812749725,43632737243,19050978,1000,82,731.71,True,0.66,1000,dex,0,606,724,0.837,614,726,23406.85,24276.81,32.26,287.0,,,,,,,,,
1788782659,AB6cNd2jFmpNF8L3St7wSpg4fsb6VqXEWXZU4AFmU11j,Cutecat,hotctl1h,237.1,False,False,,,0,6,,,0.0,58774323110,19050978,1000,155,387.1,True,0.394,1000,dex,0,1094,274,3.993,1149,292,124227.37,140669.07,33.81,152.0,24557.65,,,,,,,,
1788782659,DZBBifstw1i9aqvHqoCGDx2WxvR7mjdu3cKGC3CLpump,ZJAK,hotctl1h,252.1,False,False,,,0,6,,,0.5801863224666048,31583667349,19050978,1000,34,1764.71,True,0.976,1000,dex,0,774,723,1.071,927,795,178919.51,198286.24,8.82,44.55,20198.0,,,,,,,,
1788782659,7HfSXMN1VUQ7NrgsUyA8JhUWnfxA5gexZQP4iEMnQF1J,Cutecat,hotctl1h,268.1,False,False,,,0,6,,,0.0,111999806681,19050978,1000,208,288.46,True,0.317,1000,dex,0,899,235,3.826,1099,283,77049.77,87024.83,146.0,186.0,30449.98,,,,,,,,
1788782659,2Lozv95zX5YozWvomezSixg3MgyX3Nga1F9Zg7FjUdST,Drone,hotctl1h,340.1,False,False,,,0,6,,,0.0,107241330948,19050978,1000,274,218.98,True,0.0,1000,dex,0,580,250,2.32,797,348,58365.29,82836.73,17.48,50.68,32187.84,,,,,,,,
1788782914,Ge6rAm237dwWXkgkVfKSxCMJRJ3HwMDD6R52gcSjpump,JUMPFUN,hotctl,222.2,False,False,,,0,6,,,1.002589826211394,13242901101,19037291,1000,79,759.49,True,0.765,1000,dex,0,2113,476,4.439,2128,476,91847.52,99221.99,16.64,116.0,33733.06,,,,,0.0988,,,
1788782914,6MWixd7qnipQ8gqmgaTYRo8kYNkWhCSUuapSswcupump,OpenAI,hotctl,252.2,False,False,,,0,6,,,1.0204629984564804,928900705,19037291,1000,18,3333.33,True,0.997,1000,dex,0,2277,830,2.743,2346,846,321.13,52388.52,4.49,4753.0,123360.19,,,,,85.0054,,,
1788782914,Ge6rAm237dwWXkgkVfKSxCMJRJ3HwMDD6R52gcSjpump,JUMPFUN,hotctl1h,222.2,False,False,,,0,6,,,3.067081518621242,12700563456,19037291,1000,79,759.49,True,0.765,1000,dex,0,2113,476,4.439,2128,476,91847.52,99221.99,16.64,116.0,33733.06,,,,,0.0988,,,
1788782914,6MWixd7qnipQ8gqmgaTYRo8kYNkWhCSUuapSswcupump,OpenAI,hotctl1h,252.2,False,False,,,0,6,,,0.7342892671457677,928502293,19037291,1000,18,3333.33,True,0.997,1000,dex,0,2277,830,2.743,2346,846,321.13,52388.52,4.49,4753.0,123360.19,,,,,85.0054,,,
1788783060,CeGLSkRL189iMYNETcqLufzQBujqmadV1j2pc9ePW84Q,Cutecat,organic,239.3,False,False,,,0,6,,,0.9106855431763174,91798010411,19040524,620,275,135.27,False,0.0613,620,dex,0,375,179,2.095,375,179,7840.27,7840.27,82.85,82.85,,,,,,,,,
1788783060,GxYYnjSc5PwtPcBPZd4NYDcs5qrZVGUbZVCqXD6jpump,SCHMIDT,hotctl,219.3,False,False,,,0,6,,,1.1301251468225662,608353395522,19040524,1000,229,262.01,True,0.727,1000,dex,0,339,290,1.169,339,290,25830.92,25830.92,17.23,17.23,,,,,,3.0,,,
1788783060,CeGLSkRL189iMYNETcqLufzQBujqmadV1j2pc9ePW84Q,Cutecat,hotctl,239.3,False,False,,,0,6,,,0.9121333313322001,91798010411,19040524,620,275,135.27,False,0.0613,620,dex,0,375,179,2.095,375,179,7840.27,7840.27,82.85,82.85,,,,,,,,,
1788783060,CeGLSkRL189iMYNETcqLufzQBujqmadV1j2pc9ePW84Q,Cutecat,organic1h,239.3,False,False,,,0,6,,,0.9140401903217086,91798010411,19040524,620,275,135.27,False,0.0613,620,dex,0,375,179,2.095,375,179,7840.27,7840.27,82.85,82.85,,,,,,,,,
1788783060,GxYYnjSc5PwtPcBPZd4NYDcs5qrZVGUbZVCqXD6jpump,SCHMIDT,hotctl1h,219.3,False,False,,,0,6,,,1.127448120352192,608353395522,19040524,1000,229,262.01,True,0.727,1000,dex,0,339,290,1.169,339,290,25830.92,25830.92,17.23,17.23,,,,,,3.0,,,
1788783060,CeGLSkRL189iMYNETcqLufzQBujqmadV1j2pc9ePW84Q,Cutecat,hotctl1h,239.3,False,False,,,0,6,,,0.9110427642685665,91798010411,19040524,620,275,135.27,False,0.0613,620,dex,0,375,179,2.095,375,179,7840.27,7840.27,82.85,82.85,,,,,,,,,
1788783060,FJGxwrBUwyLodSFhYbHnfkL89e5rBjfgEmGdQ6i1bcZa,Pumpcoin,hotctl1h,265.3,False,False,,,0,6,,,0.0,179782326695,19040524,1000,259,231.66,True,0.453,1000,dex,0,442,332,1.331,442,332,34803.2,34803.2,211.0,211.0,,,,,,3.4268,,,
1788783377,5c4t4ksJkoUXTs8mzYdT2pfGDSvvcFvmGULVBg1uD3J8,Pumpcoin,hotctl,272.8,False,False,,,0,6,,,0.7773887129898813,118575635358,19044050,1000,141,425.53,True,0.456,1000,dex,0,1139,729,1.562,1150,731,167532.36,167747.2,66.7,70.69,24080.84,,,,,,,,
1788783377,FZpngrJ1Z2BbAthurPHVQT3eBqQkK37wnJJCDpD2pump,zcatfone,hotctl,288.8,False,False,,,0,6,,,1.0608123032673598,18785406724,19044050,1000,55,1090.91,True,0.843,1000,dex,0,795,278,2.86,833,301,154056.55,168884.8,-25.92,42.71,25807.55,,,,,,,,
1788783377,Bk2TWmAeTh7cLPaRw4DAuKM1NZRgxh21KXx88YBJ23iL,南北绿豆,hotctl,288.8,False,False,,,0,6,,,0.0,126490732883,19044050,1000,108,555.56,True,0.832,1000,dex,0,2581,679,3.801,2648,685,236555.5,238388.49,34.06,59.61,24253.68,,,,,,,,
1788783377,24Z8ZK5TGWA7ivdZeYH1w1xgr6CGVYsPcnE4GSy3pump,TOAD,hotctl,146.8,False,False,,,0,6,,,1.563849727323929,41843191993,19044050,1000,32,1875.0,True,0.997,1000,dex,0,2357,1476,1.597,2357,1476,217852.26,217852.26,-10.42,-10.42,15386.83,,,,,,,,
1788783377,5c4t4ksJkoUXTs8mzYdT2pfGDSvvcFvmGULVBg1uD3J8,Pumpcoin,hotctl1h,272.8,False,False,,,0,6,,,0.6829510834558261,126779483925,19044050,1000,141,425.53,True,0.456,1000,dex,0,1139,729,1.562,1150,731,167532.36,167747.2,66.7,70.69,24080.84,,,,,,,,
1788783377,FZpngrJ1Z2BbAthurPHVQT3eBqQkK37wnJJCDpD2pump,zcatfone,hotctl1h,288.8,False,False,,,0,6,,,4.297401092107408,19664374540,19044050,1000,55,1090.91,True,0.843,1000,dex,0,795,278,2.86,833,301,154056.55,168884.8,-25.92,42.71,25807.55,,,,,,,,
1788783377,Bk2TWmAeTh7cLPaRw4DAuKM1NZRgxh21KXx88YBJ23iL,南北绿豆,hotctl1h,288.8,False,False,,,0,6,,,0.0,126828440024,19044050,1000,108,555.56,True,0.832,1000,dex,0,2581,679,3.801,2648,685,236555.5,238388.49,34.06,59.61,24253.68,,,,,,,,
1788783377,24Z8ZK5TGWA7ivdZeYH1w1xgr6CGVYsPcnE4GSy3pump,TOAD,hotctl1h,146.8,False,False,,,0,6,,,0.08812738339214263,41743560889,19044050,1000,32,1875.0,True,0.997,1000,dex,0,2357,1476,1.597,2357,1476,217852.26,217852.26,-10.42,-10.42,15386.83,,,,,,,,
1788783517,94wvqrmugohowaZTDiaiP8xsMsH6zhRgyyuLMtEfWZ3p,LUNA,organic,442.8,False,False,,,0,6,,,0.0,115578037836,19037937,1000,409,146.7,True,0.0245,734,dex,0,505,61,8.279,929,119,9213.2,20536.52,3.97,2.59,31527.86,,,,,,,,
1788783517,94wvqrmugohowaZTDiaiP8xsMsH6zhRgyyuLMtEfWZ3p,LUNA,hotctl,442.8,False,False,,,0,6,,,0.0,115577929494,19037937,1000,409,146.7,True,0.0245,734,dex,0,505,61,8.279,929,119,9213.2,20536.52,3.97,2.59,31527.86,,,,,,,,
1788783517,94wvqrmugohowaZTDiaiP8xsMsH6zhRgyyuLMtEfWZ3p,LUNA,organic1h,442.8,False,False,,,0,6,,,0.0,115577856322,19037937,1000,409,146.7,True,0.0245,734,dex,0,505,61,8.279,929,119,9213.2,20536.52,3.97,2.59,31527.86,,,,,,,,
1788783517,94wvqrmugohowaZTDiaiP8xsMsH6zhRgyyuLMtEfWZ3p,LUNA,hotctl1h,442.8,False,False,,,0,6,,,0.0,115577782194,19037937,1000,409,146.7,True,0.0245,734,dex,0,505,61,8.279,929,119,9213.2,20536.52,3.97,2.59,31527.86,,,,,,,,
1788783650,FZpngrJ1Z2BbAthurPHVQT3eBqQkK37wnJJCDpD2pump,zcatfone,organic,561.3,False,False,,,0,6,,,1.184285980302169,13689774457,18997383,1000,55,1090.91,True,0.843,1000,dex,0,1223,138,8.862,2088,440,102267.65,273386.9,14.31,76.17,29097.84,,,,,,,,
1788783650,2JeDt3983rfMuBGCpExKRDSf5bjeCgF1PxC3RuLgfRiu,POPFISH,hotctl,477.3,False,False,,,0,6,,,0.0,150992929655,18997383,1000,142,422.54,True,0.497,1000,dex,0,1253,743,1.686,3014,1141,148199.57,229908.09,-27.71,45.88,22168.78,,,,,,,,
1788783650,FZpngrJ1Z2BbAthurPHVQT3eBqQkK37wnJJCDpD2pump,zcatfone,organic1h,561.3,False,False,,,0,6,,,1.200042639565538,13881570770,18997383,1000,55,1090.91,True,0.843,1000,dex,0,1223,138,8.862,2088,440,102267.65,273386.9,14.31,76.17,29097.84,,,,,,,,
1788783650,2JeDt3983rfMuBGCpExKRDSf5bjeCgF1PxC3RuLgfRiu,POPFISH,hotctl1h,477.3,False,False,,,0,6,,,1.1345144794048578,150992929655,18997383,1000,142,422.54,True,0.497,1000,dex,0,1253,743,1.686,3014,1141,148199.57,229908.09,-27.71,45.88,22168.78,,,,,,,,
