ts,mint,symbol,arm,entry_lag_s,mint_authority,freeze_authority,top1_share,top5_share,holders_sampled,decimals,danger,holders_error,price_impact_pct,quoted_out,sol_in_lamports,tx_count,tx_span_s,tx_per_min,tx_capped,source,boosts,m5_buys,m5_sells,buy_ratio_m5,h1_buys,h1_sells,vol_m5_usd,vol_h1_usd,chg_m5_pct,chg_h1_pct,liquidity_usd
1788293990,9KdsXLcX8Hk1SMJhobT9SMLDEvY1fm5XCbBB3GTYpump,PUMPONS,wait120,,False,False,,,0,6,,,2.4495624308376316,254008424353,19950934,1000,282,212.77,True,,,,,,,,,,,,
1788293990,Ge2x1ERWLtQxuPCgaSwipZwADL7fsnfx9oGVx5nYpump,APEBUTT,dexctl,309.4,False,False,,,0,6,,,2.3394146308781982,16778473853,19950934,1000,136,441.18,True,boost,50,1130,532,2.124,1633,781,60737.54,83314.4,16.08,127.0,30650.11
1788293990,bykrhkExmjWco2mFxKGX3XPmPVaZB9JJp9MkRe8pump,Shrek,dexctl,217.4,False,False,,,0,6,,,1.6015033809850536,14561418617,19950934,1000,171,350.88,True,boost,30,760,708,1.073,1089,859,104670.4,182785.14,15.34,238.0,29957.06
1788293990,FBFSVbKL5ztEeD1mXFxrvaR7AjVfZAjd2j4W2yMJpump,Fine,dexctl,2481.4,False,False,,,0,6,,,1.2739386715016776,8854807448,19950934,1000,148,405.41,True,boost,500,157,129,1.217,1846,1689,30259.17,299183.77,-12.15,476.0,39421.57
1788293990,8cuVZs6pefNwdNqd7ALAWs9PmkmMMboGdW5oky2X1XmT,PUMPONS,dexctl,209.4,False,False,,,0,6,,,0.0,620645942513738,19950934,435,138,189.13,False,dex,0,222,61,3.639,227,61,1843.58,2648.15,43.37,140.0,
1788293990,Ge2x1ERWLtQxuPCgaSwipZwADL7fsnfx9oGVx5nYpump,APEBUTT,boost,309.4,False,False,,,0,6,,,1.28131833061184,15978069492,19950934,1000,136,441.18,True,boost,50,1130,532,2.124,1633,781,60737.54,83314.4,16.08,127.0,30650.11
1788293990,bykrhkExmjWco2mFxKGX3XPmPVaZB9JJp9MkRe8pump,Shrek,boost,217.4,False,False,,,0,6,,,2.3819178020826146,14273330003,19950934,1000,171,350.88,True,boost,30,760,708,1.073,1089,859,104670.4,182785.14,15.34,238.0,29957.06
1788293990,FBFSVbKL5ztEeD1mXFxrvaR7AjVfZAjd2j4W2yMJpump,Fine,boost,2481.4,False,False,,,0,6,,,1.494346128585153,9211450130,19950934,1000,148,405.41,True,boost,500,157,129,1.217,1846,1689,30259.17,299183.77,-12.15,476.0,39421.57
1788293990,Ge2x1ERWLtQxuPCgaSwipZwADL7fsnfx9oGVx5nYpump,APEBUTT,boost1h,309.4,False,False,,,0,6,,,0.8743787660302269,15953022449,19950934,1000,136,441.18,True,boost,50,1130,532,2.124,1633,781,60737.54,83314.4,16.08,127.0,30650.11
1788293990,bykrhkExmjWco2mFxKGX3XPmPVaZB9JJp9MkRe8pump,Shrek,boost1h,217.4,False,False,,,0,6,,,1.5915137695882546,14080902121,19950934,1000,171,350.88,True,boost,30,760,708,1.073,1089,859,104670.4,182785.14,15.34,238.0,29957.06
1788293990,FBFSVbKL5ztEeD1mXFxrvaR7AjVfZAjd2j4W2yMJpump,Fine,boost1h,2481.4,False,False,,,0,6,,,0.82160449321718,9211450130,19950934,1000,148,405.41,True,boost,500,157,129,1.217,1846,1689,30259.17,299183.77,-12.15,476.0,39421.57
1788293990,Ge2x1ERWLtQxuPCgaSwipZwADL7fsnfx9oGVx5nYpump,APEBUTT,surge,309.4,False,False,,,0,6,,,0.9336861669233377,15647682360,19950934,1000,136,441.18,True,boost,50,1130,532,2.124,1633,781,60737.54,83314.4,16.08,127.0,30650.11
1788293990,8cuVZs6pefNwdNqd7ALAWs9PmkmMMboGdW5oky2X1XmT,PUMPONS,surge,209.4,False,False,,,0,6,,,0.0,620645942513738,19950934,435,138,189.13,False,dex,0,222,61,3.639,227,61,1843.58,2648.15,43.37,140.0,
1788293990,AwGcySL31wYPqeyHaBcDA356FZEUW2J9WZh8spM8pump,FROGGY,surge,195.4,False,False,,,0,6,,,2.3563062430182127,230816913884,19950934,1000,423,141.84,True,dex,0,98,36,2.722,98,36,6602.44,6602.44,179.0,179.0,
1788293990,CWmduRzgszDfFzRvBUcyvvCsix7xnuM5XkRxDHCC5Vdg,KIP,surge,209.4,False,False,,,0,6,,,1.216937317485461,137371708923,19950934,1000,98,612.24,True,dex,0,1418,589,2.407,1517,609,184934.04,190091.61,63.58,112.0,25643.52
1788293990,Ge2x1ERWLtQxuPCgaSwipZwADL7fsnfx9oGVx5nYpump,APEBUTT,surge1h,309.4,False,False,,,0,6,,,0.0,20634936460,19950934,1000,136,441.18,True,boost,50,1130,532,2.124,1633,781,60737.54,83314.4,16.08,127.0,30650.11
1788293990,8cuVZs6pefNwdNqd7ALAWs9PmkmMMboGdW5oky2X1XmT,PUMPONS,surge1h,209.4,False,False,,,0,6,,,0.0,620645942513738,19950934,435,138,189.13,False,dex,0,222,61,3.639,227,61,1843.58,2648.15,43.37,140.0,
1788293990,AwGcySL31wYPqeyHaBcDA356FZEUW2J9WZh8spM8pump,FROGGY,surge1h,195.4,False,False,,,0,6,,,2.090179697825226,218410567079,19950934,1000,423,141.84,True,dex,0,98,36,2.722,98,36,6602.44,6602.44,179.0,179.0,
1788293990,CWmduRzgszDfFzRvBUcyvvCsix7xnuM5XkRxDHCC5Vdg,KIP,surge1h,209.4,False,False,,,0,6,,,1.375762936015526,131255412078,19950934,1000,98,612.24,True,dex,0,1418,589,2.407,1517,609,184934.04,190091.61,63.58,112.0,25643.52
1788293990,Ge2x1ERWLtQxuPCgaSwipZwADL7fsnfx9oGVx5nYpump,APEBUTT,volume,309.4,False,False,,,0,6,,,2.0075221507413707,20451078908,19950934,1000,136,441.18,True,boost,50,1130,532,2.124,1633,781,60737.54,83314.4,16.08,127.0,30650.11
1788293990,bykrhkExmjWco2mFxKGX3XPmPVaZB9JJp9MkRe8pump,Shrek,volume,217.4,False,False,,,0,6,,,0.0,17255887469,19950934,1000,171,350.88,True,boost,30,760,708,1.073,1089,859,104670.4,182785.14,15.34,238.0,29957.06
1788293990,GNkUuipTy6ySoBpcAXGriiEG5SNPRSMETUVQWg7bpump,Raijin,volume,163.4,False,False,,,0,6,,,1.2285027322907769,439305558435,19950934,1000,367,163.49,True,dex,0,812,733,1.108,812,733,61162.29,61162.29,39.33,39.33,
1788293990,Ge2x1ERWLtQxuPCgaSwipZwADL7fsnfx9oGVx5nYpump,APEBUTT,deep,309.4,False,False,,,0,6,,,0.9267718259684881,19606434163,19950934,1000,136,441.18,True,boost,50,1130,532,2.124,1633,781,60737.54,83314.4,16.08,127.0,30650.11
1788294316,DKHZsnAc88vRXU5bn6SHoaXf4bunb9zuZwwWQ9nppump,susanito,wait120,122.4,False,False,,,0,6,,,0.0,705722615098,19991085,14,34,24.71,False,,,,,,,,,,,,
1788294316,Hqu97tMBxLf4XkQET7jLCxMR3bFmdArH9UbzgzC2pump,MAX,wait120,120.8,False,False,,,0,6,,,1.214762915050518,705364517314,19991085,759,139,327.63,False,,,,,,,,,,,,
1788294316,aMGmQRmDCTLfimbDa4KVzhfuV3pU7e3DeMchxy2pump,M&N,dexctl,443.4,False,False,,,0,6,,,0.0,705722614252,19991085,1000,42,1428.57,True,dex,0,56,59,0.949,56,59,5540.39,5540.39,-17.36,-17.36,
1788294316,KxHGHaXXb1rtkUvZ4SNG5Xv1n1fNWJv4nWEBndppump,NXTME,boost,4937.4,False,False,,,0,6,,,0.49809339873592556,240370291346,19991085,1000,3300,18.18,True,boost,30,42,23,1.826,668,487,2402.95,48985.34,42.36,-57.13,6384.06
1788294316,KxHGHaXXb1rtkUvZ4SNG5Xv1n1fNWJv4nWEBndppump,NXTME,boost1h,4937.4,False,False,,,0,6,,,1.2405752336738844,240126088754,19991085,1000,3300,18.18,True,boost,30,42,23,1.826,668,487,2402.95,48985.34,42.36,-57.13,6384.06
1788294316,2ywcztRffL34ojrKxNrX4uc5VKUmUsBJskPnCyqppump,MAX,volume,148.4,False,False,,,0,6,,,0.5165116791555905,123322033975,19991085,1000,145,413.79,True,dex,0,1261,939,1.343,1261,939,95118.13,95118.13,450.0,450.0,
1788294316,7fmXNakvKXeamaCAX8Vg43qAwsbSyG9P9aqa5mAb73Mz,404cat,volume,185.4,False,False,,,0,6,,,0.0,139183146607,19991085,1000,117,512.82,True,dex,0,680,420,1.619,680,420,54636.28,54636.28,40.76,40.76,20670.62
1788294316,UfU11sax77zRARDneHCK26E2XGUHUqVQdFPQSq6pump,USMS,deep,524.4,False,False,,,0,6,,,0.9108656922115284,968780050,19991085,328,733,26.85,False,dex,0,8,2,4.0,10,2,190.06,57295.55,484.0,3224.0,140140.82
1788294316,CWmduRzgszDfFzRvBUcyvvCsix7xnuM5XkRxDHCC5Vdg,KIP,deep,535.4,False,False,,,0,6,,,0.8603158621975207,110426543965,19991085,1000,98,612.24,True,dex,0,1418,589,2.407,1517,609,184934.04,190091.61,63.58,112.0,25643.52
1788294316,WhQRvu9FQx1iAST3CzR8yWwdhXvvVopLhWAobtSpump,WOFI,deep,579.4,False,False,,,0,6,,,0.6173831170013612,7549653,19991085,1000,629,95.39,True,dex,0,361,51,7.078,501,57,6265.41,670980.67,0.83,626222.0,1353030.26
1788294592,FQ1yhpWQrcUrXvKUaCoa8KEcqWB8pxstUZP5iQruKEaU,MAX,wait120,127.3,False,False,,,0,6,,,0.0,540989040358412,19991362,639,80,479.25,False,dex,0,156,213,0.732,156,213,5357.36,5357.36,29.91,29.91,
1788294592,8aWPNzRgm93Pg18apTRTSVE3Guzw8ThKznQEfU1zpump,Zghire,wait120,120.3,False,False,,,0,6,,,1.3456425905945906,705732365618,19991362,281,74,227.84,False,dex,0,52,60,0.867,52,60,3368.03,3368.03,-7.96,-7.96,
1788294592,DPkerm1WGMcYNE4C1zKz6GbYngd46jnUAKbu6fbppump,RUFUS,wait120,121.3,False,False,,,0,6,,,1.2429016537930542,701109929073,19991362,11,110,6.0,False,dex,0,5,4,1.25,5,4,364.36,364.36,,,
1788294592,EUQckBVfGGaqsi3y2vqReY6JscB9oYeJycrM1cdLpump,Mario,wait120,121.3,False,False,,,0,6,,,1.2237922478384855,705732366112,19991362,1000,160,375.0,True,dex,0,17,13,1.308,17,13,1196.36,1196.36,-6.21,-6.21,
1788294592,FQ1yhpWQrcUrXvKUaCoa8KEcqWB8pxstUZP5iQruKEaU,MAX,dexctl,127.3,False,False,,,0,6,,,0.0,540989040358412,19991362,639,80,479.25,False,dex,0,156,213,0.732,156,213,5357.36,5357.36,29.91,29.91,
1788294592,8aWPNzRgm93Pg18apTRTSVE3Guzw8ThKznQEfU1zpump,Zghire,dexctl,120.3,False,False,,,0,6,,,1.305891889016779,705732365618,19991362,281,74,227.84,False,dex,0,52,60,0.867,52,60,3368.03,3368.03,-7.96,-7.96,
1788294592,DPkerm1WGMcYNE4C1zKz6GbYngd46jnUAKbu6fbppump,RUFUS,dexctl,121.3,False,False,,,0,6,,,1.2178873753953101,701109929073,19991362,11,110,6.0,False,dex,0,5,4,1.25,5,4,364.36,364.36,,,
1788294592,EUQckBVfGGaqsi3y2vqReY6JscB9oYeJycrM1cdLpump,Mario,dexctl,121.3,False,False,,,0,6,,,1.2638681632054816,705732366112,19991362,1000,160,375.0,True,dex,0,17,13,1.308,17,13,1196.36,1196.36,-6.21,-6.21,
1788294592,FBFSVbKL5ztEeD1mXFxrvaR7AjVfZAjd2j4W2yMJpump,Fine,volume,3083.3,False,False,,,0,6,,,1.3791091077765094,7234728206,19991362,1000,178,337.08,True,boost,500,127,65,1.954,2090,1815,15510.84,326033.86,12.49,505.0,40484.52
1788294592,FQ1yhpWQrcUrXvKUaCoa8KEcqWB8pxstUZP5iQruKEaU,MAX,volume,127.3,False,False,,,0,6,,,0.0,540989040358412,19991362,639,80,479.25,False,dex,0,156,213,0.732,156,213,5357.36,5357.36,29.91,29.91,
1788294592,2XRuYWSxTvbPHhRpvHn5DjtkiqdMGB2QWPdGmVUrpump,pumpguy ,volume,188.3,False,False,,,0,6,,,1.174658819852686,179166358235,19991362,1000,277,216.61,True,dex,0,375,211,1.777,375,211,19439.14,19439.14,191.0,191.0,
1788294801,DK16UsAR315gx6Me7vLbLkeNQKs29gMKNcZK2Ndcpump,Profit,wait120,251.5,False,False,,,0,6,,,1.2597091724518175,692855787766,19991112,28,304,5.53,False,dex,0,12,3,4.0,12,3,53.81,53.81,2.52,2.52,
1788294801,3ZsgoNK27vyftteGrhKrbnL2GWknG8Ncd7Anv7Dmpump,Pinhead,wait120,257.5,False,False,,,0,6,,,0.9898368400986098,705723578189,19991112,1000,29,2068.97,True,dex,0,98,123,0.797,98,123,9806.14,9806.14,-26.27,-26.27,
1788294801,DK16UsAR315gx6Me7vLbLkeNQKs29gMKNcZK2Ndcpump,Profit,dexctl,251.5,False,False,,,0,6,,,1.1586131138731433,701089708524,19991112,28,304,5.53,False,dex,0,12,3,4.0,12,3,53.81,53.81,2.52,2.52,
1788294801,3ZsgoNK27vyftteGrhKrbnL2GWknG8Ncd7Anv7Dmpump,Pinhead,dexctl,257.5,False,False,,,0,6,,,0.9683703543271551,705723578189,19991112,1000,29,2068.97,True,dex,0,98,123,0.797,98,123,9806.14,9806.14,-26.27,-26.27,
1788294801,GcbU3dVqdJjKcnzbhfBpaKy48ibXPfGwDnWh132Dpump,SOLCHAN,surge,310.5,False,False,,,0,6,,,0.9879355933987918,16519733440,19991112,1000,119,504.2,True,dex,0,720,131,5.496,720,131,56620.54,56620.54,112.0,112.0,31757.95
1788294801,GcbU3dVqdJjKcnzbhfBpaKy48ibXPfGwDnWh132Dpump,SOLCHAN,surge1h,310.5,False,False,,,0,6,,,3.3820476182756054,14662732255,19991112,1000,119,504.2,True,dex,0,720,131,5.496,720,131,56620.54,56620.54,112.0,112.0,31757.95
1788294801,AMrkDDYytDWT8oEBozR5RWFg1CN49sWSaaGy2TKFCsWR,Pinheads,volume,309.5,False,False,,,0,6,,,0.8996878525213411,457053827989,19991112,1000,236,254.24,True,dex,0,893,666,1.341,893,666,51756.38,51756.38,490.0,490.0,
1788294801,GcbU3dVqdJjKcnzbhfBpaKy48ibXPfGwDnWh132Dpump,SOLCHAN,volume,310.5,False,False,,,0,6,,,1.6751619862191807,11426549640,19991112,1000,119,504.2,True,dex,0,720,131,5.496,720,131,56620.54,56620.54,112.0,112.0,31757.95
1788294801,DYPh6sMxWfc7pLhBzmRe9jKSFuc5q3YTsuavKyuKpump,TWIN,volume,320.5,False,False,,,0,6,,,2.580416583306339,685396673298,19991112,1000,186,322.58,True,dex,0,516,448,1.152,516,448,49733.24,49733.24,15.76,15.76,16613.61
1788294801,GcbU3dVqdJjKcnzbhfBpaKy48ibXPfGwDnWh132Dpump,SOLCHAN,deep,310.5,False,False,,,0,6,,,0.9627385024685539,15518342052,19991112,1000,119,504.2,True,dex,0,720,131,5.496,720,131,56620.54,56620.54,112.0,112.0,31757.95
1788294979,CMzhHnKMVqhj3qZMFRoiqzcnYQiJWawEEFJDFXWFpump,Petey,wait120,261.8,False,False,,,0,6,,,0.0,705423427314,19982605,1000,59,1016.95,True,,,,,,,,,,,,
1788294979,F3x3cG3QiRerfpgYvEFfVWV2an2CAjL5bq8rnGg9pump,FPT,wait120,261.3,False,False,,,0,6,,,0.0,705423427337,19982605,55,11,300.0,False,,,,,,,,,,,,
1788294979,57CPsgHxbdKGrB55LqGoFi86Qe1J7uDPnqhqzFJeJvUG,Pinheads,wait120,261.2,False,False,,,0,6,,,0.0,705423427149,19982605,1000,120,500.0,True,,,,,,,,,,,,
1788294979,FvaH9gh3zDHoa8sNaqYZoXS9jSEh3rUwR5Snvv9npump,NCC,wait120,260.5,False,False,,,0,6,,,0.022886926817724192,705423427337,19982605,1000,178,337.08,True,,,,,,,,,,,,
1788294979,5AaxQnuqwKBmzKPUJRTDGRP5wRMcX2o3CEzqYcwxpump,duck,dexctl,270.3,False,False,,,0,6,,,0.01982789980988722,705423427267,19982605,1000,179,335.2,True,dex,0,6,11,0.545,6,11,2258.4,2258.4,-20.08,-20.08,
1788294979,44HivRciwQyZwzjL5DduNyb14Pq6cmnKNm5uz9c4fLAM,DUCK,dexctl,236.3,False,False,,,0,6,,,0.0,31420574347,19982605,1000,29,2068.97,True,dex,0,1515,1347,1.125,1515,1347,136132.71,136132.71,68.98,68.98,20630.73
1788294979,44HivRciwQyZwzjL5DduNyb14Pq6cmnKNm5uz9c4fLAM,DUCK,volume,236.3,False,False,,,0,6,,,0.046190822627068105,32693375132,19982605,1000,29,2068.97,True,dex,0,1515,1347,1.125,1515,1347,136132.71,136132.71,68.98,68.98,20630.73
1788294979,GX2ZUDhAu2ozfSWnQCHvA6itY3dAVD6u9VDUXNwRpump,Petey,volume,294.3,False,False,,,0,6,,,1.3960654534959034,619467091911,19982605,1000,411,145.99,True,dex,0,504,441,1.143,504,441,44517.85,44517.85,66.48,66.48,
1788294979,bykrhkExmjWco2mFxKGX3XPmPVaZB9JJp9MkRe8pump,Shrek,deep,1206.3,False,False,,,0,6,,,2.2817099154704112,16989872382,19982605,1000,866,69.28,True,boost,30,144,86,1.674,1812,1455,13342.47,265291.75,-10.1,96.99,22601.26
1788295249,9vsnnC6TnK1e6o3XKBS9Fw9DCQ2Uyse7a8xTgZEHpump,DRUMP,wait120,,False,False,,,0,6,,,0.7996937710396161,702730455305,20014340,1000,210,285.71,True,,,,,,,,,,,,
1788295249,3E2iMGEh6J1T472wUnqDFe2wCDTQGRsbmbcu3axnpump,Fortnite,wait120,,False,False,,,0,6,,,1.1761248887215798,470667427888,20014340,1000,182,329.67,True,,,,,,,,,,,,
1788295249,FBFSVbKL5ztEeD1mXFxrvaR7AjVfZAjd2j4W2yMJpump,Fine,surge,3740.4,False,False,,,0,6,,,1.567621987983488,9048362985,20014340,1000,731,82.08,True,boost,500,126,55,2.291,2062,1530,12641.65,324185.55,-27.1,131.0,37237.01
1788295249,FBFSVbKL5ztEeD1mXFxrvaR7AjVfZAjd2j4W2yMJpump,Fine,surge1h,3740.4,False,False,,,0,6,,,0.954286035119014,9048313828,20014340,1000,731,82.08,True,boost,500,126,55,2.291,2062,1530,12641.65,324185.55,-27.1,131.0,37237.01
1788295458,C8eaFiHixrKsNeHYtnGBGtjTSxHQPfnTF9ocvqRLpump,USEFUL,wait120,,False,False,,,0,6,,,0.9921675423212156,639706430350,20033152,1000,281,213.52,True,,,,,,,,,,,,
1788295458,FuV4Y7SvmFVpYKoxWEhgfh3oxTRARomdzDTAAuXupump,onboard,wait120,192.0,False,False,,,0,6,,,0.0,707206656700,20033152,57,11,310.91,False,dex,0,2,2,1.0,2,2,337.91,337.91,-6.27,-6.27,
1788295458,FuV4Y7SvmFVpYKoxWEhgfh3oxTRARomdzDTAAuXupump,onboard,dexctl,192.0,False,False,,,0,6,,,0.0,707206656700,20033152,57,11,310.91,False,dex,0,2,2,1.0,2,2,337.91,337.91,-6.27,-6.27,
1788295458,BU4bb4XG4DiWCdZxsVLYrsQ7hSB2UCDQNoNZETRNpump,Blastar,dexctl,199.0,False,False,,,0,6,,,0.17213134504419897,703710031954,20033152,1000,233,257.51,True,dex,0,28,14,2.0,28,14,995.81,995.81,13.41,13.41,
1788295458,3Ro161JffbUR6gx9ctcKnRzWeeKuQVFeE43i7b6vpump,KURT,dexctl,202.0,False,False,,,0,6,,,0.0,707206655546,20033152,1000,123,487.8,True,dex,0,57,51,1.118,57,51,5084.08,5084.08,-9.43,-9.43,
1788295458,6c72NqEXFC9Q95DCzxp8gogifnuFJKjsbhd8xS1imkUH,SpaceX,surge,217.0,False,False,,,0,6,,,0.7779192209501781,134559164316,20033152,1000,234,256.41,True,dex,0,303,131,2.313,303,131,30522.68,30522.68,20.0,20.0,19273.31
1788295458,8n9aceXce5fAzGBhxAcFnAmUpsfZQo6eDiMrpKxpump,GBTC,surge,294.0,False,False,,,0,6,,,1.0902472906121652,695870137846,20033152,1000,383,156.66,True,dex,0,30,14,2.143,30,14,2257.37,2257.37,14.51,14.51,
1788295458,Hb6nYEmtKj2qNg4rvMmM5TaLitYoWQr43QK4t5KteDij,CERNEY,surge,299.0,False,False,,,0,6,,,0.0,703174648174320,20033152,530,147,216.33,False,dex,0,344,108,3.185,344,108,4075.76,4075.76,128.0,128.0,
1788295458,2WArTEWyG57nF15EpGbMY47DvRN3HoXYUz2MXyuspump,BOLD,surge,312.0,False,False,,,0,6,,,1.1874787393600519,369292730948,20033152,288,525,32.91,False,dex,0,39,5,7.8,39,5,1754.12,1754.12,62.67,62.67,
1788295458,6c72NqEXFC9Q95DCzxp8gogifnuFJKjsbhd8xS1imkUH,SpaceX,surge1h,217.0,False,False,,,0,6,,,0.9856794787053212,123028238981,20033152,1000,234,256.41,True,dex,0,303,131,2.313,303,131,30522.68,30522.68,20.0,20.0,19273.31
1788295458,8n9aceXce5fAzGBhxAcFnAmUpsfZQo6eDiMrpKxpump,GBTC,surge1h,294.0,False,False,,,0,6,,,0.7816634990770047,701147449204,20033152,1000,383,156.66,True,dex,0,30,14,2.143,30,14,2257.37,2257.37,14.51,14.51,
1788295458,Hb6nYEmtKj2qNg4rvMmM5TaLitYoWQr43QK4t5KteDij,CERNEY,surge1h,299.0,False,False,,,0,6,,,0.0,703174648174320,20033152,530,147,216.33,False,dex,0,344,108,3.185,344,108,4075.76,4075.76,128.0,128.0,
1788295458,2WArTEWyG57nF15EpGbMY47DvRN3HoXYUz2MXyuspump,BOLD,surge1h,312.0,False,False,,,0,6,,,1.165874576281387,369292730948,20033152,288,525,32.91,False,dex,0,39,5,7.8,39,5,1754.12,1754.12,62.67,62.67,
1788295458,6c72NqEXFC9Q95DCzxp8gogifnuFJKjsbhd8xS1imkUH,SpaceX,volume,217.0,False,False,,,0,6,,,0.0,123009365374,20033152,1000,234,256.41,True,dex,0,303,131,2.313,303,131,30522.68,30522.68,20.0,20.0,19273.31
1788295458,YNT6eHVf7E5DT7eJ4MddL8S2NK4SergfxUgM9yxpump,VBUCKS,volume,225.0,False,False,,,0,6,,,2.953949059346189,681497393125,20033152,1000,286,209.79,True,dex,0,107,80,1.337,107,80,9702.39,9702.39,108.0,108.0,
1788295458,83KWbgcqnU1cXY2gLtvUK2rbVohE6TXm2szaqRKXPWKV,Focus,volume,293.0,False,False,,,0,6,,,2.353820189476173,254576849552,20033152,1000,391,153.45,True,dex,0,351,261,1.345,351,261,20893.86,20893.86,9.77,9.77,16083.93
1788295792,DubFDqh7K6rVymYCH6TGSHYXKL8ooBrufFgsqQghpump,Chud,wait120,177.7,False,False,,,0,6,,,0.0,708432156782,20067890,12,203,3.55,False,dex,0,5,5,1.0,5,5,414.72,414.72,-3.29,-3.29,
1788295792,3HF6ymayM6qx2sb2c5Xw4t2c5k94vwvRr9JmEmUgpump,GM,wait120,178.7,False,False,,,0,6,,,1.3931745985692074,247372801301,20067890,155,259,35.91,False,dex,0,29,4,7.25,29,4,2114.26,2114.26,19.94,19.94,
1788295792,SKTsjupoJ6HrExnDaqDoLVr5v7nbHeca8VmWrBvpump,USFR,wait120,183.7,False,False,,,0,6,,,1.5246582244410465,584311384,20067890,717,291,147.84,False,dex,0,38,13,2.923,38,13,67749.82,67749.82,7945.0,7945.0,151514.39
1788295792,DubFDqh7K6rVymYCH6TGSHYXKL8ooBrufFgsqQghpump,Chud,dexctl,177.7,False,False,,,0,6,,,0.0,708432156782,20067890,12,203,3.55,False,dex,0,5,5,1.0,5,5,414.72,414.72,-3.29,-3.29,
1788295792,3HF6ymayM6qx2sb2c5Xw4t2c5k94vwvRr9JmEmUgpump,GM,dexctl,178.7,False,False,,,0,6,,,0.0,708432156310,20067890,155,259,35.91,False,dex,0,29,4,7.25,29,4,2114.26,2114.26,19.94,19.94,
1788295792,62bRTwXP8XmUcoqu2kze3DXCtjaVn5QkWU4sCmqDpump,CALLCAT,dexctl,467.7,False,False,,,0,6,,,0.7533117105837586,24254775637,20067890,1000,3,,True,dex,0,1541,1144,1.347,2720,2149,114120.01,200518.8,-1.14,124.0,24100.05
1788295792,SKTsjupoJ6HrExnDaqDoLVr5v7nbHeca8VmWrBvpump,USFR,surge,183.7,False,False,,,0,6,,,1.593459568102894,581687563,20067890,717,291,147.84,False,dex,0,38,13,2.923,38,13,67749.82,67749.82,7945.0,7945.0,151514.39
1788295792,7kLYBw1MByLeLYnb7jA7wDQMJ6QhrYMaAbescoGGpump,dgb,surge,130.7,False,False,,,0,6,,,0.4423888419007413,690161150447,20067890,55,269,12.27,False,dex,0,36,7,5.143,36,7,1233.53,1233.53,21.7,21.7,
1788295792,SKTsjupoJ6HrExnDaqDoLVr5v7nbHeca8VmWrBvpump,USFR,surge1h,183.7,False,False,,,0,6,,,1.5281887115616375,581443585,20067890,717,291,147.84,False,dex,0,38,13,2.923,38,13,67749.82,67749.82,7945.0,7945.0,151514.39
1788295792,7kLYBw1MByLeLYnb7jA7wDQMJ6QhrYMaAbescoGGpump,dgb,surge1h,130.7,False,False,,,0,6,,,0.5286308106759358,690161150447,20067890,55,269,12.27,False,dex,0,36,7,5.143,36,7,1233.53,1233.53,21.7,21.7,
1788295792,SKTsjupoJ6HrExnDaqDoLVr5v7nbHeca8VmWrBvpump,USFR,volume,183.7,False,False,,,0,6,,,1.5366121369422663,581443585,20067890,717,291,147.84,False,dex,0,38,13,2.923,38,13,67749.82,67749.82,7945.0,7945.0,151514.39
1788295792,24oopw6JhWYVHVGW91E8fvPQTu9hQHFzY8o4KAFr4fuo,UBIK,volume,189.7,False,False,,,0,6,,,0.0,520375967408616,20067890,854,97,528.25,False,dex,0,143,203,0.704,143,203,6329.19,6329.19,185.0,185.0,
1788295792,g2yLZsChQ4pQQYspEbMUytWWH77AcNzw88zJ7q5nKqz,CALLCAT,volume,210.7,False,False,,,0,6,,,0.7706151927565511,126898997827,20067890,1000,189,317.46,True,dex,0,602,419,1.437,602,419,178495.01,178495.01,44.88,44.88,21697.33
1788295792,AJzH8ZHDEmXZww9hxLfdknm6pxsLMcgScnARETt8pump,FINCHFUND,volume,138.7,False,False,,,0,6,,,2.6903204518082777,809110888351,20067890,1000,158,379.75,True,dex,0,1324,991,1.336,1324,991,176932.6,176932.6,16.69,16.69,16862.85
1788296055,FFK8H88j1EEBT3SWyHty19fV9Zdn3hMqSP3DerLDpump,$TRASH,wait120,261.8,False,False,,,0,6,,,0.3822475207364157,703798229616,20000952,5,181,1.66,False,,,,,,,,,,,,
1788296055,82ToFBcNFLZUtokYJevxD46Fyke1yFn8YXC9zmEmpump,SENDIT,wait120,285.1,False,False,,,0,6,,,1.424546030973567,706070666934,20000952,15,165,5.45,False,dex,0,9,0,9.0,9,0,90.77,90.77,2.74,2.74,
1788296055,7C58B3ssyuxAeQvWRWNsZfkuysX4iGpBfUWycrcnpump,SIXSEVEN,wait120,288.1,False,False,,,0,6,,,2.4800777455364345,972608543664,20000952,1000,307,195.44,True,dex,0,2,0,2.0,2,0,8484.38,8484.38,1.86,1.86,
1788296055,BC994pNoA1hxM9w3LyDbuQYqWWQ5HZD4cAnDfBZKpump,CLKN,wait120,292.1,False,False,,,0,6,,,1.4364621533265678,706070666769,20000952,1000,298,201.34,True,dex,0,17,9,1.889,17,9,1455.75,1455.75,-9.87,-9.87,
1788296055,82ToFBcNFLZUtokYJevxD46Fyke1yFn8YXC9zmEmpump,SENDIT,dexctl,285.1,False,False,,,0,6,,,1.4275992566773033,706070666934,20000952,15,165,5.45,False,dex,0,9,0,9.0,9,0,90.77,90.77,2.74,2.74,
1788296055,7C58B3ssyuxAeQvWRWNsZfkuysX4iGpBfUWycrcnpump,SIXSEVEN,dexctl,288.1,False,False,,,0,6,,,2.6641602705467204,973571413328,20000952,1000,307,195.44,True,dex,0,2,0,2.0,2,0,8484.38,8484.38,1.86,1.86,
1788296055,BC994pNoA1hxM9w3LyDbuQYqWWQ5HZD4cAnDfBZKpump,CLKN,dexctl,292.1,False,False,,,0,6,,,1.3903857755366749,706070666769,20000952,1000,298,201.34,True,dex,0,17,9,1.889,17,9,1455.75,1455.75,-9.87,-9.87,
1788296055,FLSt8CzYebu9Zff4xfErXneUFgnHVytEaV1wZhSo9RfB,BUTc,dexctl,295.1,False,False,,,0,6,,,2.474855833352297,480493940324,20000952,1000,344,174.42,True,dex,0,994,1025,0.97,994,1025,79070.71,79070.71,-61.86,-61.86,8770.4
1788296055,gUduMEtxWgYJTGgYGghVztbke5t6LQmYDmTzr3gpump,Fit,surge,326.1,False,False,,,0,6,,,1.7426052685128361,6609979475165,20000952,1000,2721,22.05,True,dex,0,121,48,2.521,121,48,11880.71,11880.71,-97.69,-97.69,749.22
1788296055,sXvgDRazZDShpWVHVFZKzASzA7xF5F9aWd6RDhUpump,RST,surge,155.1,False,False,,,0,6,,,1.1789551128389193,443925436,20000952,1000,126,476.19,True,dex,0,883,12,73.583,883,12,79151.23,79151.23,10493.0,10493.0,173988.28
1788296055,gUduMEtxWgYJTGgYGghVztbke5t6LQmYDmTzr3gpump,Fit,surge1h,326.1,False,False,,,0,6,,,2.078113856336132,6727229030849,20000952,1000,2721,22.05,True,dex,0,121,48,2.521,121,48,11880.71,11880.71,-97.69,-97.69,749.22
1788296055,sXvgDRazZDShpWVHVFZKzASzA7xF5F9aWd6RDhUpump,RST,surge1h,155.1,False,False,,,0,6,,,0.5223597707021563,442899465,20000952,1000,126,476.19,True,dex,0,883,12,73.583,883,12,79151.23,79151.23,10493.0,10493.0,173988.28
1788296055,sXvgDRazZDShpWVHVFZKzASzA7xF5F9aWd6RDhUpump,RST,volume,155.1,False,False,,,0,6,,,0.5123950418003781,442899465,20000952,1000,126,476.19,True,dex,0,883,12,73.583,883,12,79151.23,79151.23,10493.0,10493.0,173988.28
1788296055,FutLMtGDeuSWG9s28PmueyRoN8cd5MZJfomJeXAGpump,kittybed,volume,164.1,False,False,,,0,6,,,1.3519240349904174,116332795248,20000952,1000,383,156.66,True,dex,0,75,19,3.947,75,19,7421.79,7421.79,297.0,297.0,
1788296055,SKTsjupoJ6HrExnDaqDoLVr5v7nbHeca8VmWrBvpump,USFR,deep,446.1,False,False,,,0,6,,,1.4096259169268646,577900010,20000952,717,291,147.84,False,dex,0,38,13,2.923,38,13,67749.82,67749.82,7945.0,7945.0,151514.39
1788296055,AV2ZBFLXoYp9jahLGGCRTxyQiAQNBYwN9Uh7zbAPyzL2,RKITTY,deep,403.1,False,False,,,0,6,,,0.5814496516499815,4400451688,20000952,90,679,7.95,False,dex,0,22,0,22.0,22,0,649.89,649.89,62.42,62.42,203341.4
1788296055,4mPj6WLgUoyFGwQpSZdiZ6vSb5YteccFwGn3F9m4bktn,CALLCAT,deep,479.1,False,False,,,0,6,,,0.0,122685681470,20000952,1000,237,253.16,True,dex,0,971,490,1.982,971,490,86144.65,86144.65,41.27,41.27,20665.28
1788296377,CdWvQiREpPJkRUFPpBirV8ZMipMkevpMmFRhuvEpump,LEGO,wait120,,False,False,,,0,6,,,2.088862974669158,3893476264,19984269,160,283,33.92,False,,,,,,,,,,,,
1788296377,AFp1GyNQJJD3jsUyfUo9kLcVY6mN5B2YRhX3Si5xMYLm,Core,wait120,,False,False,,,0,6,,,0.0,107837170485,19984269,1000,100,600.0,True,,,,,,,,,,,,
1788296377,8Ef6KT6SF8cStV99WJGJtNmn2hWCuMz9dDv6bTT6uA9r,thirty,wait120,,False,False,,,0,6,,,0.6764701084909662,21679018213,19984269,1000,181,331.49,True,,,,,,,,,,,,
1788296377,J8GLnJfjehWQ1AxA4zPNSKpTuPgf7qjEpKhERSs9pump,SNP500,wait120,,False,False,,,0,6,,,1.4588434520366291,52166109806,19984269,1000,125,480.0,True,,,,,,,,,,,,
1788296377,GkWbKrJhknKqLZDT6XcBUU6fGLoBtcwCv93kEXQ7FdNw,‮OTTOL$,dexctl,428.4,False,False,,,0,6,,,0.39914078623779153,25806829411,19984269,206,675,18.31,False,dex,0,33,23,1.435,102,43,609.03,2468.11,1.23,17.73,
1788296377,2SCT3nGJnCY5p2BXxA8QUqMrZJepuXKh2T6Xo5TnBprq,Memestock,dexctl,155.4,False,False,,,0,6,,,0.0,702669378891364,19984269,393,106,222.45,False,dex,0,242,76,3.184,242,76,3023.26,3023.26,134.0,134.0,
1788296377,2SCT3nGJnCY5p2BXxA8QUqMrZJepuXKh2T6Xo5TnBprq,Memestock,surge,155.4,False,False,,,0,6,,,0.0,702669378891364,19984269,393,106,222.45,False,dex,0,242,76,3.184,242,76,3023.26,3023.26,134.0,134.0,
1788296377,2SCT3nGJnCY5p2BXxA8QUqMrZJepuXKh2T6Xo5TnBprq,Memestock,surge1h,155.4,False,False,,,0,6,,,0.0,702669378891364,19984269,393,106,222.45,False,dex,0,242,76,3.184,242,76,3023.26,3023.26,134.0,134.0,
1788296677,7r4qAETFNgPJYEd6Uc8XWBSWHafAdXEv2FbmrrWGpump,BURN,wait120,272.3,False,False,,,0,6,,,1.0791395613590442,667973609437,20012792,1000,282,212.77,True,dex,0,39,23,1.696,39,23,2961.23,2961.23,13.38,13.38,
1788296677,7rm1wNU6eY1N4MyGcTMynD9KF14r2JeUMvFN1pv3pump,404AI,wait120,273.3,False,False,,,0,6,,,1.0742980397592283,706362299912,20012792,3,12,15.0,False,dex,0,1,0,1.0,1,0,0.26,0.26,,,
1788296677,2AwMpB8Hd18bHzVzfgMAJVAv7fdJ4oUifyKoUEampump,$PENGUIN,wait120,276.3,False,False,,,0,6,,,0.5937832530776596,706488372112,20012792,2,62,1.94,False,dex,0,1,1,1.0,1,1,29.72,29.72,-0.98,-0.98,
1788296677,7r4qAETFNgPJYEd6Uc8XWBSWHafAdXEv2FbmrrWGpump,BURN,dexctl,272.3,False,False,,,0,6,,,1.06318283072934,667973609437,20012792,1000,282,212.77,True,dex,0,39,23,1.696,39,23,2961.23,2961.23,13.38,13.38,
1788296677,7rm1wNU6eY1N4MyGcTMynD9KF14r2JeUMvFN1pv3pump,404AI,dexctl,273.3,False,False,,,0,6,,,1.0637867743927527,706362299912,20012792,3,12,15.0,False,dex,0,1,0,1.0,1,0,0.26,0.26,,,
1788296677,2AwMpB8Hd18bHzVzfgMAJVAv7fdJ4oUifyKoUEampump,$PENGUIN,dexctl,276.3,False,False,,,0,6,,,0.5946129804190001,706488372112,20012792,2,62,1.94,False,dex,0,1,1,1.0,1,1,29.72,29.72,-0.98,-0.98,
1788296677,2Wj49Pk89YFaVxbNhQg4C7EZpAhXxQxpLmsSBtg1pump,WAH,boost,805.3,False,False,,,0,6,,,1.4993303666835602,114678091087,20012792,1000,860,69.77,True,boost,10,138,91,1.516,731,467,10890.73,65567.5,44.93,713.0,
1788296677,2Wj49Pk89YFaVxbNhQg4C7EZpAhXxQxpLmsSBtg1pump,WAH,boost1h,805.3,False,False,,,0,6,,,1.402642768105377,137961669975,20012792,1000,860,69.77,True,boost,10,138,91,1.516,731,467,10890.73,65567.5,44.93,713.0,
1788296677,DrtVjis5BvGmawnb273vqKNo4XqBuKYfhWoBrLJBpump,FROGS,surge,330.3,False,False,,,0,6,,,1.0879738731855808,661325566746,20012792,583,464,75.39,False,dex,0,94,39,2.41,94,39,3467.24,3467.24,89.24,89.24,
1788296677,BDnXzTNFx4qoaRoqzJZPU41xz8fnwaQEx2zyoAx4pump,dawg,surge,356.3,False,False,,,0,6,,,0.9958083733482503,706488370299,20012792,89,323,16.53,False,dex,0,39,3,13.0,39,3,371.89,371.89,11.68,11.68,
1788296677,4RTdhC3g7Zx2Txx7YVUSsAGxvRmmZC9TpTdzdgX4pump,EatingAhh,surge,188.3,False,False,,,0,6,,,0.9929976051673075,700605236039,20012792,46,179,15.42,False,dex,0,33,12,2.75,33,12,114.66,114.66,0.77,0.77,
1788296677,DrtVjis5BvGmawnb273vqKNo4XqBuKYfhWoBrLJBpump,FROGS,surge1h,330.3,False,False,,,0,6,,,1.0105945553580973,661325566746,20012792,583,464,75.39,False,dex,0,94,39,2.41,94,39,3467.24,3467.24,89.24,89.24,
1788296677,BDnXzTNFx4qoaRoqzJZPU41xz8fnwaQEx2zyoAx4pump,dawg,surge1h,356.3,False,False,,,0,6,,,0.9516395049308756,706488370299,20012792,89,323,16.53,False,dex,0,39,3,13.0,39,3,371.89,371.89,11.68,11.68,
1788296677,4RTdhC3g7Zx2Txx7YVUSsAGxvRmmZC9TpTdzdgX4pump,EatingAhh,surge1h,188.3,False,False,,,0,6,,,0.9762463158664516,700605236039,20012792,46,179,15.42,False,dex,0,33,12,2.75,33,12,114.66,114.66,0.77,0.77,
1788296677,5cQWRUXjakN9LPvqZvGaTp7DbXRbaQn2LqShvxkmpump,VAGBUTT,volume,281.3,False,False,,,0,6,,,1.162084831869045,476527690306,20012792,1000,436,137.61,True,dex,0,131,129,1.016,131,129,8450.95,8450.95,45.24,45.24,
1788296677,BE5ZLNZfoHob2uxjnQiXWdQReMYFx1uYhgNwhWJ3vkbp,SNP500,volume,302.3,False,False,,,0,6,,,0.0,157405033975,20012792,1000,149,402.68,True,dex,0,319,169,1.888,319,169,33419.44,33419.44,42.98,42.98,20515.57
1788296677,DsVXvWeCMN7Me6ufB7q4KnddS1zg85oFZWvpkho4sbUs,RDC,volume,320.3,False,False,,,0,6,,,0.20903586010465133,1886992405,20012792,832,670,74.51,False,dex,0,86,64,1.344,86,64,26030.9,26030.9,152.0,152.0,39981.55
1788296677,3DV5zVYWVkmJrdi2t7uziUuo4ybdtaLxxFPSNs1fXUjp,SNP500,volume,335.3,False,False,,,0,6,,,1.0531890560447674,12424642773,20012792,1000,2,,True,dex,0,447,459,0.974,447,459,39901.21,39901.21,441.0,441.0,
1788296677,BE5ZLNZfoHob2uxjnQiXWdQReMYFx1uYhgNwhWJ3vkbp,SNP500,deep,302.3,False,False,,,0,6,,,0.01097365112808878,161626458102,20012792,1000,149,402.68,True,dex,0,319,169,1.888,319,169,33419.44,33419.44,42.98,42.98,20515.57
1788297033,4ZdigQp4L38dH3mop7kNy7VvbC4TaRVdRe4w3CZmpump,BITCOIN,wait120,,False,False,,,0,6,,,0.8118711805048501,678502007720,20100827,136,114,71.58,False,,,,,,,,,,,,
1788297033,AgU2Q1BUm8SEMJpivLdHCymawpYgjReug11XU1VYpump,UBIK,wait120,,False,False,,,0,6,,,2.2305338238600574,3966876918,20100827,1000,13,4615.38,True,,,,,,,,,,,,
1788297033,8hhFhraV2iuoAqMF2zccZR1oFGTUwUXGdurdzXurpump,M&amp;K,wait120,,False,False,,,0,6,,,2.2566327798159627,417735487340,20100827,1000,205,292.68,True,,,,,,,,,,,,
1788297265,3VckmYKcZTwSvoo4XDoji24YZxNvM2b84pdsrv9Apump,CHI,wait120,208.1,False,False,,,0,6,,,0.0,710932869885,20138775,1000,180,333.33,True,dex,0,5,4,1.25,5,4,1427.37,1427.37,-15.16,-15.16,
1788297265,5DAkLRnLMwpGQQgS6x4PCQWwm8Mg7VMFenfJgddJpump,CHILLMUSK,wait120,212.1,False,False,,,0,6,,,1.1207919546528793,1618316666843,20138775,13,162,4.81,False,dex,0,4,3,1.333,4,3,52.01,52.01,-36.55,-36.55,
1788297265,6cvdgGx8tbbAn1zbhGb1NMpP2N3f4YYUqT3DK2tNpump,LALA,wait120,212.1,False,False,,,0,6,,,0.0,710932869317,20138775,1000,195,307.69,True,dex,0,34,66,0.515,34,66,7966.48,7966.48,-13.41,-13.41,
1788297265,3wqfHoPkwPHUQNSrckTHMmnmaPVdjNwhgvfEy6VknWdW,INUDEX,wait120,213.1,False,False,,,0,6,,,1.5333333170860477,702307417972,20138775,46,96,28.75,False,dex,0,1,2,0.5,1,2,593.16,593.16,-17.2,-17.2,
1788297265,3VckmYKcZTwSvoo4XDoji24YZxNvM2b84pdsrv9Apump,CHI,dexctl,208.1,False,False,,,0,6,,,0.0,710932869885,20138775,1000,180,333.33,True,dex,0,5,4,1.25,5,4,1427.37,1427.37,-15.16,-15.16,
1788297265,5DAkLRnLMwpGQQgS6x4PCQWwm8Mg7VMFenfJgddJpump,CHILLMUSK,dexctl,212.1,False,False,,,0,6,,,0.0,1721602253261,20138775,13,162,4.81,False,dex,0,4,3,1.333,4,3,52.01,52.01,-36.55,-36.55,
1788297265,6cvdgGx8tbbAn1zbhGb1NMpP2N3f4YYUqT3DK2tNpump,LALA,dexctl,212.1,False,False,,,0,6,,,0.0,710932869317,20138775,1000,195,307.69,True,dex,0,34,66,0.515,34,66,7966.48,7966.48,-13.41,-13.41,
1788297265,6Wuqd6Ge77kRjrX1dC3UXxb2PRi1gxCyNYVWa138pump,USMS,surge,277.1,False,False,,,0,6,,,0.42111412710517426,13431746,20138775,1000,285,210.53,True,dex,0,315,27,11.667,315,27,496777.02,496777.02,349608.0,349608.0,1006982.88
1788297265,7JywKW5Jw3TXpcamrfcTwcsRZoV8KTr26QQjpogV4UXa,‮HAW,surge,286.1,False,False,,,0,6,,,0.4302420474297681,3468586246,20138775,171,464,22.11,False,dex,0,48,22,2.182,48,22,1441.67,1441.67,15.59,15.59,
1788297265,86uddvHWe5q99t67KoxNHEtRcRuRHYFGmovjzAStvTob,M&K,surge,307.1,False,False,,,0,6,,,0.0,611359809001287,20138775,1000,347,172.91,True,dex,0,203,75,2.707,310,105,2318.45,3996.44,12.56,138.0,
1788297265,52SBEXAF7AZ1rxiu7Ph5aG9FXWBTqiWgWdnbAw67hLsd,SNP500,surge,158.1,False,False,,,0,6,,,0.0,704956836279134,20138775,163,86,113.72,False,dex,0,94,30,3.133,94,30,1840.31,1840.31,105.0,105.0,
1788297265,6Wuqd6Ge77kRjrX1dC3UXxb2PRi1gxCyNYVWa138pump,USMS,surge1h,277.1,False,False,,,0,6,,,0.0,13301779,20138775,1000,285,210.53,True,dex,0,315,27,11.667,315,27,496777.02,496777.02,349608.0,349608.0,1006982.88
1788297265,7JywKW5Jw3TXpcamrfcTwcsRZoV8KTr26QQjpogV4UXa,‮HAW,surge1h,286.1,False,False,,,0,6,,,0.0,251881931803,20138775,171,464,22.11,False,dex,0,48,22,2.182,48,22,1441.67,1441.67,15.59,15.59,
1788297265,86uddvHWe5q99t67KoxNHEtRcRuRHYFGmovjzAStvTob,M&K,surge1h,307.1,False,False,,,0,6,,,0.0,611359809001287,20138775,1000,347,172.91,True,dex,0,203,75,2.707,310,105,2318.45,3996.44,12.56,138.0,
1788297265,52SBEXAF7AZ1rxiu7Ph5aG9FXWBTqiWgWdnbAw67hLsd,SNP500,surge1h,158.1,False,False,,,0,6,,,0.0,704956836279134,20138775,163,86,113.72,False,dex,0,94,30,3.133,94,30,1840.31,1840.31,105.0,105.0,
1788297265,BCK1xW5PUdkqKy5CybGaE4BBzBENgV2CFnd87LeCpump,LALA,volume,184.1,False,False,,,0,6,,,1.465796180837766,563469989806,20138775,1000,322,186.34,True,dex,0,405,296,1.368,405,296,47067.22,47067.22,26.07,26.07,17371.62
1788297265,4KKVz4xQ1BaTEJjtE3LcdfsXS38yscRp4drCXTQ9F9Nh,SNP500,volume,261.1,False,False,,,0,6,,,0.07739526463086754,83127077392,20138775,1000,165,363.64,True,dex,0,306,201,1.522,306,201,65550.65,65550.65,98.57,98.57,24095.4
1788297265,6Wuqd6Ge77kRjrX1dC3UXxb2PRi1gxCyNYVWa138pump,USMS,volume,277.1,False,False,,,0,6,,,0.0,13236178,20138775,1000,285,210.53,True,dex,0,315,27,11.667,315,27,496777.02,496777.02,349608.0,349608.0,1006982.88
1788297590,2tGYYgFg76k3F7UtbTauYkn9wYP7DoDATw8wm9Wopump,TRENCHCATE,volume,122.0,False,False,,,0,6,,,1.2888764061440505,108161602227,20157155,1000,133,451.13,True,dex,0,222,210,1.057,222,210,22527.79,22527.79,462.0,462.0,
1788297590,ns6XaKpJVW6n17uJ841FnxdUEFQdwEVhRoBJvhJpump,BTCBULL,volume,123.0,False,False,,,0,6,,,3.230620449224112,332293073639,20157155,1000,164,365.85,True,dex,0,62,60,1.033,62,60,15877.63,15877.63,112.0,112.0,
1788297679,9fNGqNdFyUjDZ2kmxKK1Pbs2ZCknVLN6AbFwTPtiBpDR,AI,wait120,192.8,False,False,,,0,6,,,1.2049201910606864,358335721616,20124489,1000,175,342.86,True,dex,0,465,422,1.102,465,422,40188.17,40188.17,122.0,122.0,
1788297679,3bkAsfXnaNMrgmm93TmX7KM2u5zpmJTn3qyinp3E9TJt,GAYMAN,wait120,194.8,False,False,,,0,6,,,0.0,710428869943,20124489,1000,65,923.08,True,dex,0,25,38,0.658,25,38,4787.28,4787.28,-26.27,-26.27,
1788297679,9fNGqNdFyUjDZ2kmxKK1Pbs2ZCknVLN6AbFwTPtiBpDR,AI,dexctl,192.8,False,False,,,0,6,,,1.5033618020639148,341846624373,20124489,1000,175,342.86,True,dex,0,465,422,1.102,465,422,40188.17,40188.17,122.0,122.0,
1788297679,3bkAsfXnaNMrgmm93TmX7KM2u5zpmJTn3qyinp3E9TJt,GAYMAN,dexctl,194.8,False,False,,,0,6,,,0.0,710428869943,20124489,1000,65,923.08,True,dex,0,25,38,0.658,25,38,4787.28,4787.28,-26.27,-26.27,
1788297679,CborTnPNLfwEb5fJWkmgstQLxVGSCXFpiEoEco67QTDv,AI,surge,161.8,False,False,,,0,6,,,0.0,612237001959183,20124489,644,193,200.21,False,dex,0,203,50,4.06,203,50,2165.22,2165.22,138.0,138.0,
1788297679,CNDabLJdTKCjeau1TGDUDwQd9izvVAKZC8kTGSAXpump,FIONA,surge,128.8,False,False,,,0,6,,,1.3194596262873175,362660740908,20124489,1000,275,218.18,True,dex,0,72,26,2.769,72,26,3414.51,3414.51,29.28,29.28,
1788297679,CborTnPNLfwEb5fJWkmgstQLxVGSCXFpiEoEco67QTDv,AI,surge1h,161.8,False,False,,,0,6,,,0.0,612237001959183,20124489,644,193,200.21,False,dex,0,203,50,4.06,203,50,2165.22,2165.22,138.0,138.0,
1788297679,CNDabLJdTKCjeau1TGDUDwQd9izvVAKZC8kTGSAXpump,FIONA,surge1h,128.8,False,False,,,0,6,,,1.8910293914269687,361556513223,20124489,1000,275,218.18,True,dex,0,72,26,2.769,72,26,3414.51,3414.51,29.28,29.28,
1788297679,9fNGqNdFyUjDZ2kmxKK1Pbs2ZCknVLN6AbFwTPtiBpDR,AI,volume,192.8,False,False,,,0,6,,,1.3066383659753065,445544655079,20124489,1000,175,342.86,True,dex,0,465,422,1.102,465,422,40188.17,40188.17,122.0,122.0,
1788297679,DT9mGq6okbJSn8nTiGumqJCXKLVRVdUvFjpwenktpump,S&P500,volume,200.8,False,False,,,0,6,,,1.3563962852330271,218431503160,20124489,1000,208,288.46,True,dex,0,269,222,1.212,269,222,20471.92,20471.92,214.0,214.0,
1788297896,BboNNEc2xz7X1L2jEueWVAFF5nxhJJpSfGF8zy8Tpump,fsd,wait120,271.3,False,False,,,0,6,,,1.4538677867910825,4249373771357,20094497,57,315,10.86,False,,,,,,,,,,,,
1788297896,HuqL1GzHiXgp1boBvcRm7vP7Q5sBwVkrpi3zopUvr2Cd,BUCKET,wait120,268.2,False,False,,,0,6,,,0.8310750026236972,708233293358,20094497,1000,295,203.39,True,,,,,,,,,,,,
1788297896,3y1tP1799RPsE3wUw9ns3pBCc3soVUtuSRK9JngHpump,$up,wait120,267.6,False,False,,,0,6,,,0.2738981067229092,709370827548,20094497,2,26,4.62,False,,,,,,,,,,,,
1788297896,BWmsK767YkJEzQFQGgALk3PdTa1ktQzCGZoWbjAqpump,Wifcomms,dexctl,280.8,False,False,,,0,6,,,0.0,709202073585,20094497,1000,273,219.78,True,dex,0,94,89,1.056,94,89,7416.31,7416.31,-13.98,-13.98,
1788297896,EQ2rXFZCBQb4gVFiAsUnusF9SYTybVYAAEMT4dJEpump,SLINGDAU,dexctl,289.8,False,False,,,0,6,,,0.22395858060810753,426786387307,20094497,699,399,105.11,False,dex,0,19,8,2.375,19,8,1270.45,1270.45,45.09,45.09,
1788297896,69SM1yTdpN3x5g71K52zfXW2785nNvBEJCz1ub1npump,S&P500,dexctl,294.8,False,False,,,0,6,,,0.0,705973003160,20094497,1000,437,137.3,True,dex,0,166,150,1.107,166,150,13325.86,13325.86,-13.68,-13.68,
1788297896,BfrJXiD8dRyAoerPX9GCuuGdjzXxrw9ngKz4x9Lqpump,XBULL,surge,303.8,False,False,,,0,6,,,1.407252968300732,709033737405,20094497,980,209,281.34,False,dex,0,345,127,2.717,345,127,4453.08,4453.08,124.0,124.0,
1788297896,AoEHXCY3uyp6p7gDgBYXE5Rbet4CJDxjiWg3zxdtpump,TOGETHER,surge,327.8,False,False,,,0,6,,,1.2749648791682269,709370826650,20094497,1000,280,214.29,True,dex,0,152,76,2.0,152,76,14662.72,14662.72,-16.94,-16.94,
1788297896,BScRyibc8UjS46xrimyjZzp6BNA3T42BWU1cAeqmW4yG,‮TACLLAC,surge,253.8,False,False,,,0,6,,,0.0,137407541462172,20094497,148,491,18.09,False,dex,0,48,24,2.0,48,24,1691.37,1691.37,17.69,17.69,
1788297896,GZHreq2mjpzkSTCueYmT2ufNEtycfVJ457hg7acgpump,QUEEFJUICE,surge,134.8,False,False,,,0,6,,,0.9649654304140087,695488062517,20094497,1000,220,272.73,True,dex,0,410,87,4.713,410,87,13213.36,13213.36,889.0,889.0,
1788297896,GZHreq2mjpzkSTCueYmT2ufNEtycfVJ457hg7acgpump,QUEEFJUICE,volume,134.8,False,False,,,0,6,,,0.9478316836348475,695488062517,20094497,1000,220,272.73,True,dex,0,410,87,4.713,410,87,13213.36,13213.36,889.0,889.0,
1788297896,E1GNCvh9nN4a4aE9madZ7MYFoPsRMKMvK6h2vHt7N7sB,SNP500,volume,144.8,False,False,,,0,6,,,0.0,116269227435,20094497,1000,114,526.32,True,dex,0,498,226,2.204,498,226,81748.18,81748.18,58.56,58.56,21818.71
1788298255,8zToQzD3p7JWeyd8AGBNxKQoijEs3MyYBvKTHXQeZyY2,Chinchilla,wait120,169.7,False,False,,,0,6,,,3.677047169650364,88015871904,20099038,845,231,219.48,False,dex,0,282,81,3.481,282,81,3212.43,3212.43,139.0,139.0,
1788298255,9aJVLPKNZw52SK1BHpAweFkrzV51hZCWp6fZnmtbpump,SLAY,wait120,122.7,False,False,,,0,6,,,2.746360317140563,20576720576342,20099038,66,127,31.18,False,dex,0,32,33,0.97,32,33,250.67,250.67,-96.67,-96.67,
1788298255,8zToQzD3p7JWeyd8AGBNxKQoijEs3MyYBvKTHXQeZyY2,Chinchilla,dexctl,169.7,False,False,,,0,6,,,0.0,98487830135,20099038,845,231,219.48,False,dex,0,282,81,3.481,282,81,3212.43,3212.43,139.0,139.0,
1788298255,9aJVLPKNZw52SK1BHpAweFkrzV51hZCWp6fZnmtbpump,SLAY,dexctl,122.7,False,False,,,0,6,,,2.7465212028277866,20576720576342,20099038,66,127,31.18,False,dex,0,32,33,0.97,32,33,250.67,250.67,-96.67,-96.67,
1788298255,8zToQzD3p7JWeyd8AGBNxKQoijEs3MyYBvKTHXQeZyY2,Chinchilla,surge,169.7,False,False,,,0,6,,,0.0,100365048674,20099038,845,231,219.48,False,dex,0,282,81,3.481,282,81,3212.43,3212.43,139.0,139.0,
1788298367,6XBM9PNsndcDMagGUQRuyDscXVrA4f7jr6aNxjfEpump,Crocs,wait120,172.6,False,False,,,0,6,,,0.0,703412205603,20141000,1000,119,504.2,True,dex,0,89,73,1.219,89,73,9301.31,9301.31,26.24,26.24,
1788298367,6uWfcGr1aQMi2PR5ASQoS5VceaqKLxLBUCWAaFXYpump,Hawkish,wait120,176.6,False,False,,,0,6,,,0.5956704316355835,710157261968,20141000,1000,31,1935.48,True,dex,0,17,13,1.308,17,13,2014.66,2014.66,-14.69,-14.69,
1788298367,GLDoaEzt4F2i3ZaC28mEEbvJEwSa6yZYZ13JJVPNpump,Rubert,wait120,181.6,False,False,,,0,6,,,0.0,710327274279,20141000,1000,205,292.68,True,dex,0,22,13,1.692,22,13,4130.2,4130.2,-14.95,-14.95,
1788298367,6XBM9PNsndcDMagGUQRuyDscXVrA4f7jr6aNxjfEpump,Crocs,dexctl,172.6,False,False,,,0,6,,,1.2882139722301251,700741315627,20141000,1000,119,504.2,True,dex,0,89,73,1.219,89,73,9301.31,9301.31,26.24,26.24,
1788298367,6uWfcGr1aQMi2PR5ASQoS5VceaqKLxLBUCWAaFXYpump,Hawkish,dexctl,176.6,False,False,,,0,6,,,0.4989736038153565,710157261968,20141000,1000,31,1935.48,True,dex,0,17,13,1.308,17,13,2014.66,2014.66,-14.69,-14.69,
1788298367,GLDoaEzt4F2i3ZaC28mEEbvJEwSa6yZYZ13JJVPNpump,Rubert,dexctl,181.6,False,False,,,0,6,,,1.089600238622213,710542718538,20141000,1000,205,292.68,True,dex,0,22,13,1.692,22,13,4130.2,4130.2,-14.95,-14.95,
1788298367,CPpUzR1J6Vq4oH3hXdg9nZNn1JZC1DKFR2A6jZQk8yj4,BUTC,dexctl,183.6,False,False,,,0,6,,,0.0,711011345224,20141000,756,10,4536.0,False,dex,0,1,1,1.0,1,1,196.46,196.46,-6.27,-6.27,
1788298367,EcwwQUk8dYgcJxGFkJARSN6KmADSzpaJc4SH5jsTxBM2,bearish,dexctl,191.6,False,False,,,0,6,,,1.0241159387653864,710530157334,20141000,1000,169,355.03,True,dex,0,7,8,0.875,7,8,1339.3,1339.3,-26.27,-26.27,
1788298367,9zMSL6v89PRoUmmWPP67dzMX5Sqofu3gJjfPW1HLpump,AI,dexctl,188.6,False,False,,,0,6,,,0.0,711011345200,20141000,1000,10,6000.0,True,dex,0,3,6,0.5,3,6,1690.81,1690.81,-9.3,-9.3,
1788298367,4mYbJ7kMw6qhqSYtHiUggh9bwg6ukJhRig5p2w19pump,TUA,dexctl,183.6,False,False,,,0,6,,,0.0,691313019856,20141000,98,326,18.04,False,dex,0,5,0,5.0,5,0,85.66,85.66,0.77,0.77,
1788298367,7YM7ng7W9TpmwGej6SZvfdTLMcCxa3AG7HeBuHHBuhri,Rubert,surge,206.6,False,False,,,0,6,,,0.06459616130832667,133351944563,20141000,1000,307,195.44,True,dex,0,225,108,2.083,225,108,22850.99,22850.99,39.62,39.62,20066.47
1788298367,6UL6aSSp3dWvqVHAXq27srQx4jaBqoPkUGkv3m5gpump,AI,surge,224.6,False,False,,,0,6,,,0.0,710444970568,20141000,1000,248,241.94,True,dex,0,327,121,2.702,327,121,12238.34,12238.34,-14.5,-14.5,
1788298367,6XBM9PNsndcDMagGUQRuyDscXVrA4f7jr6aNxjfEpump,Crocs,volume,172.6,False,False,,,0,6,,,0.9981915007684403,707856875458,20141000,1000,119,504.2,True,dex,0,89,73,1.219,89,73,9301.31,9301.31,26.24,26.24,
1788298367,F2Ekgs8RjHPt1oimL5sSBLJ4K82KB1mzsyEeyN9Spump,Keyhaven,volume,217.6,False,False,,,0,6,,,1.368200803904533,340687738629,20141000,1000,472,127.12,True,dex,0,53,30,1.767,53,30,5949.15,5949.15,42.85,42.85,
1788298670,2PpRdRspQB4FCVodm3d4dkVasWpc4iYv1V1oYCANpump,$GOR,wait120,143.9,False,False,,,0,6,,,0.0,711691404195,20160277,2,121,0.99,False,,,,,,,,,,,,
1788298670,8RZ825jqS81pLLfmR4yCmuBQBmVgHhhHtWLFEdUipump,AXIOMCAT,wait120,120.0,False,False,,,0,6,,,0.0,711644561795,20160277,3,1,,False,,,,,,,,,,,,
1788298670,5FaDEkQatyFKxp6ZCTUg58baxBQU8ELEzPg1XUp3pump,BELIEVE,wait120,122.6,False,False,,,0,6,,,1.2396779395073732,711691404172,20160277,1000,123,487.8,True,dex,0,3,3,1.0,3,3,451.95,451.95,-13.12,-13.12,
1788298670,CtBUnwW18eNh6vkXMiEKPMxu2veoYJpLcvUtWarupump,Termus,dexctl,375.6,False,False,,,0,6,,,0.0,711691403721,20160277,1000,125,480.0,True,dex,0,39,36,1.083,39,36,8570.46,8570.46,-11.56,-11.56,
1788298670,EaRNRLoR7SWLLm8s8LJPUT3ZajqDGCbfLZPDgQinnNSn,OKXCat,dexctl,381.6,False,False,,,0,6,,,0.885521100671348,711691404172,20160277,389,122,191.31,False,dex,0,1,1,1.0,1,1,589.39,589.39,-17.17,-17.17,
1788298670,6scaBLzg8RgYu6WXv2Az1ug35NWP82vHPG86dwHkpump,QQQ,dexctl,385.6,False,False,,,0,6,,,0.0,711691404172,20160277,1000,19,3157.89,True,dex,0,2,2,1.0,2,2,589.41,589.41,,,
1788298670,5iFGcyuT28XZFgo2dvdxHzspnHoA4pEN57B3n8zxWtpC,Rubert,dexctl,387.6,False,False,,,0,6,,,0.4536006102717441,79097379455,20160277,1000,154,389.61,True,dex,0,241,153,1.575,241,153,49059.0,49059.0,64.92,64.92,21881.73
1788298670,4nwAgo15LVbf6KiAE95XCSwohyPrewLedswywWF3oTyL,QQQ,surge,139.6,False,False,,,0,6,,,0.0,96154990802,20160277,1000,299,200.67,True,dex,0,316,96,3.292,316,96,3660.5,3660.5,138.0,138.0,
1788298670,5TUrqLajDQs3btBmW1ejTshZKfzmQSSvzJAXyoXqpump,WOFI,surge,142.6,False,False,,,0,6,,,0.19256228746004303,79839914,20160277,1000,245,244.9,True,dex,0,565,24,23.542,565,24,200431.93,200431.93,59228.0,59228.0,412108.68
1788298670,J3a25GSe6pkjWfHutcCviKQG56jqax6hp3JD7VbCpump,WOFI,surge,170.6,False,False,,,0,6,,,0.1497940043185409,13461689,20160277,1000,421,142.52,True,dex,0,328,27,12.148,328,27,501098.55,501098.55,353413.0,353413.0,1008508.35
1788298670,Any3Jk44ELCSxx1ni5UXF7FFPVbWC6VDFGCaUWHNpump,NIBZ,surge,178.6,False,False,,,0,6,,,0.0,703037309752,20160277,1000,464,129.31,True,dex,0,70,16,4.375,70,16,4781.53,4781.53,153.0,153.0,
1788298670,4nwAgo15LVbf6KiAE95XCSwohyPrewLedswywWF3oTyL,QQQ,surge1h,139.6,False,False,,,0,6,,,0.0,85837819720,20160277,1000,299,200.67,True,dex,0,316,96,3.292,316,96,3660.5,3660.5,138.0,138.0,
1788298670,5iFGcyuT28XZFgo2dvdxHzspnHoA4pEN57B3n8zxWtpC,Rubert,volume,387.6,False,False,,,0,6,,,0.17395446069750903,50559073463,20160277,1000,154,389.61,True,dex,0,241,153,1.575,241,153,49059.0,49059.0,64.92,64.92,21881.73
1788298670,3G1XFgucwL8wXPNMcyZXUXsFJyp6bQKpJLPiUmzAn2pY,John Termus,volume,395.6,False,False,,,0,6,,,0.0,653373644166,20160277,1000,643,93.31,True,dex,0,283,274,1.033,283,274,26415.46,26415.46,33.56,33.56,
1788298670,FqAzVfFo631PBMddfzirAS66ahsGPTt7Z4csbyoKpump,TRENCHGUY,volume,385.6,False,False,,,0,6,,,0.9636797443839681,696098176678,20160277,1000,474,126.58,True,dex,0,403,324,1.244,403,324,33017.5,33017.5,84.11,84.11,
1788298670,FebGTtx8tnuJdk9v2NKPC7a9o9Zfq8kr8J7yY4CJ5kgN,EPSTEIN,volume,140.6,False,False,,,0,6,,,1.0819472816450466,603977347981,20160277,1000,495,121.21,True,dex,0,186,148,1.257,186,148,12846.81,12846.81,110.0,110.0,
1788298670,5iFGcyuT28XZFgo2dvdxHzspnHoA4pEN57B3n8zxWtpC,Rubert,deep,387.6,False,False,,,0,6,,,0.40164481859872286,77217567824,20160277,1000,154,389.61,True,dex,0,241,153,1.575,241,153,49059.0,49059.0,64.92,64.92,21881.73
1788298670,Hv458wfYDwWYApKH5EdmmCShTFU75kA489iCCQRZ6gPX,DJI,deep,560.6,False,False,,,0,6,,,0.4333316802176625,3318874661,20160277,130,987,7.9,False,dex,0,31,0,31.0,35,0,919.04,1031.1,85.58,102.0,251564.94
1788299125,HvWAYvVqzoEepCR9PrWXxw6rcRmWS1zccNQajLowBnud,SNP500,wait120,216.3,False,False,,,0,6,,,0.0,213322004604764,20131854,164,130,75.69,False,dex,0,5,0,5.0,5,0,1091.27,1091.27,256.0,256.0,
1788299125,4qSQtoUbXP6dwonK6TiTKiftKwVnv69p9ctUHFfwpump,thirty,dexctl,2958.3,False,False,,,0,6,,,1.4797176381589665,157132416498,20131854,396,3030,7.84,False,boost,30,7,2,3.5,113,60,90.5,10497.54,2.87,295.0,
1788299125,HvWAYvVqzoEepCR9PrWXxw6rcRmWS1zccNQajLowBnud,SNP500,dexctl,216.3,False,False,,,0,6,,,0.0,213322004604764,20131854,164,130,75.69,False,dex,0,5,0,5.0,5,0,1091.27,1091.27,256.0,256.0,
1788299125,4tWBZcwKcAQHKegBFEqUBNHUbT5vuRh54WCbEtHWsJQf,QQQ,dexctl,546.3,False,False,,,0,6,,,0.0,698484948994331,20131854,1000,436,137.61,True,dex,0,98,128,0.766,557,343,4055.54,11454.62,-5.62,112.0,
1788299125,4qSQtoUbXP6dwonK6TiTKiftKwVnv69p9ctUHFfwpump,thirty,boost,2958.3,False,False,,,0,6,,,0.4337448375490157,158548131721,20131854,396,3030,7.84,False,boost,30,7,2,3.5,113,60,90.5,10497.54,2.87,295.0,
1788299125,4qSQtoUbXP6dwonK6TiTKiftKwVnv69p9ctUHFfwpump,thirty,boost1h,2958.3,False,False,,,0,6,,,0.4337448375490157,158548131721,20131854,396,3030,7.84,False,boost,30,7,2,3.5,113,60,90.5,10497.54,2.87,295.0,
1788299261,AeoJByufjJ7VszbcxMkAdDxSmDnVsf8bAri4DeAbpump,AI,wait120,174.4,False,False,,,0,6,,,0.004170786154567234,709889722818,20109205,1000,70,857.14,True,dex,0,8,8,1.0,8,8,2286.04,2286.04,-18.63,-18.63,
1788299261,H9q4auX8gjYJwfaXRsrLkLaTLyzPttMwzdho6yvypump,RTP,wait120,175.4,False,False,,,0,6,,,0.11708203743784097,709889722700,20109205,1000,182,329.67,True,dex,0,10,8,1.25,10,8,1322.76,1322.76,-3.79,-3.79,
1788299261,EGCuUQ4RKd8avpyVqNb1BATqqYXuHC5qDkHteiqHpump,gоon,wait120,176.4,False,False,,,0,6,,,0.0,709889722747,20109205,675,71,570.42,False,dex,0,9,11,0.818,9,11,1339.44,1339.44,-4.45,-4.45,
1788299261,AeoJByufjJ7VszbcxMkAdDxSmDnVsf8bAri4DeAbpump,AI,dexctl,174.4,False,False,,,0,6,,,0.0,709889722818,20109205,1000,70,857.14,True,dex,0,8,8,1.0,8,8,2286.04,2286.04,-18.63,-18.63,
1788299261,H9q4auX8gjYJwfaXRsrLkLaTLyzPttMwzdho6yvypump,RTP,dexctl,175.4,False,False,,,0,6,,,0.09903877170166356,709889722700,20109205,1000,182,329.67,True,dex,0,10,8,1.25,10,8,1322.76,1322.76,-3.79,-3.79,
1788299261,EGCuUQ4RKd8avpyVqNb1BATqqYXuHC5qDkHteiqHpump,gоon,dexctl,176.4,False,False,,,0,6,,,0.0,709889722747,20109205,675,71,570.42,False,dex,0,9,11,0.818,9,11,1339.44,1339.44,-4.45,-4.45,
1788299261,3YpEskLuh9pKnTuwKWvmjiLRzyCBzTPGKb9CHbQTmKxi,DIS,dexctl,189.4,False,False,,,0,6,,,0.0,709889722889,20109205,5,12,25.0,False,dex,0,1,1,1.0,1,1,582.67,582.67,-17.02,-17.02,
1788299261,HvYLuFr7Mke6f1va73vawahjqiFLSXutyGprFLZhpump,toMOON,dexctl,190.4,False,False,,,0,6,,,0.8756374055538912,709889722794,20109205,500,286,104.9,False,dex,0,7,5,1.4,7,5,602.7,602.7,0.02,0.02,
1788299261,8p93HqCg7WvsFSGtgWFt32PBWP3BdGZSjaNGGgx1pump,DOGOP,dexctl,190.4,False,False,,,0,6,,,0.0,709889722794,20109205,1000,57,1052.63,True,dex,0,6,6,1.0,6,6,665.37,665.37,-11.99,-11.99,
1788299261,7eTaDaYcSptp4JQhmgv2cudScEEizz9ux9Fw7xUkH4vN,Nasdog,dexctl,191.4,False,False,,,0,6,,,1.2583602761437493,108161591813,20109205,1000,321,186.92,True,dex,0,95,93,1.022,95,93,11747.35,11747.35,74.35,74.35,
1788299261,CkKhCog3zshVuyDUjVj5NWAEngfbpebFwNh8EVyQnYAT,AI,dexctl,196.4,False,False,,,0,6,,,2.481554739285632,241114961206,20109205,1000,155,387.1,True,dex,0,582,422,1.379,582,422,37640.87,37640.87,-1.05,-1.05,15370.59
1788299261,G1SojSUaq1QvZJcoAZsbu9NQjmrjMxRLR2F8UyqXpump,M32,surge,209.4,False,False,,,0,6,,,0.19288960949490766,136477068,20109205,1000,460,130.43,True,dex,0,287,28,10.25,287,28,149376.63,149376.63,34527.0,34527.0,314641.81
1788299261,Du6ddvQNoVCeY7Qduxxnn5EtAS7qRorC8kJ8pLG93CQt,AI,surge,134.4,False,False,,,0,6,,,0.5986949174423584,163315684092,20109205,1000,238,252.1,True,dex,0,342,139,2.46,342,139,39730.39,39730.39,45.32,45.32,19468.08
1788299261,G1SojSUaq1QvZJcoAZsbu9NQjmrjMxRLR2F8UyqXpump,M32,surge1h,209.4,False,False,,,0,6,,,0.20529081018126763,135881619,20109205,1000,460,130.43,True,dex,0,287,28,10.25,287,28,149376.63,149376.63,34527.0,34527.0,314641.81
1788299261,Du6ddvQNoVCeY7Qduxxnn5EtAS7qRorC8kJ8pLG93CQt,AI,surge1h,134.4,False,False,,,0,6,,,1.105830184966153,164874749329,20109205,1000,238,252.1,True,dex,0,342,139,2.46,342,139,39730.39,39730.39,45.32,45.32,19468.08
1788299261,7eTaDaYcSptp4JQhmgv2cudScEEizz9ux9Fw7xUkH4vN,Nasdog,volume,191.4,False,False,,,0,6,,,0.4711274788581825,127722774883,20109205,1000,321,186.92,True,dex,0,95,93,1.022,95,93,11747.35,11747.35,74.35,74.35,
1788299261,3DF3gvEBD16LMkmeNDwgwLhT4XdLgbhUqtDLQdTUZGqN,NASDOG,volume,235.4,False,False,,,0,6,,,1.3875644110754375,706475862307,20109205,1000,403,148.88,True,dex,0,288,298,0.966,288,298,22960.86,22960.86,5.25,5.25,
1788299261,C2HyjCWi4KGUQAmspk8t1ewdMr9LKCy7wXmLQwTHg44B,Nascat,volume,154.4,False,False,,,0,6,,,1.3696841211854156,430781292289,20109205,1000,474,126.58,True,dex,0,52,46,1.13,52,46,8124.36,8124.36,62.38,62.38,
1788299654,C7PSU2nK7WWKL42xDviXN3hypWeGxqyR4EUirYhkMwoE,BABYAI,wait120,,False,False,,,0,6,,,0.0,22467101069,20082225,365,208,105.29,False,,,,,,,,,,,,
1788299654,6amjPyxJNXMXPCqitaz6W8HDFCf6H1S9Rv26jMwGEcZ2,SPY,wait120,,False,False,,,0,6,,,1.2609120282781436,261958854685,20082225,1000,132,454.55,True,,,,,,,,,,,,
1788299654,bykrhkExmjWco2mFxKGX3XPmPVaZB9JJp9MkRe8pump,Shrek,surge,5881.4,False,False,,,0,6,,,2.327998270195361,10843359910,20082225,1000,231,259.74,True,boost,30,129,63,2.048,2864,2093,11388.5,397700.03,-23.17,-39.1,33454.42
1788299654,bykrhkExmjWco2mFxKGX3XPmPVaZB9JJp9MkRe8pump,Shrek,surge1h,5881.4,False,False,,,0,6,,,1.1141786782879055,11038971747,20082225,1000,231,259.74,True,boost,30,129,63,2.048,2864,2093,11388.5,397700.03,-23.17,-39.1,33454.42
1788299802,87bYSjAunKmd4Pz6sLLNDiNMHAxsaWtiKFMHHXn6pump,asset,wait120,,False,False,,,0,6,,,0.1674807371290572,688031137007,20069640,1000,223,269.06,True,,,,,,,,,,,,
1788299802,3mMDz33oM3wfijqEEt4Bu7GzQgV6mNtDa4JQbHtNGitF,OTC,dexctl,185.2,False,False,,,0,6,,,1.4325230197396812,36044885353,20069640,1000,137,437.96,True,dex,0,106,93,1.14,106,93,3179.16,3179.16,34.16,34.16,
1788299802,7mN974ySFYkcfQLe8uD2zAP9yy4MbQ4oBAw3Np7ANZzW,SNP500,dexctl,175.2,False,False,,,0,6,,,0.0,517071065465330,20069640,389,174,134.14,False,dex,0,64,76,0.842,64,76,2795.39,2795.39,296.0,296.0,
1788299802,Exxm55Zf4aiT3P6qVdbjDzpcigLYQajXzaswwas7pump,print,dexctl,122.2,False,False,,,0,6,,,0.0,689919247749,20069640,1000,161,372.67,True,dex,0,29,39,0.744,29,39,5154.08,5154.08,-1.7,-1.7,
1788299802,8gw7VR2QsLBgvTjLV4pTYmJpPsA9FJ2HRzs3FgKQjcFs,Bluechip,dexctl,123.2,False,False,,,0,6,,,0.0,56501204142,20069640,1000,54,1111.11,True,dex,0,990,871,1.137,990,871,74898.17,74898.17,-8.26,-8.26,14540.01
1788299802,5rovt5ukefJgwbs1MJKhM2kwDxE4LwjRnAN1852Gr3xT,PRESS,dexctl,125.2,False,False,,,0,6,,,0.8322720423662799,1742819920,20069640,375,382,58.9,False,dex,0,61,53,1.151,61,53,21706.98,21706.98,152.0,152.0,37300.9
1788299802,BwJ2tyaditVRRPwffcVLjXbx37LDaN7gGdNNKHh4grkg,AI,dexctl,569.2,False,False,,,0,6,,,0.0,698529679617865,20069640,1000,469,127.93,True,dex,0,63,108,0.583,588,308,4255.85,12726.85,11.77,119.0,
1788299802,LUTNZsftGW64Zch1mqWp6hoGSHLkHQQ7rsuFy3ppump,NVIDIA,surge,163.2,False,False,,,0,6,,,1.873185822942006,3877428738,20069640,1000,294,204.08,True,dex,0,231,38,6.079,231,38,19950.42,19950.42,1092.0,1092.0,57065.16
1788299802,LUTNZsftGW64Zch1mqWp6hoGSHLkHQQ7rsuFy3ppump,NVIDIA,surge1h,163.2,False,False,,,0,6,,,1.9862258226243146,3877248159,20069640,1000,294,204.08,True,dex,0,231,38,6.079,231,38,19950.42,19950.42,1092.0,1092.0,57065.16
1788299802,5rovt5ukefJgwbs1MJKhM2kwDxE4LwjRnAN1852Gr3xT,PRESS,volume,125.2,False,False,,,0,6,,,0.30449287337501096,1599850265,20069640,375,382,58.9,False,dex,0,61,53,1.151,61,53,21706.98,21706.98,152.0,152.0,37300.9
1788299802,LUTNZsftGW64Zch1mqWp6hoGSHLkHQQ7rsuFy3ppump,NVIDIA,volume,163.2,False,False,,,0,6,,,1.986794658740492,3877225657,20069640,1000,294,204.08,True,dex,0,231,38,6.079,231,38,19950.42,19950.42,1092.0,1092.0,57065.16
1788300062,5pbjSAAKj7GWq8e4M7iz8dW7HKN44HR6QihRpRsFpump,qCAT,wait120,294.6,False,False,,,0,6,,,2.551755191264684,690041219720,20062349,1000,78,769.23,True,,,,,,,,,,,,
1788300062,C2aewzdnEmoNusrgbhBbGdviVPzZy6MS4ViZ7k39pump,nasape,wait120,289.5,False,False,,,0,6,,,0.1530155329285661,708236699897,20062349,8,181,2.65,False,,,,,,,,,,,,
1788300062,9R21TgH23ZafgHJTJkXYnujUx7q3gck8nCPjwZPFpump,JALAPEÑO,dexctl,328.6,False,False,,,0,6,,,1.206038930385099,708004308317,20062349,1000,46,1304.35,True,dex,0,66,27,2.444,66,27,7986.66,7986.66,-17.14,-17.14,
1788300062,2DFHJJLyEAEr5w5JuRo8L755frVGevt7Hp59UBfypump,Bluechip,dexctl,326.6,False,False,,,0,6,,,0.8344303914028189,7846837966287,20062349,44,53,49.81,False,dex,0,19,22,0.864,19,22,271.86,271.86,-91.32,-91.32,
1788300062,KUiToAcZ981sNmJ85Y9Ah7oiLsNo7p24nEoWbvnpump,JIM,dexctl,331.6,False,False,,,0,6,,,2.6368896415940166,638042808517,20062349,1000,229,262.01,True,dex,0,982,782,1.256,982,782,68578.49,68578.49,34.6,34.6,18035.24
1788300062,B6LjVA5T919L9H67r7Voo6xZofkCq7gaFsVKMxLGpump,SNP500,dexctl,343.6,False,False,,,0,6,,,1.4482887684927832,674085285711,20062349,1000,298,201.34,True,dex,0,28,6,4.667,28,6,599.67,599.67,17.27,17.27,
1788300062,9R21TgH23ZafgHJTJkXYnujUx7q3gck8nCPjwZPFpump,JALAPEÑO,surge,328.6,False,False,,,0,6,,,1.3909610288245315,708004308317,20062349,1000,46,1304.35,True,dex,0,66,27,2.444,66,27,7986.66,7986.66,-17.14,-17.14,
1788300062,9R21TgH23ZafgHJTJkXYnujUx7q3gck8nCPjwZPFpump,JALAPEÑO,surge1h,328.6,False,False,,,0,6,,,1.3895777596778436,708004308317,20062349,1000,46,1304.35,True,dex,0,66,27,2.444,66,27,7986.66,7986.66,-17.14,-17.14,
1788300062,KUiToAcZ981sNmJ85Y9Ah7oiLsNo7p24nEoWbvnpump,JIM,volume,331.6,False,False,,,0,6,,,1.9056359365218452,633325995846,20062349,1000,229,262.01,True,dex,0,982,782,1.256,982,782,68578.49,68578.49,34.6,34.6,18035.24
1788300062,Cj3upTXz6cYCP1TLbyF5AseKX4hqaWK7eiRqR7uu6npU,QCAT,volume,344.6,False,False,,,0,6,,,1.7024502711478526,114803047322,20062349,1000,327,183.49,True,dex,0,630,353,1.785,630,353,44509.79,44509.79,575.0,575.0,
1788300062,J6XnsXMn8yutnQebmfQuXa3HQSdaFmv9faBk36nepump,cabalyst,volume,374.6,False,False,,,0,6,,,2.53210042097402,15868721018,20062349,1000,692,86.71,True,dex,0,68,48,1.417,68,48,6413.36,6413.36,64.35,64.35,19989.48
1788300062,GRNtEDj7WrtA34y8M7nKbbYMpxZnEgJFFn9FeW7aXLoe,SNP500,deep,378.6,False,False,,,0,6,,,0.7662472631783006,4566662293,20062349,88,664,7.95,False,dex,0,18,0,18.0,18,0,533.55,533.55,51.01,51.01,188979.63
1788300062,LUTNZsftGW64Zch1mqWp6hoGSHLkHQQ7rsuFy3ppump,NVIDIA,deep,423.6,False,False,,,0,6,,,0.7304188488955302,3811153876,20062349,1000,294,204.08,True,dex,0,231,38,6.079,231,38,19950.42,19950.42,1092.0,1092.0,57065.16
1788300372,4i3qoiHXZJQknZzrQFJwx7TUX6nU2CYGzSqefsyc35ko,PRESS,wait120,,False,False,,,0,6,,,0.0,173023805222,20075298,1000,229,262.01,True,,,,,,,,,,,,
1788300372,FdP2rZNe9qqSJNdb8XXKWkNGzxdZhC6txzN2jt4qpump,LETSGOOO!!,wait120,,False,False,,,0,6,,,1.1372457844508983,50937098427215,20075298,711,266,160.38,False,,,,,,,,,,,,
1788300372,7T2ZQ4zSaka4rUHZbqmz7NhoWWTzWnyVtZveqC6PLsDo,MACHINE,wait120,,False,False,,,0,6,,,0.08161356996446242,140849748148,20075298,1000,157,382.17,True,,,,,,,,,,,,
1788300372,3FzXCAuSpVGGF67d2xQR5pnTAWopHdCR3qQKeuaA8Pu3,BCHAOS,wait120,157.3,False,False,,,0,6,,,0.0,2352483673629,20075298,133,860,9.28,False,dex,0,25,5,5.0,25,5,1080.81,1080.81,2.57,2.57,1204.86
1788300372,3FzXCAuSpVGGF67d2xQR5pnTAWopHdCR3qQKeuaA8Pu3,BCHAOS,dexctl,157.3,False,False,,,0,6,,,0.7460092458778645,2304699672247,20075298,133,860,9.28,False,dex,0,25,5,5.0,25,5,1080.81,1080.81,2.57,2.57,1204.86
1788300372,AHvTvZxNCSngvGvn3sQsbZyCTjroDWBNNDo71tfWw6ze,MACHINE,dexctl,200.3,False,False,,,0,6,,,0.0,612279376339819,20075298,824,246,200.98,False,dex,0,272,77,3.532,272,77,3256.45,3256.45,140.0,140.0,
1788300372,EFcpvvF4K5fphYGPmZyFGDHWU8qt7JWpcFcwCh5Ppump,michi,dexctl,134.3,False,False,,,0,6,,,0.0,708693515935,20075298,392,186,126.45,False,dex,0,9,9,1.0,9,9,572.1,572.1,-8.94,-8.94,
1788300372,GMuhC8FuvLmM21qkoDfkeEP883aaaukHg2E2MUr1pump,BROKE,dexctl,134.3,False,False,,,0,6,,,0.8094273607100503,708693515699,20075298,289,324,53.52,False,dex,0,11,6,1.833,11,6,84.88,84.88,1.05,1.05,
1788300372,nw2A8ExUwmSqndnUzRNhvs3GpAj7J5mHJWP9RJYpump,AMC,dexctl,141.3,False,False,,,0,6,,,0.0,708693515912,20075298,1000,35,1714.29,True,dex,0,7,8,0.875,7,8,2573.93,2573.93,-17.36,-17.36,
1788300372,7JmFptzKMrDJbpQ9mvtAcYmbjNZ4aT3beG7Duc6Epump,fshnga,dexctl,141.3,False,False,,,0,6,,,1.145703345465205,708693516030,20075298,2,307,0.39,False,dex,0,1,0,1.0,1,0,9.96,9.96,,,
1788300372,9CWTXf6wS6iNsim88FVHsM9P8dddnE8pyWNCnMyFpump,NOGE,dexctl,142.3,False,False,,,0,6,,,0.0,708693515959,20075298,292,63,278.1,False,dex,0,4,4,1.0,4,4,405.31,405.31,-6.35,-6.35,
1788300372,AHvTvZxNCSngvGvn3sQsbZyCTjroDWBNNDo71tfWw6ze,MACHINE,surge,200.3,False,False,,,0,6,,,0.0,612279376339819,20075298,824,246,200.98,False,dex,0,272,77,3.532,272,77,3256.45,3256.45,140.0,140.0,
1788300372,AHvTvZxNCSngvGvn3sQsbZyCTjroDWBNNDo71tfWw6ze,MACHINE,surge1h,200.3,False,False,,,0,6,,,0.0,612279376339819,20075298,824,246,200.98,False,dex,0,272,77,3.532,272,77,3256.45,3256.45,140.0,140.0,
1788300733,7T66Xk39U5UzZwsTQaYLfQgLmkQJ4QAh76hztb8nv3AN,SEND,dexctl,344.8,False,False,,,0,6,,,0.9842612040846497,707634326075,20045275,1000,106,566.04,True,dex,0,19,16,1.188,19,16,4641.99,4641.99,-16.31,-16.31,
1788300733,2z2bQCYc2voQ3B1AQKz64W2pk2FHG4J2WjCqUsYapump,FLY,dexctl,345.8,False,False,,,0,6,,,1.1020975718472503,657741434173,20045275,257,18,856.67,False,dex,0,9,6,1.5,9,6,308.39,308.39,1.81,1.81,
1788300733,GgBXXTNfoWN2Us9fv9jvF4mSZUfHYPFvnxqXmr4Hpump,HOLD,surge,340.8,False,False,,,0,6,,,0.0,707555901829,20045275,1000,125,480.0,True,dex,0,72,34,2.118,72,34,8212.56,8212.56,-11.85,-11.85,
1788300733,EQL53mJYGMdBrmYJZcuVCkc3uCFAV9vFsMxByudjpump,QUADDLE,surge,366.8,False,False,,,0,6,,,0.0,681029514916,20045275,1000,340,176.47,True,dex,0,33,15,2.2,33,15,1729.71,1729.71,2.37,2.37,
1788300733,G79mFVjK9Q1Wt72GSEt8tuzxTtE3Zcqzw5jbJZBApump,TIPSYDOG,surge,453.8,False,False,,,0,6,,,2.2891750865780667,36605902235,20045275,873,80694,0.65,False,dex,0,55,19,2.895,55,19,3129.47,3129.47,11.24,11.24,16223.32
1788300733,A2waByMJUVePfFBwNUQxJi8gj7VUL2jETEFPpQbm3fp4,DE,surge,169.8,False,False,,,0,6,,,0.0,182831157059,20045275,1000,255,235.29,True,dex,0,408,178,2.292,408,178,35440.71,35440.71,60.25,60.25,21583.51
1788300733,GgBXXTNfoWN2Us9fv9jvF4mSZUfHYPFvnxqXmr4Hpump,HOLD,surge1h,340.8,False,False,,,0,6,,,1.2667230039182302,707634325910,20045275,1000,125,480.0,True,dex,0,72,34,2.118,72,34,8212.56,8212.56,-11.85,-11.85,
1788300733,EQL53mJYGMdBrmYJZcuVCkc3uCFAV9vFsMxByudjpump,QUADDLE,surge1h,366.8,False,False,,,0,6,,,0.0,703618756652,20045275,1000,340,176.47,True,dex,0,33,15,2.2,33,15,1729.71,1729.71,2.37,2.37,
1788300733,G79mFVjK9Q1Wt72GSEt8tuzxTtE3Zcqzw5jbJZBApump,TIPSYDOG,surge1h,453.8,False,False,,,0,6,,,1.054936170640714,36323343228,20045275,873,80694,0.65,False,dex,0,55,19,2.895,55,19,3129.47,3129.47,11.24,11.24,16223.32
1788300733,A2waByMJUVePfFBwNUQxJi8gj7VUL2jETEFPpQbm3fp4,DE,surge1h,169.8,False,False,,,0,6,,,0.0,178721497371,20045275,1000,255,235.29,True,dex,0,408,178,2.292,408,178,35440.71,35440.71,60.25,60.25,21583.51
1788300733,AEk9xyo2UVqANcJeJvwAP5TUWEB3xU7mgZGjrAQ3DfSD,Rabbit,volume,358.8,False,False,,,0,6,,,0.5152210090861659,2623423372,20045275,1000,395,151.9,True,dex,0,29,24,1.208,29,24,14058.63,14058.63,119.0,119.0,34842.41
1788300733,57Mym7YGM5eYZd6McPj7YtNSxDQNvk1gAfe85fUyfv4i,Goblin,volume,343.8,False,False,,,0,6,,,0.0,363548485285,20045275,1000,446,134.53,True,dex,0,162,151,1.073,162,151,19495.76,19495.76,446.0,446.0,
1788300733,hY4ArHCVyKd4Zd9mM2LTJ7PduZ9a3qM4fwPKqNQpump,HOLD,volume,366.8,False,False,,,0,6,,,1.2887126868962253,173360696757,20045275,1000,349,171.92,True,dex,0,330,260,1.269,330,260,25035.32,25035.32,333.0,333.0,
1788301044,3TDoPe3AvTE6ycFFo7Z4ka3heQCvUcuLyFMbAy3ipump,BTC,wait120,169.6,False,False,,,0,6,,,1.170506871101404,708585821188,20072246,1000,118,508.47,True,dex,0,38,42,0.905,38,42,4166.06,4166.06,-11.97,-11.97,
1788301044,8ZvcBi6AXMqR3G194ocZmQqqAepnFF6nQMm1YsoEpump,froge,wait120,170.6,False,False,,,0,6,,,1.0890693658921566,708393581407,20072246,1000,68,882.35,True,dex,0,26,30,0.867,26,30,6282.89,6282.89,-6.25,-6.25,
1788301044,Cj3upTXz6cYCP1TLbyF5AseKX4hqaWK7eiRqR7uu6npU,QCAT,wait120,179.6,False,False,,,0,6,,,1.336192007302715,14720375636,20072246,1000,3,,True,dex,0,1852,1584,1.169,1852,1584,204148.49,204148.49,299.0,299.0,32386.07
1788301044,3TDoPe3AvTE6ycFFo7Z4ka3heQCvUcuLyFMbAy3ipump,BTC,dexctl,169.6,False,False,,,0,6,,,1.1258288301049844,708585821188,20072246,1000,118,508.47,True,dex,0,38,42,0.905,38,42,4166.06,4166.06,-11.97,-11.97,
1788301044,8ZvcBi6AXMqR3G194ocZmQqqAepnFF6nQMm1YsoEpump,froge,dexctl,170.6,False,False,,,0,6,,,1.100887187718797,708393581407,20072246,1000,68,882.35,True,dex,0,26,30,0.867,26,30,6282.89,6282.89,-6.25,-6.25,
1788301044,eH1DAyg2tg5HLbSCgc43cDW4bUYtMwqA4S8wdNWpump,SPITZ,dexctl,180.6,False,False,,,0,6,,,1.1323986073522772,477277048878,20072246,13,182,4.29,False,dex,0,7,5,1.4,7,5,129.94,129.94,45.35,45.35,
1788301044,GtcQeGxeQexcXkhZfk9gRCZxWLdEfBCDorrSjwwBfKMP,ASSDAQ,dexctl,254.6,False,False,,,0,6,,,0.0,520271666556258,20072246,470,70,402.86,False,dex,0,97,103,0.942,97,103,3578.32,3578.32,237.0,237.0,
1788301044,8AYS6A3bYov2osBXJ3D2waKqu12Z8rDWW9yMBdTApump,soggynugge,dexctl,194.6,False,False,,,0,6,,,1.0752659340821764,708119647562,20072246,8,25,19.2,False,dex,0,3,4,0.75,3,4,54.24,54.24,,,
1788301044,4n2xMNL2nwEbJfzGnu9T54C1HeEfmduGgrMXyTcUpump,froge,dexctl,203.6,False,False,,,0,6,,,1.1114913846969963,708585820928,20072246,1000,30,2000.0,True,dex,0,43,44,0.977,43,44,6594.48,6594.48,-6.27,-6.27,
1788301044,29qR3NdoMHQ2TFRmajKHCar1naCasugkE6pGM7Ckpump,BONER,surge,247.6,False,False,,,0,6,,,0.18447701446682907,280373110,20072246,1000,448,133.93,True,dex,0,437,48,9.104,437,48,108819.62,108819.62,16762.0,16762.0,219782.01
1788301044,29qR3NdoMHQ2TFRmajKHCar1naCasugkE6pGM7Ckpump,BONER,surge1h,247.6,False,False,,,0,6,,,0.16575488490061346,279967622,20072246,1000,448,133.93,True,dex,0,437,48,9.104,437,48,108819.62,108819.62,16762.0,16762.0,219782.01
1788301044,6k3LbzJ77PNMXfTtSgAwc42CRZYN6e1K3HuC8z6DgL9w,RETARD,volume,242.6,False,False,,,0,6,,,0.0,3548699892,20072246,627,553,68.03,False,dex,0,138,129,1.07,138,129,15845.19,15845.19,49.15,49.15,32024.93
1788301044,29qR3NdoMHQ2TFRmajKHCar1naCasugkE6pGM7Ckpump,BONER,volume,247.6,False,False,,,0,6,,,0.12144251839868109,279308129,20072246,1000,448,133.93,True,dex,0,437,48,9.104,437,48,108819.62,108819.62,16762.0,16762.0,219782.01
1788301326,729x1sJ6ZKRyPu99LewrMHnH1bKY9yikzHuJv1q5pump,HLLGNX,wait120,161.3,False,False,,,0,6,,,1.1254107762984074,418049202020,20094029,1000,211,284.36,True,,,,,,,,,,,,
1788301326,Hsm9B7TrmGEGg9M3rEMughAuDoBF5nd87uGLv5B6pump,Pair,wait120,155.8,False,False,,,0,6,,,0.0,709354325095,20094029,1000,186,322.58,True,,,,,,,,,,,,
1788301326,AUBvV6pKYApjG9tKuLFJuqRanhhoJ6rhi2DMP3ALpump,Pear,wait120,155.7,False,False,,,0,6,,,0.4206177893924432,709354324882,20094029,1000,137,437.96,True,,,,,,,,,,,,
1788301326,Aax33ynURrAKhKVrYPCFMKXUXsqZ8HL4X4oYyipxpump,NI,dexctl,350.1,False,False,,,0,6,,,2.1904953779446035,47155333527,20094029,1000,9,6666.67,True,dex,0,633,625,1.013,633,625,50048.2,50048.2,-15.61,-15.61,13859.93
1788301326,Df9fXLpJ2PkGADz1FxUvsZp2PV1ByHydmDQtmM3aT1fj,HeeHaw,dexctl,265.1,False,False,,,0,6,,,0.0,549632652170076,20094029,260,51,305.88,False,dex,0,56,50,1.12,56,50,1678.95,1678.95,33.85,33.85,
1788301326,C3dfMbVzsWtobvqnZHyPxnyCRipmdEb6DFV8asMvsTfR,memecat,dexctl,482.1,False,False,,,0,6,,,0.0,612315716265162,20094029,1000,269,223.05,True,dex,0,64,22,2.909,494,238,822.94,7888.94,5.86,138.0,
1788301326,HA47srd8D8AaGnA1YMBNnwNFfs6qi7QwBwcNnTa8pump,CALL,dexctl,235.1,False,False,,,0,6,,,0.0,701257742438,20094029,1000,74,810.81,True,dex,0,41,37,1.108,41,37,5630.41,5630.41,-11.09,-11.09,
1788301326,51WAkMyThxhVbxzMQuo4omeHNE3PwgMFahQExKGTpump,RI,dexctl,237.1,False,False,,,0,6,,,1.2959057571741142,709354324079,20094029,1000,407,147.42,True,dex,0,48,56,0.857,48,56,7720.87,7720.87,-13.73,-13.73,
1788301326,CtYzCuR6YhvnQp7G9JosXbpR4Fz4bdWRB7Fj4E2epump,NC,dexctl,240.1,False,False,,,0,6,,,0.0,709354325000,20094029,449,47,573.19,False,dex,0,6,8,0.75,6,8,407.22,407.22,-6.27,-6.27,
1788301326,C3dfMbVzsWtobvqnZHyPxnyCRipmdEb6DFV8asMvsTfR,memecat,surge,482.1,False,False,,,0,6,,,0.0,612317996567902,20094029,1000,269,223.05,True,dex,0,64,22,2.909,494,238,822.94,7888.94,5.86,138.0,
1788301326,AbRbRTFnHcLWmXVcLjwtR9ZBxptnoLJSA1tjuvKEpump,Saitama,surge,230.1,False,False,,,0,6,,,1.055204621354532,708061695780,20094029,1000,258,232.56,True,dex,0,54,9,6.0,54,9,595.97,595.97,3.42,3.42,
1788301326,EWd2QiqaxcK8Nftu9Cob8RUphEw8DWZFeSncnrcypump,smf,surge,235.1,False,False,,,0,6,,,0.0,709354323961,20094029,405,393,61.83,False,dex,0,41,5,8.2,41,5,504.18,504.18,1.8,1.8,
1788301326,C3dfMbVzsWtobvqnZHyPxnyCRipmdEb6DFV8asMvsTfR,memecat,surge1h,482.1,False,False,,,0,6,,,0.0,612317996567902,20094029,1000,269,223.05,True,dex,0,64,22,2.909,494,238,822.94,7888.94,5.86,138.0,
1788301326,AbRbRTFnHcLWmXVcLjwtR9ZBxptnoLJSA1tjuvKEpump,Saitama,surge1h,230.1,False,False,,,0,6,,,1.097601958031829,708061695780,20094029,1000,258,232.56,True,dex,0,54,9,6.0,54,9,595.97,595.97,3.42,3.42,
1788301326,EWd2QiqaxcK8Nftu9Cob8RUphEw8DWZFeSncnrcypump,smf,surge1h,235.1,False,False,,,0,6,,,0.0,709354323961,20094029,405,393,61.83,False,dex,0,41,5,8.2,41,5,504.18,504.18,1.8,1.8,
1788301326,29qR3NdoMHQ2TFRmajKHCar1naCasugkE6pGM7Ckpump,BONER,deep,529.1,False,False,,,0,6,,,0.21825513690050619,275430239,20094029,1000,448,133.93,True,dex,0,437,48,9.104,437,48,108819.62,108819.62,16762.0,16762.0,219782.01
1788301673,ELLWiko5nTh7k7SRJSsBCu55GWPnhwk2iVbPkWq2HWt6,KFC,wait120,,False,False,,,0,6,,,0.0,2492339187,20085788,609,234,156.15,False,,,,,,,,,,,,
1788301673,65KNMEZMeBEbSWeWLXij5b9oq9RNC3HVwCrrCHEypump,[invalid],wait120,,False,False,,,0,6,,,0.0,343681951007,20085788,1000,315,190.48,True,,,,,,,,,,,,
1788301673,J57kqhdeBCeHiK94CTs8hYUWMgmUMPWhtuyDcDA5pump,Pair,dexctl,124.1,False,False,,,0,6,,,0.7425665255100734,693546089662,20085788,1000,198,303.03,True,dex,0,112,110,1.018,112,110,9993.27,9993.27,3.82,3.82,
1788301673,DgGrH6tUag2ebzoQ6zdFsA7bT6Um7JggHhKPEA4rswrm,VANITY,dexctl,137.1,False,False,,,0,6,,,0.8301276763915322,564137268604,20085788,58,92,37.83,False,dex,0,27,25,1.08,27,25,3273.57,3273.57,6.19,6.19,
1788301673,2SHEx7Zxi5Hf61ru9Y6qy7P9aeHnQreiob9EHT6ipump,GS,dexctl,129.1,False,False,,,0,6,,,0.28961441888916667,66707457737,20085788,1000,72,833.33,True,dex,0,815,647,1.26,815,647,63519.25,63519.25,41.45,41.45,18497.91
1788301673,35SyXKP2QBmZT2TdCadDRa8ZUWNjS8rQVGokx9Qbpump,THRASHING,dexctl,130.1,False,False,,,0,6,,,0.8778490458166558,709063569259,20085788,3,122,1.48,False,dex,0,1,1,1.0,1,1,19.66,19.66,-0.79,-0.79,
1788301673,2SHEx7Zxi5Hf61ru9Y6qy7P9aeHnQreiob9EHT6ipump,GS,volume,129.1,False,False,,,0,6,,,1.8027659492465282,55313919898,20085788,1000,72,833.33,True,dex,0,815,647,1.26,815,647,63519.25,63519.25,41.45,41.45,18497.91
1788301955,A4NFwR7FUcCvkLErJY4RKpadtyEC7WsxP4JcGQ29pump,Core ,wait120,299.9,False,False,,,0,6,,,0.8767375490534803,709869674464,20121884,6,10,36.0,False,dex,0,2,3,0.667,2,3,50.1,50.1,,,
1788301955,9JJ7NuysujukcKwSEXijYWn7XgsZaHQDRAv8FcPzxa5H,MUNTEN,wait120,182.3,False,False,,,0,6,,,1.2020074848222981,709994381827,20121884,1000,103,582.52,True,,,,,,,,,,,,
1788301955,A4NFwR7FUcCvkLErJY4RKpadtyEC7WsxP4JcGQ29pump,Core ,dexctl,299.9,False,False,,,0,6,,,0.9060597298876929,709869674464,20121884,6,10,36.0,False,dex,0,2,3,0.667,2,3,50.1,50.1,,,
1788301955,CkYRLpZKkhHntzcLvBpKWzSVZvygy3jxANtmXvxVMRQ2,SHELLY,dexctl,301.9,False,False,,,0,6,,,1.0982147904404351,688626927104,20121884,1000,400,150.0,True,dex,0,83,65,1.277,83,65,7653.99,7653.99,42.22,42.22,
1788301955,HzQKtbondLw3AY3AkjGq1LwE2wWHbaFwpjUe9sQ9pump,loooooooong,dexctl,303.9,False,False,,,0,6,,,0.8343667429973649,687775104632,20121884,1000,388,154.64,True,dex,0,131,115,1.139,131,115,11217.52,11217.52,23.61,23.61,
1788301955,DDFBPpg1zxGQ2TP38mAyoRGJsMNtBwtjFa6ZHwGXpump,Poppo,dexctl,309.9,False,False,,,0,6,,,0.0,709914743304,20121884,1000,289,207.61,True,dex,0,23,21,1.095,23,21,3259.8,3259.8,-9.73,-9.73,
1788301955,HF4N2gUNVnBPECHZQGLRovrzhY6NaBMNQJn6wekPpump,sludge,dexctl,310.9,False,False,,,0,6,,,1.3924263637569885,708445205213,20121884,1000,127,472.44,True,dex,0,12,13,0.923,12,13,1995.16,1995.16,-17.36,-17.36,
1788301955,C31Tk6riHpteZrBk5FRMFbw5VJ5pwVLkLNgT7Qe8m22J,Eloooong,dexctl,312.9,False,False,,,0,6,,,1.4099630455276915,645452862496,20121884,1000,427,140.52,True,dex,0,474,399,1.188,474,399,43199.44,43199.44,221.0,221.0,
1788301955,Hxu7HADXovADi4QBGrvHoUaQMu1wa1AnjHvkw749BCA2,GS,surge,350.9,False,False,,,0,6,,,0.0,163436561643,20121884,1000,186,322.58,True,dex,0,514,165,3.115,514,165,41778.81,41778.81,14.89,14.89,18500.24
1788301955,HpxeK7kF6Y2bGWTnQhDwMC5ktxWNmz8AqT3LiM8VMv84,fone,surge,331.9,False,False,,,0,6,,,0.7081306078190357,99675392193,20121884,975,605,96.69,False,dex,0,206,20,10.3,206,20,1764.66,1764.66,8.36,8.36,27991.55
1788301955,Hxu7HADXovADi4QBGrvHoUaQMu1wa1AnjHvkw749BCA2,GS,surge1h,350.9,False,False,,,0,6,,,0.0,160199944088,20121884,1000,186,322.58,True,dex,0,514,165,3.115,514,165,41778.81,41778.81,14.89,14.89,18500.24
1788301955,HpxeK7kF6Y2bGWTnQhDwMC5ktxWNmz8AqT3LiM8VMv84,fone,surge1h,331.9,False,False,,,0,6,,,0.13544498568347624,98699169116,20121884,975,605,96.69,False,dex,0,206,20,10.3,206,20,1764.66,1764.66,8.36,8.36,27991.55
1788301955,CkYRLpZKkhHntzcLvBpKWzSVZvygy3jxANtmXvxVMRQ2,SHELLY,volume,301.9,False,False,,,0,6,,,0.0,708415408543,20121884,1000,400,150.0,True,dex,0,83,65,1.277,83,65,7653.99,7653.99,42.22,42.22,
1788301955,HzQKtbondLw3AY3AkjGq1LwE2wWHbaFwpjUe9sQ9pump,loooooooong,volume,303.9,False,False,,,0,6,,,0.0,709715770197,20121884,1000,388,154.64,True,dex,0,131,115,1.139,131,115,11217.52,11217.52,23.61,23.61,
1788301955,C31Tk6riHpteZrBk5FRMFbw5VJ5pwVLkLNgT7Qe8m22J,Eloooong,volume,312.9,False,False,,,0,6,,,0.814934919426261,654598142460,20121884,1000,427,140.52,True,dex,0,474,399,1.188,474,399,43199.44,43199.44,221.0,221.0,
1788301955,HpxeK7kF6Y2bGWTnQhDwMC5ktxWNmz8AqT3LiM8VMv84,fone,deep,331.9,False,False,,,0,6,,,0.17120534081662345,98699169116,20121884,975,605,96.69,False,dex,0,206,20,10.3,206,20,1764.66,1764.66,8.36,8.36,27991.55
1788302276,9Coi7Ax8sRaVg92x6pL2qkcDqtgAu3uhHwTnYQVwmoon,DIRTYDAN,wait120,122.2,False,False,,,0,6,,,0.6224018510941521,396732743049,20091376,2,42,2.86,False,dex,0,2,0,2.0,2,0,4.98,4.98,0.1,0.1,
1788302276,6sySrMF1h3AkU3feF6K3EyXSxqUrsugkEXkK3xSVpump,test,wait120,124.2,False,False,,,0,6,,,0.928115569962819,706434441371,20091376,258,167,92.69,False,dex,0,11,6,1.833,11,6,331.85,331.85,-4.88,-4.88,
1788302276,3KScqHw9gX4M9LeuMK8Ltu4FnWYrrpaDddESEeaVpump,FLŌKI,wait120,124.2,False,False,,,0,6,,,1.1506580761465246,709260704655,20091376,3,7,25.71,False,dex,0,1,1,1.0,1,1,11.79,11.79,-0.39,-0.39,
1788302276,69oMTdGawnceymLhFHNUKMdWqu8n9Y6dj126iH6KynNu,CRACK,wait120,246.2,False,False,,,0,6,,,0.0,520401896040297,20091376,237,127,111.97,False,dex,0,60,50,1.2,60,50,1917.73,1917.73,311.0,311.0,
1788302276,9Coi7Ax8sRaVg92x6pL2qkcDqtgAu3uhHwTnYQVwmoon,DIRTYDAN,dexctl,122.2,False,False,,,0,6,,,0.6160359618978641,396801551939,20091376,2,42,2.86,False,dex,0,2,0,2.0,2,0,4.98,4.98,0.1,0.1,
1788302276,6sySrMF1h3AkU3feF6K3EyXSxqUrsugkEXkK3xSVpump,test,dexctl,124.2,False,False,,,0,6,,,1.2091515956720529,709260704300,20091376,258,167,92.69,False,dex,0,11,6,1.833,11,6,331.85,331.85,-4.88,-4.88,
1788302276,3KScqHw9gX4M9LeuMK8Ltu4FnWYrrpaDddESEeaVpump,FLŌKI,dexctl,124.2,False,False,,,0,6,,,1.167962862365911,709260704655,20091376,3,7,25.71,False,dex,0,1,1,1.0,1,1,11.79,11.79,-0.39,-0.39,
1788302276,69oMTdGawnceymLhFHNUKMdWqu8n9Y6dj126iH6KynNu,CRACK,dexctl,246.2,False,False,,,0,6,,,0.0,520401896040297,20091376,237,127,111.97,False,dex,0,60,50,1.2,60,50,1917.73,1917.73,311.0,311.0,
1788302276,BQmpqk8TnmqV3ZFzCYPsq3hnaiMeVz6a4mSupuoNpump,ASTEROID,dexctl,125.2,False,False,,,0,6,,,1.0051646570423864,709260704513,20091376,1000,60,1000.0,True,dex,0,6,6,1.0,6,6,1370.2,1370.2,-11.97,-11.97,
1788302276,FJiFFvmmS5H841KNkGQqpQid5JwmUZWYUGbgqTaKpump,Boomer,dexctl,129.2,False,False,,,0,6,,,2.083836567712559,673757076853,20091376,1000,302,198.68,True,dex,0,7,4,1.75,7,4,410.41,410.41,1.91,1.91,
1788302276,KCd23B1v494ydsSG6Uxivqdc86nyBaGkEpsyw8Bpump,VILLAIN,dexctl,131.2,False,False,,,0,6,,,1.5814128061319974,219422574745,20091376,179,339,31.68,False,dex,0,34,2,17.0,34,2,2153.53,2153.53,22.27,22.27,
1788302276,AWLNBJ9XE6zP4HMC7jTztgK3RA8TeCYofKTyCVW3pump,BITCOIN,dexctl,134.2,False,False,,,0,6,,,1.0353020773387047,709260704229,20091376,1000,40,1500.0,True,dex,0,17,17,1.0,17,17,3108.8,3108.8,-12.11,-12.11,
1788302276,DcaDfWcKcbhCdonF3zzGvjdDTuNCrJNJVhqnwNVupump,Thrust,dexctl,137.2,False,False,,,0,6,,,3.4842915783731145,599112502100,20091376,1000,280,214.29,True,dex,0,199,195,1.021,199,195,29805.1,29805.1,-56.6,-56.6,
1788302276,4QMAAvErHy1KbrxV4DsK2CRjoaADugQGDAVfVHyBpump,wendy,dexctl,137.2,False,False,,,0,6,,,0.0,709260704277,20091376,1000,74,810.81,True,dex,0,18,24,0.75,18,24,3673.5,3673.5,-26.53,-26.53,
1788302276,KCd23B1v494ydsSG6Uxivqdc86nyBaGkEpsyw8Bpump,VILLAIN,surge,131.2,False,False,,,0,6,,,1.3883149924800742,206016157091,20091376,179,339,31.68,False,dex,0,34,2,17.0,34,2,2153.53,2153.53,22.27,22.27,
1788302276,9U9U56YHPNk8ZHfoqYRnCAFMGQ4ufXcJzGPC4V2Ypump,SHITDAQ,surge,143.2,False,False,,,0,6,,,1.041401684821937,695327943328,20091376,1000,362,165.75,True,dex,0,40,17,2.353,40,17,1825.78,1825.78,-19.43,-19.43,
1788302276,KCd23B1v494ydsSG6Uxivqdc86nyBaGkEpsyw8Bpump,VILLAIN,surge1h,131.2,False,False,,,0,6,,,1.3077541143288562,203181652983,20091376,179,339,31.68,False,dex,0,34,2,17.0,34,2,2153.53,2153.53,22.27,22.27,
1788302276,9U9U56YHPNk8ZHfoqYRnCAFMGQ4ufXcJzGPC4V2Ypump,SHITDAQ,surge1h,143.2,False,False,,,0,6,,,0.9767689355614319,695327943328,20091376,1000,362,165.75,True,dex,0,40,17,2.353,40,17,1825.78,1825.78,-19.43,-19.43,
1788302276,BEbiUQ32JQhkYoYf8tiiidFLL4pqi1og6BKYHPnqGx2a,UBIK,volume,146.2,False,False,,,0,6,,,0.0,520638476623409,20091376,928,123,452.68,False,dex,0,232,271,0.856,232,271,7484.47,7484.47,317.0,317.0,
1788302639,FXTRUJBNAbZJYqb8fmpuRF6eRBsNcDjAho5Fu2LSxWRN,UBIK,wait120,187.4,False,False,,,0,6,,,0.0,8810977009,20097336,1000,100,600.0,True,dex,0,173,188,0.92,173,188,5679.77,5679.77,321.0,321.0,
1788302639,8tqmm6HynZWzBJSNsD6rfXaD1B7XLuCatTpWsvftTrhy,fries,wait120,122.4,False,False,,,0,6,,,1.9974007671147012,279287955676,20097336,1000,180,333.33,True,dex,0,164,161,1.019,164,161,18309.45,18309.45,311.0,311.0,
1788302639,QAtZgu1NSYuuq2JhVankTU9r3N1u2FZLMQbBpzzpump,Adopters,wait120,124.4,False,False,,,0,6,,,1.273577373503246,706867021262,20097336,1000,167,359.28,True,dex,0,133,306,0.435,133,306,11428.45,11428.45,-11.59,-11.59,
1788302639,GW7ghKCUmStai23SEX3B6KBtondpXSSxtLsGvDmxpump,LALA,dexctl,441.4,False,False,,,0,6,,,2.467336180359004,739108758525,20097336,1000,301,199.34,True,dex,0,423,267,1.584,423,267,36308.94,36308.94,75.09,75.09,20724.26
1788302639,AhF5gWAgp8TJtHD54fv8dytvaakYVkDK84jYBheEpump,GrokPod,dexctl,441.4,False,False,,,0,6,,,0.0,709470984711,20097336,232,41,339.51,False,dex,0,1,1,1.0,1,1,198.99,198.99,-6.35,-6.35,
1788302639,mZ6DfLQc21q9ngaNgU15N3dX8dK2m113k4vMbobpump,PumpBunny,dexctl,445.4,False,False,,,0,6,,,1.1852476762492625,31100733692,20097336,1000,112,535.71,True,dex,0,261,44,5.932,261,44,31717.42,31717.42,517.0,517.0,40579.03
1788302639,8bqE4t6N13H6dkYLCTHno7ExCCQ9UBiaeTHq71fMpump,Reigns,dexctl,447.4,False,False,,,0,6,,,0.0,709470984616,20097336,565,41,826.83,False,dex,0,11,8,1.375,11,8,622.35,622.35,-5.31,-5.31,
1788302639,G79mFVjK9Q1Wt72GSEt8tuzxTtE3Zcqzw5jbJZBApump,TIPSYDOG,boost,2359.4,False,False,,,0,6,,,2.1894111094814215,37639451765,20097336,930,82637,0.68,False,boost,50,1,2,0.5,107,76,194.2,6233.33,-0.33,16.19,16608.95
1788302639,G79mFVjK9Q1Wt72GSEt8tuzxTtE3Zcqzw5jbJZBApump,TIPSYDOG,boost1h,2359.4,False,False,,,0,6,,,3.310446087003706,36133564371,20097336,930,82637,0.68,False,boost,50,1,2,0.5,107,76,194.2,6233.33,-0.33,16.19,16608.95
1788302639,mZ6DfLQc21q9ngaNgU15N3dX8dK2m113k4vMbobpump,PumpBunny,surge,445.4,False,False,,,0,6,,,1.1993162451045651,27511536964,20097336,1000,112,535.71,True,dex,0,261,44,5.932,261,44,31717.42,31717.42,517.0,517.0,40579.03
1788302639,3PpFCkwofoVLsvmN1BVQd7e1JPKNQzKmvNcFT83TvWXj,‮TACQ,surge,558.4,False,False,,,0,6,,,0.0,706497390294870,20097336,228,691,19.8,False,dex,0,33,15,2.2,101,44,655.37,2630.05,1.24,17.34,
1788302639,ApPSpyftapBUG2BYt9ucCKCTQC9L3xPjnJfXt7pvJQBW,Pillheads,surge,295.4,False,False,,,0,6,,,0.0,43547704178408,20097336,1000,305,196.72,True,dex,0,318,94,3.383,393,125,3092.58,4530.26,32.3,139.0,
1788302639,mZ6DfLQc21q9ngaNgU15N3dX8dK2m113k4vMbobpump,PumpBunny,surge1h,445.4,False,False,,,0,6,,,1.1520214220559863,28615153791,20097336,1000,112,535.71,True,dex,0,261,44,5.932,261,44,31717.42,31717.42,517.0,517.0,40579.03
1788302639,3PpFCkwofoVLsvmN1BVQd7e1JPKNQzKmvNcFT83TvWXj,‮TACQ,surge1h,558.4,False,False,,,0,6,,,0.0,706497390294870,20097336,228,691,19.8,False,dex,0,33,15,2.2,101,44,655.37,2630.05,1.24,17.34,
1788302639,GW7ghKCUmStai23SEX3B6KBtondpXSSxtLsGvDmxpump,LALA,volume,441.4,False,False,,,0,6,,,1.553438476296733,759655558475,20097336,1000,301,199.34,True,dex,0,423,267,1.584,423,267,36308.94,36308.94,75.09,75.09,20724.26
1788302639,mZ6DfLQc21q9ngaNgU15N3dX8dK2m113k4vMbobpump,PumpBunny,volume,445.4,False,False,,,0,6,,,0.3389306989193473,28855077903,20097336,1000,112,535.71,True,dex,0,261,44,5.932,261,44,31717.42,31717.42,517.0,517.0,40579.03
1788302639,6NsxZpVx3gad2m2CV4ntMZhgvQGV1EtsVQENZtdZpump,BITCOIN,volume,455.4,False,False,,,0,6,,,1.3892792750937129,9895094656,20097336,351,717,29.37,False,dex,0,151,109,1.385,151,109,11245.66,11245.66,5822.0,5822.0,
1788302639,9EaamTvgfv9mHgmYqeJDnLZkM5ijxQUViWd3V5bgpump,MarsCoin,volume,465.4,False,False,,,0,6,,,0.33695628874874595,146032942837,20097336,1000,382,157.07,True,dex,0,455,425,1.071,455,425,44251.82,44251.82,32.3,32.3,
1788302639,GW7ghKCUmStai23SEX3B6KBtondpXSSxtLsGvDmxpump,LALA,deep,441.4,False,False,,,0,6,,,1.5326009212699614,759655558475,20097336,1000,301,199.34,True,dex,0,423,267,1.584,423,267,36308.94,36308.94,75.09,75.09,20724.26
1788302639,mZ6DfLQc21q9ngaNgU15N3dX8dK2m113k4vMbobpump,PumpBunny,deep,445.4,False,False,,,0,6,,,1.0880484736495621,25564569191,20097336,1000,112,535.71,True,dex,0,261,44,5.932,261,44,31717.42,31717.42,517.0,517.0,40579.03
1788303021,AutvmseHcZv2L2cfZ9YZWDrrPdvcUsW4nNBfUoXb4wpn,Pillheads,wait120,,False,False,,,0,6,,,0.0,187237714521,20039834,1000,145,413.79,True,,,,,,,,,,,,
1788303021,CLJLNb6XDPhihdhrUfiTgWQbYn9ezbEmGovtC1A7TWYU,‮ORCIM,wait120,157.7,False,False,,,0,6,,,0.0,479538894267161,20039834,32,124,15.48,False,dex,0,17,2,8.5,17,2,1201.89,1201.89,15.11,15.11,
1788303021,CLJLNb6XDPhihdhrUfiTgWQbYn9ezbEmGovtC1A7TWYU,‮ORCIM,dexctl,157.7,False,False,,,0,6,,,0.0,479538894267161,20039834,32,124,15.48,False,dex,0,17,2,8.5,17,2,1201.89,1201.89,15.11,15.11,
1788303021,8kfD4rcg8VQLMBELa2iB8ZV2vLaErmKyrLPVBEYoAmzE,IMPOSTER,dexctl,122.7,False,False,,,0,6,,,0.0,707352832689,20039834,1000,71,845.07,True,dex,0,28,29,0.966,28,29,4191.65,4191.65,-17.16,-17.16,
1788303021,FaKWwXtxc7Y1PNhXx5U3sPM7KB91waW84QetwNropump,Naildog,dexctl,122.7,False,False,,,0,6,,,1.1991264599173999,704305078838,20039834,1000,257,233.46,True,dex,0,312,391,0.798,312,391,23218.79,23218.79,-11.72,-11.72,
1788303216,6WScVHqYQZhasyi1Xs8JqR4bUu5kQpYUGeSRdd54CJVA,BITCOIN,wait120,251.1,False,False,,,0,6,,,1.344591861549735,468259917853,20057591,1000,254,236.22,True,dex,0,79,55,1.436,79,55,8607.01,8607.01,75.66,75.66,
1788303216,6WScVHqYQZhasyi1Xs8JqR4bUu5kQpYUGeSRdd54CJVA,BITCOIN,dexctl,251.1,False,False,,,0,6,,,1.2889158190512986,468259917853,20057591,1000,254,236.22,True,dex,0,79,55,1.436,79,55,8607.01,8607.01,75.66,75.66,
1788303216,FaiaNhVL9bFKtYQoK435wkojUC2YeyPdAjvdRqK2pump,Wallop,dexctl,251.1,False,False,,,0,6,,,0.5901462612027589,708068854169,20057591,2,61,1.97,False,dex,0,1,1,1.0,1,1,35.4,35.4,-1.17,-1.17,
1788303216,AZZp6BZjtPRK5WnnTCvpBAYpvigVmS57QKppfysDpump,SBV Coin,dexctl,260.1,False,False,,,0,6,,,0.0,34907233969519,20057591,1000,82,731.71,True,dex,0,119,108,1.102,119,108,1304.82,1304.82,-97.57,-97.57,
1788303216,7WdsKL5RRgd7CZP1oJmuMk3qUgXJDc8WgfCUBDdNpump,34%,dexctl,264.1,False,False,,,0,6,,,0.0,4451203650759,20057591,76,92,49.57,False,dex,0,40,32,1.25,40,32,848.95,848.95,-84.65,-84.65,
1788303216,3ajKPHBA3SVRzUEV9Zc2LYtnHnqhRwRPZRfnqAC7pump,CAGB,dexctl,264.1,False,False,,,0,6,,,1.3174268248611036,706669902443,20057591,3,107,1.68,False,dex,0,3,0,3.0,3,0,2.95,2.95,0.18,0.18,
1788303216,CnnLrD17a59TfuiREiYsLy12bozcRqK4BwZEoti1pump,QDOG,surge,310.1,False,False,,,0,6,,,1.619340916777087,249665586687,20057591,1000,464,129.31,True,dex,0,34,15,2.267,34,15,1857.96,1857.96,9.8,9.8,
1788303216,H7agASf9qNjv4hkwgWwayS6Lpeg9QsNakxrwHZzg9TPA,‮ORPEPA,surge,133.1,False,False,,,0,6,,,0.9561603685309015,4020555208,20057591,115,330,20.91,False,dex,0,39,9,4.333,39,9,1278.97,1278.97,15.98,15.98,
1788303216,EcQZrxTpsVT2rjowkm5X4nwThpq9WuG8VZrmekkBgBaw,Pillheads,surge,238.1,False,False,,,0,6,,,0.0,643181103491436,20057591,185,214,51.87,False,dex,0,103,41,2.512,103,41,2232.11,2232.11,101.0,101.0,
1788303216,CnnLrD17a59TfuiREiYsLy12bozcRqK4BwZEoti1pump,QDOG,surge1h,310.1,False,False,,,0,6,,,1.2531421145215529,661940419611,20057591,1000,464,129.31,True,dex,0,34,15,2.267,34,15,1857.96,1857.96,9.8,9.8,
1788303216,H7agASf9qNjv4hkwgWwayS6Lpeg9QsNakxrwHZzg9TPA,‮ORPEPA,surge1h,133.1,False,False,,,0,6,,,1.5863678318538146,3225003358,20057591,115,330,20.91,False,dex,0,39,9,4.333,39,9,1278.97,1278.97,15.98,15.98,
1788303216,6WScVHqYQZhasyi1Xs8JqR4bUu5kQpYUGeSRdd54CJVA,BITCOIN,volume,251.1,False,False,,,0,6,,,1.1108249939183004,652197434550,20057591,1000,254,236.22,True,dex,0,79,55,1.436,79,55,8607.01,8607.01,75.66,75.66,
1788303216,HhBP2mXLmRXscuWiNKWTWg825TJTqpz5NJcX5A3LwLER,LAZY,volume,201.1,False,False,,,0,6,,,2.477282846451236,18063953636,20057591,1000,5,12000.0,True,dex,0,857,687,1.247,857,687,54473.19,54473.19,8.43,8.43,16278.38
1788303491,ExJqbQoTzPhL6NQjFdcgWmp75uE1FNAQRo3iqEzapump,ETUSK,wait120,293.6,False,False,,,0,6,,,0.6178566858217944,708708196718,20075714,3,52,3.46,False,,,,,,,,,,,,
1788303491,FiAQdSKxCpYBfFLLjqcMrpLpzbw8xu82RFKkadypump,smoke ,wait120,284.2,False,False,,,0,6,,,1.2308622082917127,706841254316,20075714,4,106,2.26,False,,,,,,,,,,,,
1788303491,6aPuQadShuJxJjYfPUWH3U2pq7PiFM9VwPjhYXZMpump,QCAT,wait120,280.5,False,False,,,0,6,,,1.1918671635132974,708708196340,20075714,356,304,70.26,False,,,,,,,,,,,,
1788303491,9SmwSksTXMJDTUVzo3hQQUYGjUCom4ZSP448x7Ezpump, ,dexctl,297.7,False,False,,,0,6,,,0.5164346472999235,708708196718,20075714,8,24,20.0,False,dex,0,2,3,0.667,2,3,69.25,69.25,,,
1788303491,E9hdvQLz7pLV3ZCHx2TUVcpB1wjWMsp4dppdrzdopump,TOGI,dexctl,299.7,False,False,,,0,6,,,1.2141972871404025,702766933792,20075714,608,420,86.86,False,dex,0,7,2,3.5,7,2,338.39,338.39,21.88,21.88,
1788303491,24QvNVdB6sEQqM6FfguwXUitBVvMztkZKadWwy5ipump,OURO,dexctl,306.7,False,False,,,0,6,,,0.0,708708196553,20075714,130,5,1560.0,False,dex,0,5,8,0.625,5,8,1077.52,1077.52,-6.27,-6.27,
1788303491,9SCHCpC1a2GDYTNsqD6f4412PAJcP8rA1HxiLd7SGvVF,HUNG,dexctl,307.7,False,False,,,0,6,,,0.0703446344069237,708708196576,20075714,1000,182,329.67,True,dex,0,6,6,1.0,6,6,2623.47,2623.47,-28.71,-28.71,
1788303491,9PVE1JUoV6w3pT5pMmV9CKxguzS9ZovEoJg4R12Epump,Kitty,dexctl,314.7,False,False,,,0,6,,,0.49758768728027897,708708196694,20075714,1000,50,1200.0,True,dex,0,3,6,0.5,3,6,1086.04,1086.04,-17.36,-17.36,
1788303491,25cuCQT8z4QUQYzsnqRtp2mKisS5sc2aLKXKuKNfpump,DICKBUTT,dexctl,314.7,False,False,,,0,6,,,0.0,708708196718,20075714,5,77,3.9,False,dex,0,2,1,2.0,2,1,148.44,148.44,,,
1788303491,3FzXCAuSpVGGF67d2xQR5pnTAWopHdCR3qQKeuaA8Pu3,BCHAOS,boost,3276.7,False,False,,,0,6,,,0.4373604574178868,1716982376230,20075714,175,4039,2.6,False,boost,10,2,0,2.0,49,21,104.69,1903.43,37.92,38.01,1399.49
1788303491,3FzXCAuSpVGGF67d2xQR5pnTAWopHdCR3qQKeuaA8Pu3,BCHAOS,boost1h,3276.7,False,False,,,0,6,,,0.4088917386800094,1716982376230,20075714,175,4039,2.6,False,boost,10,2,0,2.0,49,21,104.69,1903.43,37.92,38.01,1399.49
1788303491,7Q1Svh8CFVnBgQoW8SzHzcUwHaq2aUkF4bxJcWXwpump,CYBERLEEK,surge,328.7,False,False,,,0,6,,,0.29421018685947015,284248782,20075714,1000,522,114.94,True,dex,0,123,2,61.5,123,2,99406.38,99406.38,15930.0,15930.0,214538.5
1788303491,ELSDKjPShog31HJxdiUfqRVhsj8MievfH6Nnk7Svpump,GB,surge,163.7,False,False,,,0,6,,,1.3440803714472804,707976553968,20075714,1000,218,275.23,True,dex,0,112,52,2.154,112,52,13027.49,13027.49,-16.99,-16.99,
1788303491,HtAJ1TsKq4E58XAdZLBhgF3waNwDyRtuPgvgjvcGcjFJ,GOLDINU,volume,319.7,False,False,,,0,6,,,0.0,29476450940,20075714,1000,4,,True,dex,0,120,82,1.463,120,82,10095.8,10095.8,246.0,246.0,
1788303491,7Q1Svh8CFVnBgQoW8SzHzcUwHaq2aUkF4bxJcWXwpump,CYBERLEEK,volume,328.7,False,False,,,0,6,,,0.2543679985311388,283228876,20075714,1000,522,114.94,True,dex,0,123,2,61.5,123,2,99406.38,99406.38,15930.0,15930.0,214538.5
1788303491,7Q1Svh8CFVnBgQoW8SzHzcUwHaq2aUkF4bxJcWXwpump,CYBERLEEK,deep,328.7,False,False,,,0,6,,,0.2631508427666864,283216018,20075714,1000,522,114.94,True,dex,0,123,2,61.5,123,2,99406.38,99406.38,15930.0,15930.0,214538.5
1788303880,9StemDJhPeX6DU8PQnXoigYjbA8sei5ZJzArzidhS4XQ,PUMPCADE,wait120,,False,False,,,0,6,,,0.18351028185289053,83086167818,20067876,22,247,5.34,False,,,,,,,,,,,,
1788303880,dmvH2uABD8mhLFmkR85mGowSmDyEsYtHDMcWTKRpump,Koko,wait120,,False,False,,,0,6,,,1.396839687309821,707194271470,20067876,1000,230,260.87,True,,,,,,,,,,,,
1788303880,5namN7MBuhwdvcNmqadXhJrjh1ASfK9HJQ8Y4poipump,69420,wait120,,False,False,,,0,6,,,1.4740818777616815,571006901828,20067876,1000,226,265.49,True,,,,,,,,,,,,
1788303880,2v1crU3y8tduf4Bz7KRCHyrq6GNs7E3tQf6vq5XmfSt8,‮TACQ,wait120,,False,False,,,0,6,,,0.6571675353184793,40622266740,20067876,120,352,20.45,False,,,,,,,,,,,,
1788303880,XiJsAt8WiySNQyHRmbY43HRJcwXAzckUJMXWEKY7777,彩礼币,dexctl,122.5,False,False,,,0,6,,,1.3700052134550045,5178023620,20067876,768,363,126.94,False,dex,0,2,0,2.0,2,0,1296.74,1296.74,49.98,49.98,
1788304148,DhyGBeq12SeAbUUvHToxYC61rwPUyaSjyzfqSNEjpump,BAGWORK,wait120,235.0,False,False,,,0,6,,,1.0063392066511636,660729031733,20038952,1000,267,224.72,True,dex,0,18,10,1.8,18,10,614.51,614.51,11.4,11.4,
1788304148,4ASFcTfVhs7C117Gc6Pkmpo8JhsPRooAPRFxAuiypump,pug,wait120,237.0,False,False,,,0,6,,,1.1622319571962545,707411293383,20038952,1000,218,275.23,True,dex,0,26,24,1.083,26,24,3139.29,3139.29,-10.99,-10.99,
1788304148,2keJ66rqiWLAd9sPqqFKTFfwzWKoY3KGdYtrha8spump,Vibes,wait120,240.0,False,False,,,0,6,,,1.3477300073404321,707411293854,20038952,249,76,196.58,False,dex,0,3,3,1.0,3,3,241.22,241.22,-6.35,-6.35,
1788304148,EJVwpGa1RsVNaJSPY8asEHfPN3Ad9j2dBr3io2Yepump,CHILLBLAS,wait120,241.0,False,False,,,0,6,,,0.6862281411206284,707411293901,20038952,3,25,7.2,False,dex,0,1,1,1.0,1,1,39.48,39.48,-1.31,-1.31,
1788304148,DhyGBeq12SeAbUUvHToxYC61rwPUyaSjyzfqSNEjpump,BAGWORK,dexctl,235.0,False,False,,,0,6,,,0.9455804089605452,660729031733,20038952,1000,267,224.72,True,dex,0,18,10,1.8,18,10,614.51,614.51,11.4,11.4,
1788304148,4ASFcTfVhs7C117Gc6Pkmpo8JhsPRooAPRFxAuiypump,pug,dexctl,237.0,False,False,,,0,6,,,1.2265301897732974,707411293383,20038952,1000,218,275.23,True,dex,0,26,24,1.083,26,24,3139.29,3139.29,-10.99,-10.99,
1788304148,2keJ66rqiWLAd9sPqqFKTFfwzWKoY3KGdYtrha8spump,Vibes,dexctl,240.0,False,False,,,0,6,,,1.3242154136790005,707411293854,20038952,249,76,196.58,False,dex,0,3,3,1.0,3,3,241.22,241.22,-6.35,-6.35,
1788304148,EJVwpGa1RsVNaJSPY8asEHfPN3Ad9j2dBr3io2Yepump,CHILLBLAS,dexctl,241.0,False,False,,,0,6,,,0.7028129125421484,707411293901,20038952,3,25,7.2,False,dex,0,1,1,1.0,1,1,39.48,39.48,-1.31,-1.31,
1788304148,GrCnjsxadgdXQxNvheRDq4F5VuryUw19gM18ANPVpump,Pamp,dexctl,248.0,False,False,,,0,6,,,2.1925235790719393,553005235931,20038952,1000,399,150.38,True,dex,0,15,10,1.5,15,10,1033.08,1033.08,6.08,6.08,
1788304148,BwpwLTytiF6zshcuxb7yrfEY2BCiRaAcLaxuDcccBqTm,PIG,dexctl,248.0,False,False,,,0,6,,,2.5297902764437294,18265649999,20038952,1000,4,,True,dex,0,1232,1011,1.219,1232,1011,91406.7,91406.7,-51.78,-51.78,10080.64
1788304385,Aov6G9uMcCvRrbK5GcPWik1Zky4121Ytv81Dnn3uXn16,💊,wait120,,False,False,,,0,6,,,0.0,992653146,20054723,1000,99,606.06,True,,,,,,,,,,,,
1788304385,7vhosxUhbyBAgwAQPgteYFnAwSEYWrc2pXrWiK8Upump,LOWCAP,wait120,122.2,False,False,,,0,6,,,0.0,703466458799,20054723,1000,275,218.18,True,dex,0,22,17,1.294,22,17,3288.84,3288.84,-16.64,-16.64,
1788304385,AhFKKNPHdaBh3iZVJzt8pUC2vpv6r5ZS4BWiKrPpump,LQX,wait120,125.2,False,False,,,0,6,,,1.234493312747787,423871391,20054723,602,325,111.14,False,dex,0,36,11,3.273,36,11,80691.29,80691.29,11152.0,11152.0,179289.55
1788304385,7vhosxUhbyBAgwAQPgteYFnAwSEYWrc2pXrWiK8Upump,LOWCAP,dexctl,122.2,False,False,,,0,6,,,1.032265933522893,707967660431,20054723,1000,275,218.18,True,dex,0,22,17,1.294,22,17,3288.84,3288.84,-16.64,-16.64,
1788304385,AhFKKNPHdaBh3iZVJzt8pUC2vpv6r5ZS4BWiKrPpump,LQX,dexctl,125.2,False,False,,,0,6,,,0.4473346059775595,422380164,20054723,602,325,111.14,False,dex,0,36,11,3.273,36,11,80691.29,80691.29,11152.0,11152.0,179289.55
1788304385,FrGSPmvt8iybn4UeStLkcvZgMpdmEU1Zye9HfQ3Hpump, ,dexctl,132.2,False,False,,,0,6,,,0.5480985499337159,707967660879,20054723,3,15,12.0,False,dex,0,1,1,1.0,1,1,39.88,39.88,-1.32,-1.32,
1788304385,AhFKKNPHdaBh3iZVJzt8pUC2vpv6r5ZS4BWiKrPpump,LQX,surge,125.2,False,False,,,0,6,,,0.46957016916095534,420823225,20054723,602,325,111.14,False,dex,0,36,11,3.273,36,11,80691.29,80691.29,11152.0,11152.0,179289.55
1788304385,AhFKKNPHdaBh3iZVJzt8pUC2vpv6r5ZS4BWiKrPpump,LQX,surge1h,125.2,False,False,,,0,6,,,0.48446802068879846,420823225,20054723,602,325,111.14,False,dex,0,36,11,3.273,36,11,80691.29,80691.29,11152.0,11152.0,179289.55
1788304385,AhFKKNPHdaBh3iZVJzt8pUC2vpv6r5ZS4BWiKrPpump,LQX,volume,125.2,False,False,,,0,6,,,0.4820566728038149,420809118,20054723,602,325,111.14,False,dex,0,36,11,3.273,36,11,80691.29,80691.29,11152.0,11152.0,179289.55
1788304637,8UxM7xTKbRcYLDVDn3BHtZu4cDoc5vbVtr6KjZhEpump,vrl,wait120,216.6,False,False,,,0,6,,,0.0,5948641563226,20047951,37,54,41.11,False,dex,0,19,18,1.056,19,18,128.28,128.28,-88.35,-88.35,
1788304637,G1B7qKfyYKX96eHKgrCGFYkWH13JSuZcs9syQ1gkpump,aibrush,wait120,216.6,False,False,,,0,6,,,0.729383950486589,686352839969,20047951,14,136,6.18,False,dex,0,8,2,4.0,8,2,368.98,368.98,1.25,1.25,
1788304637,G1B7qKfyYKX96eHKgrCGFYkWH13JSuZcs9syQ1gkpump,aibrush,dexctl,216.6,False,False,,,0,6,,,0.742593788322018,686352839969,20047951,14,136,6.18,False,dex,0,8,2,4.0,8,2,368.98,368.98,1.25,1.25,
1788304637,BwXeoXWRqadmjN4P4Vy5USi11BzC59EULc7CJGNtpump,ber,dexctl,220.6,False,False,,,0,6,,,1.1392788046454965,687493761272,20047951,1000,176,340.91,True,dex,0,91,67,1.358,91,67,7981.39,7981.39,31.2,31.2,
1788304637,ARVsoCHZSaDFVjDhVZWL1d3RjDMZ1otoQUU4MEUXpump,QAPE,dexctl,228.6,False,False,,,0,6,,,1.1136073138422442,706084809265,20047951,1000,271,221.4,True,dex,0,24,3,8.0,24,3,1778.91,1778.91,13.5,13.5,
1788304637,3dY4KK9RfXbbHGaJHN8kpu42QCJDrEoGWtZ9bNbP4zNh,Degenerates,dexctl,235.6,False,False,,,0,6,,,1.2301615736704534,187646067035,20047951,1000,234,256.41,True,dex,0,653,442,1.477,653,442,39267.91,39267.91,382.0,382.0,
1788304637,84GrURvbLh6MAZu7cH1FjnMB6va9b68WiKWUr8HFsnaj,JURIS,surge,361.6,False,False,,,0,6,,,0.8370819698952983,5087762753,20047951,75,568,7.92,False,dex,0,30,0,30.0,30,0,891.02,891.02,86.51,86.51,233436.11
1788304637,HHoWYpJfJcumBLGdTSMpuma4w2WygsX8mX2KGDeJpump,NASA,surge,314.6,False,False,,,0,6,,,0.0,1071015864360,20047951,1000,426,140.85,True,dex,0,240,120,2.0,240,120,20401.66,20401.66,1070.0,1070.0,56626.24
1788304637,84GrURvbLh6MAZu7cH1FjnMB6va9b68WiKWUr8HFsnaj,JURIS,surge1h,361.6,False,False,,,0,6,,,0.9596710991137347,4805445051,20047951,75,568,7.92,False,dex,0,30,0,30.0,30,0,891.02,891.02,86.51,86.51,233436.11
1788304637,HHoWYpJfJcumBLGdTSMpuma4w2WygsX8mX2KGDeJpump,NASA,surge1h,314.6,False,False,,,0,6,,,0.0,1071015864360,20047951,1000,426,140.85,True,dex,0,240,120,2.0,240,120,20401.66,20401.66,1070.0,1070.0,56626.24
1788304637,BwXeoXWRqadmjN4P4Vy5USi11BzC59EULc7CJGNtpump,ber,volume,220.6,False,False,,,0,6,,,0.10482028992305588,704976669582,20047951,1000,176,340.91,True,dex,0,91,67,1.358,91,67,7981.39,7981.39,31.2,31.2,
1788304637,3dY4KK9RfXbbHGaJHN8kpu42QCJDrEoGWtZ9bNbP4zNh,Degenerates,volume,235.6,False,False,,,0,6,,,2.2791040102568836,246826143100,20047951,1000,234,256.41,True,dex,0,653,442,1.477,653,442,39267.91,39267.91,382.0,382.0,
1788304637,8PRXpFjkSyZSaxwsqY2kJfKWKjg4pvWnPfToEmqsbadq,LLM,volume,341.6,False,False,,,0,6,,,0.0,673250080157,20047951,1000,548,109.49,True,dex,0,112,118,0.949,112,118,9660.58,9660.58,97.41,97.41,
1788304637,CjTXV4xxNxY6XELW3RaQDqyk6ZJFL66SSq75SyMhfqGc,index,volume,345.6,False,False,,,0,6,,,1.4512017952821243,157116477136,20047951,1000,395,151.9,True,dex,0,946,787,1.202,946,787,66594.22,66594.22,169.0,169.0,
1788304637,84GrURvbLh6MAZu7cH1FjnMB6va9b68WiKWUr8HFsnaj,JURIS,deep,361.6,False,False,,,0,6,,,0.6137686558235482,4563390244,20047951,75,568,7.92,False,dex,0,30,0,30.0,30,0,891.02,891.02,86.51,86.51,233436.11
1788304637,AhFKKNPHdaBh3iZVJzt8pUC2vpv6r5ZS4BWiKrPpump,LQX,deep,377.6,False,False,,,0,6,,,2.4503486351223196,1113037920915,20047951,602,325,111.14,False,dex,0,36,11,3.273,36,11,80691.29,80691.29,11152.0,11152.0,179289.55
1788304637,HHoWYpJfJcumBLGdTSMpuma4w2WygsX8mX2KGDeJpump,NASA,deep,314.6,False,False,,,0,6,,,0.0,1071015864360,20047951,1000,426,140.85,True,dex,0,240,120,2.0,240,120,20401.66,20401.66,1070.0,1070.0,56626.24
1788304948,DAraTTrZm9bgVm4nVHngCbx8yKCyqJsRKZ8BdLix4ACP,PONS,wait120,261.7,False,False,,,0,6,,,0.4236664876894985,12878392035,20055194,320,310,61.94,False,dex,0,264,30,8.8,264,30,3188.86,3188.86,5006.0,5006.0,5979.63
1788304948,2YzzMRe62f2SnU1AmdS5axwY7vy4WYUiA6v8VeAypump,lazy coin,wait120,265.7,False,False,,,0,6,,,0.0,707984270345,20055194,897,142,379.01,False,dex,0,5,2,2.5,5,2,268.77,268.77,-6.29,-6.29,
1788304948,DAraTTrZm9bgVm4nVHngCbx8yKCyqJsRKZ8BdLix4ACP,PONS,dexctl,261.7,False,False,,,0,6,,,0.2786652211086758,13160176583,20055194,320,310,61.94,False,dex,0,264,30,8.8,264,30,3188.86,3188.86,5006.0,5006.0,5979.63
1788304948,2YzzMRe62f2SnU1AmdS5axwY7vy4WYUiA6v8VeAypump,lazy coin,dexctl,265.7,False,False,,,0,6,,,0.0,707984270345,20055194,897,142,379.01,False,dex,0,5,2,2.5,5,2,268.77,268.77,-6.29,-6.29,
1788304948,DNBUa63BaZderh9jgwwou27FgC3u5UQHm2W4EvFPpump,goon,dexctl,269.7,False,False,,,0,6,,,0.6818426280479162,706308974583,20055194,611,62,591.29,False,dex,0,19,18,1.056,19,18,2234.0,2234.0,-7.82,-7.82,
1788304948,DAraTTrZm9bgVm4nVHngCbx8yKCyqJsRKZ8BdLix4ACP,PONS,surge,261.7,False,False,,,0,6,,,0.5465739506689078,13295386263,20055194,320,310,61.94,False,dex,0,264,30,8.8,264,30,3188.86,3188.86,5006.0,5006.0,5979.63
1788304948,C8GD81rupEdDq3mjsrNwPNVBKSF6AdZbkXL8HkLLLwYW,Trex,surge,129.7,False,False,,,0,6,,,0.812628184664585,116764556933,20055194,558,255,131.29,False,dex,0,252,79,3.19,252,79,3448.2,3448.2,80.38,80.38,
1788304948,32WLHewR8J2APUHVHjhdRbhgBW53ffm5nNjehcsjtGzy,‮ROQ,surge,136.7,False,False,,,0,6,,,0.9588737724477258,4026282838,20055194,97,286,20.35,False,dex,0,37,16,2.312,37,16,1384.49,1384.49,15.48,15.48,
1788304948,DAraTTrZm9bgVm4nVHngCbx8yKCyqJsRKZ8BdLix4ACP,PONS,surge1h,261.7,False,False,,,0,6,,,0.6078666587237037,13301915827,20055194,320,310,61.94,False,dex,0,264,30,8.8,264,30,3188.86,3188.86,5006.0,5006.0,5979.63
1788304948,C8GD81rupEdDq3mjsrNwPNVBKSF6AdZbkXL8HkLLLwYW,Trex,surge1h,129.7,False,False,,,0,6,,,0.0,115048006199,20055194,558,255,131.29,False,dex,0,252,79,3.19,252,79,3448.2,3448.2,80.38,80.38,
1788304948,32WLHewR8J2APUHVHjhdRbhgBW53ffm5nNjehcsjtGzy,‮ROQ,surge1h,136.7,False,False,,,0,6,,,1.1181688177994868,4026791346,20055194,97,286,20.35,False,dex,0,37,16,2.312,37,16,1384.49,1384.49,15.48,15.48,
1788304948,E1Zjtz6HyfQ2XDictPfFYFPEzde64rfAj6pTmFfSpump,DID,volume,272.7,False,False,,,0,6,,,1.2988237360516421,196360699064,20055194,1000,428,140.19,True,dex,0,114,73,1.562,114,73,7764.38,7764.38,78.52,78.52,
1788305154,4AKRVvspuDqucU6VXY8XCn3oDfYGzmptdHWPaqFnpump,test,wait120,235.3,False,False,,,0,6,,,0.0,705245753036,20037556,1000,68,882.35,True,dex,0,12,9,1.333,12,9,822.68,822.68,10.52,10.52,
1788305154,4AFDC7YNrTj4kd6XR5yKqpwky34w6AXEbgLrT7Ebe64L,MANIFEST,wait120,243.3,False,False,,,0,6,,,1.2348339385842395,702430055645,20037556,8,317,1.51,False,dex,0,2,0,2.0,2,0,7.47,7.47,0.16,0.16,
1788305154,yDxFWvBA8DatJqiqEjTfPhAKccJRn1YUx7RHHdDurnN,predict,wait120,244.3,False,False,,,0,6,,,1.1795206265263587,656853071959,20037556,1000,340,176.47,True,dex,0,66,47,1.404,66,47,8197.53,8197.53,5.2,5.2,
1788305154,4AKRVvspuDqucU6VXY8XCn3oDfYGzmptdHWPaqFnpump,test,dexctl,235.3,False,False,,,0,6,,,0.0,705245753036,20037556,1000,68,882.35,True,dex,0,12,9,1.333,12,9,822.68,822.68,10.52,10.52,
1788305154,4AFDC7YNrTj4kd6XR5yKqpwky34w6AXEbgLrT7Ebe64L,MANIFEST,dexctl,243.3,False,False,,,0,6,,,1.298635195869979,702430055645,20037556,8,317,1.51,False,dex,0,2,0,2.0,2,0,7.47,7.47,0.16,0.16,
1788305154,yDxFWvBA8DatJqiqEjTfPhAKccJRn1YUx7RHHdDurnN,predict,dexctl,244.3,False,False,,,0,6,,,1.1821862839078137,656853071959,20037556,1000,340,176.47,True,dex,0,66,47,1.404,66,47,8197.53,8197.53,5.2,5.2,
1788305154,KgyeE23ytxH1FVaediXAan12nG3zX59VybJZy6qpump,MS70,dexctl,245.3,False,False,,,0,6,,,0.0,707362032885,20037556,1000,150,400.0,True,dex,0,171,190,0.9,171,190,13648.21,13648.21,-12.9,-12.9,
1788305154,GqUtiHVTV5xqT4Yic3GsY7qktk8m6UiH7TM1oEc8pump,6%,dexctl,245.3,False,False,,,0,6,,,1.185590109470211,705579901413,20037556,1000,146,410.96,True,dex,0,86,75,1.147,86,75,8755.85,8755.85,16.83,16.83,
1788305154,8GkesgA4MNbStrCbN4GZAQAxup1jeczVWSWg2QkDpump,DELBOY,dexctl,245.3,False,False,,,0,6,,,1.394941866010872,698118686615,20037556,14,350,2.4,False,dex,0,6,1,6.0,6,1,46.86,46.86,1.78,1.78,
1788305154,HpNddsU5ERZJa9hBMMx29AzspfwFDRRJYkuS5V6fn6ge,PIG,surge,279.3,False,False,,,0,6,,,0.16611840510569278,95568016509,20037556,1000,199,301.51,True,dex,0,210,88,2.386,210,88,14703.36,14703.36,38.95,38.95,20055.51
1788305154,4QSRCkN8G6JK83fufACbbAvPCXxxj8SV3meHRnRppump,CATA,surge,130.3,False,False,,,0,6,,,1.482826109382145,552396902825,20037556,450,384,70.31,False,dex,0,34,11,3.091,34,11,1645.68,1645.68,62.94,62.94,
1788305154,2o8164sn3onaVr5UZU6HSv3MgiPSJL8RRW7KvAJSsQPM,DATACENTER,surge,127.3,False,False,,,0,6,,,1.620788470649102,97498902114,20037556,1000,116,517.24,True,dex,0,620,282,2.199,620,282,95065.03,95065.03,115.0,115.0,25535.86
1788305154,HpNddsU5ERZJa9hBMMx29AzspfwFDRRJYkuS5V6fn6ge,PIG,surge1h,279.3,False,False,,,0,6,,,0.45683333949892824,95118440725,20037556,1000,199,301.51,True,dex,0,210,88,2.386,210,88,14703.36,14703.36,38.95,38.95,20055.51
1788305154,4QSRCkN8G6JK83fufACbbAvPCXxxj8SV3meHRnRppump,CATA,surge1h,130.3,False,False,,,0,6,,,1.6897371472163223,546113514232,20037556,450,384,70.31,False,dex,0,34,11,3.091,34,11,1645.68,1645.68,62.94,62.94,
1788305154,2o8164sn3onaVr5UZU6HSv3MgiPSJL8RRW7KvAJSsQPM,DATACENTER,surge1h,127.3,False,False,,,0,6,,,0.0,113641331796,20037556,1000,116,517.24,True,dex,0,620,282,2.199,620,282,95065.03,95065.03,115.0,115.0,25535.86
1788305154,yDxFWvBA8DatJqiqEjTfPhAKccJRn1YUx7RHHdDurnN,predict,volume,244.3,False,False,,,0,6,,,1.4143735598878595,656904235456,20037556,1000,340,176.47,True,dex,0,66,47,1.404,66,47,8197.53,8197.53,5.2,5.2,
1788305154,GqUtiHVTV5xqT4Yic3GsY7qktk8m6UiH7TM1oEc8pump,6%,volume,245.3,False,False,,,0,6,,,1.2422812313749032,705579901413,20037556,1000,146,410.96,True,dex,0,86,75,1.147,86,75,8755.85,8755.85,16.83,16.83,
1788305154,HpNddsU5ERZJa9hBMMx29AzspfwFDRRJYkuS5V6fn6ge,PIG,volume,279.3,False,False,,,0,6,,,0.48253858813688805,94299353006,20037556,1000,199,301.51,True,dex,0,210,88,2.386,210,88,14703.36,14703.36,38.95,38.95,20055.51
1788305154,2PSC9Wp8BWEKMJkYXmWUi3hGMuahdvxnunZzDd7fA7oC,PEEG,volume,259.3,False,False,,,0,6,,,0.0,621585321812,20037556,1000,518,115.83,True,dex,0,99,64,1.547,99,64,6387.48,6387.48,18.45,18.45,
1788305514,HvuramaSMhjPixVgiSToAYLonCBBNgVjbnHuapRam4dU,GME,wait120,293.8,False,False,,,0,6,,,1.6678984291579657,85675130079,20030242,1000,297,202.02,True,boost,100,217,209,1.038,502,386,14191.91,26521.27,-45.11,-38.64,11459.65
1788305514,HvuramaSMhjPixVgiSToAYLonCBBNgVjbnHuapRam4dU,GME,dexctl,293.8,False,False,,,0,6,,,2.052220623396654,83510570915,20030242,1000,297,202.02,True,boost,100,217,209,1.038,502,386,14191.91,26521.27,-45.11,-38.64,11459.65
1788305514,C76ZrSZ3CKvzVhprqMPAW2DoQCRWyjVp2Fi61Vcapump,LOONG,dexctl,32186.8,False,False,,,0,6,,,1.3155961904943136,78430592475,20030242,1000,20248,2.96,True,boost,10,27,8,3.375,131,57,1238.22,6239.15,7.86,-7.11,
1788305514,2wA2beVvKC83cCS2s1Zq1a2XuA5S4SPqhiQLfkVspump,stonkape,dexctl,26710.8,False,False,,,0,6,,,0.8237984246992236,4144281028,20030242,1000,1637,36.65,True,boost,100,69,96,0.719,1036,1115,5495.47,72521.37,-1.23,17.66,59737.92
1788305514,BKXtSJWJk8s6DGEv71a3HohqHMhzn1iXLAzxMm6ZXjmy,GPRO,dexctl,82914.8,False,False,,,0,6,,,0.63677542380837,5332673828,20030242,1000,207,289.86,True,dex,0,35,49,0.714,853,558,4882.28,75897.51,7.34,-23.26,73456.56
1788305514,6khz9z3k4CzxUBA5mWzZghPJDxmqLT7qsKmYTXYeaRQj,XCAT,dexctl,71362.8,False,False,,,0,6,,,1.6931643943044645,126075548146,20030242,1000,29519,2.03,True,dex,0,2,5,0.4,38,63,42.11,6588.08,-0.95,6.36,11063.15
1788305514,HmJDgky11u77hpBss6D8sjNpYPD5B6fWgSVDj58jpump,SOLCAT,dexctl,36946.8,False,False,,,0,6,,,2.4467843051462936,15712472257,20030242,1000,2389,25.12,True,dex,0,3,7,0.429,2505,134,225.6,10223.15,1.44,-21.66,35106.01
1788305514,HvuramaSMhjPixVgiSToAYLonCBBNgVjbnHuapRam4dU,GME,boost,293.8,False,False,,,0,6,,,1.8987571916532588,88083414913,20030242,1000,297,202.02,True,boost,100,217,209,1.038,502,386,14191.91,26521.27,-45.11,-38.64,11459.65
1788305514,C76ZrSZ3CKvzVhprqMPAW2DoQCRWyjVp2Fi61Vcapump,LOONG,boost,32186.8,False,False,,,0,6,,,1.3769714480520305,78588741690,20030242,1000,20248,2.96,True,boost,10,27,8,3.375,131,57,1238.22,6239.15,7.86,-7.11,
1788305514,2wA2beVvKC83cCS2s1Zq1a2XuA5S4SPqhiQLfkVspump,stonkape,boost,26710.8,False,False,,,0,6,,,0.9341291480053064,4256597995,20030242,1000,1637,36.65,True,boost,100,69,96,0.719,1036,1115,5495.47,72521.37,-1.23,17.66,59737.92
1788305514,HvuramaSMhjPixVgiSToAYLonCBBNgVjbnHuapRam4dU,GME,boost1h,293.8,False,False,,,0,6,,,1.7757358643098051,89613816833,20030242,1000,297,202.02,True,boost,100,217,209,1.038,502,386,14191.91,26521.27,-45.11,-38.64,11459.65
1788305514,C76ZrSZ3CKvzVhprqMPAW2DoQCRWyjVp2Fi61Vcapump,LOONG,boost1h,32186.8,False,False,,,0,6,,,1.3745186615727651,78588741690,20030242,1000,20248,2.96,True,boost,10,27,8,3.375,131,57,1238.22,6239.15,7.86,-7.11,
1788305514,2wA2beVvKC83cCS2s1Zq1a2XuA5S4SPqhiQLfkVspump,stonkape,boost1h,26710.8,False,False,,,0,6,,,0.9271323487990041,4256597995,20030242,1000,1637,36.65,True,boost,100,69,96,0.719,1036,1115,5495.47,72521.37,-1.23,17.66,59737.92
1788305514,EmUyZ7LPSu6cC8rWNFiG3pccPyqj7MjnYs9e63m5pump,PONS,surge,165.8,False,False,,,0,6,,,0.21390408826880225,13410519,20030242,1000,287,209.06,True,dex,0,515,55,9.364,515,55,498694.28,498694.28,354239.0,354239.0,1015676.26
1788305514,EmUyZ7LPSu6cC8rWNFiG3pccPyqj7MjnYs9e63m5pump,PONS,surge1h,165.8,False,False,,,0,6,,,0.2840266350163907,13385908,20030242,1000,287,209.06,True,dex,0,515,55,9.364,515,55,498694.28,498694.28,354239.0,354239.0,1015676.26
1788305514,9NAoXLKpTG9eEAa2dhbjA9qvx6PvjzeC3BYXt8nNpump,HOUSE,volume,127.8,False,False,,,0,6,,,1.4051290492481199,34098073353,20030242,1000,7,8571.43,True,dex,0,2525,2680,0.942,2525,2680,226533.45,226533.45,15.57,15.57,16853.12
1788305514,4SXPEZosJkYrHbgZZQy17My2P5FxPs5F3oXXCBAY9GZS,BALD,volume,157.8,False,False,,,0,6,,,0.0,520342608360565,20030242,1000,115,521.74,True,dex,0,388,392,0.99,388,392,10937.0,10937.0,309.0,309.0,
1788305514,EmUyZ7LPSu6cC8rWNFiG3pccPyqj7MjnYs9e63m5pump,PONS,volume,165.8,False,False,,,0,6,,,0.2530649579705383,13341794,20030242,1000,287,209.06,True,dex,0,515,55,9.364,515,55,498694.28,498694.28,354239.0,354239.0,1015676.26
1788305888,HdBENiQytkWhwtaswuawZrxJBLeXhxWwo8ts2SVspump,NIG,wait120,296.5,False,False,,,0,6,,,1.4500492554647482,532437800214,19975626,1000,357,168.07,True,,,,,,,,,,,,
1788305888,G8L7vvG9Qnf1cQXp66MevmC23Yqf6ZR8Aj3HXkw6pump,SKIBIDISM,wait120,295.3,False,False,,,0,6,,,1.285724916750936,705177211754,19975626,242,72,201.67,False,,,,,,,,,,,,
1788305888,ALTBmY1EtJqN4FxMD9HpEkRQDMVEb5BnMS5doguhpump,AICoin,dexctl,372.7,False,False,,,0,6,,,0.8323337385819692,705177211777,19975626,4,20,12.0,False,dex,0,1,1,1.0,1,1,39.94,39.94,-1.27,-1.27,
1788305888,7dRrXTuP7KVH4umzPsLZm6ZAaxhGAvGf3hpHGR6Gpump,PIG,dexctl,378.7,False,False,,,0,6,,,1.2179668702452136,660984149202,19975626,10,493,1.22,False,dex,0,3,0,3.0,3,0,100.58,100.58,6.81,6.81,
1788305888,FXpd9EwQmfvmbNKk6bUkkiXN84fy6wtF1LC9XY4MfPsz,PIG,dexctl,381.7,False,False,,,0,6,,,0.0,526688985153215,19975626,290,193,90.16,False,dex,0,52,35,1.486,52,35,1750.33,1750.33,267.0,267.0,
1788305888,GEffekmuHN6fEFnH1GLLQGeBtsnyjC94vcc6hM9dpump,Rubert,boost,3520.7,False,False,,,0,6,,,1.0628130658096349,14247215968,19975626,1000,349,171.92,True,boost,30,411,56,7.339,9200,2526,13644.47,466760.58,2.32,95.36,29724.25
1788305888,GEffekmuHN6fEFnH1GLLQGeBtsnyjC94vcc6hM9dpump,Rubert,boost1h,3520.7,False,False,,,0,6,,,1.0940376179610567,15277252228,19975626,1000,349,171.92,True,boost,30,411,56,7.339,9200,2526,13644.47,466760.58,2.32,95.36,29724.25
1788305888,8yq3MRWyqSmpreu3PCPREEqb3WX49Mw9pourbStBgXrR,OTC,surge,475.7,False,False,,,0,6,,,0.8017880089784447,705875944,19975626,791,700,67.8,False,dex,0,164,22,7.455,164,22,10406.39,10406.39,27787.0,27787.0,17229.21
1788305888,GEffekmuHN6fEFnH1GLLQGeBtsnyjC94vcc6hM9dpump,Rubert,surge,3520.7,False,False,,,0,6,,,1.0690126730666534,14145505172,19975626,1000,349,171.92,True,boost,30,411,56,7.339,9200,2526,13644.47,466760.58,2.32,95.36,29724.25
1788305888,26NgpYHT1RerGWM8YxrmEpvmT6YG7En6pLzktFFWkM9n,HOUSE,surge1h,405.7,False,False,,,0,6,,,0.0,82086873379,19975626,1000,513,116.96,True,dex,0,214,69,3.101,214,69,3357.01,3357.01,94.24,94.24,
1788305888,8yq3MRWyqSmpreu3PCPREEqb3WX49Mw9pourbStBgXrR,OTC,surge1h,475.7,False,False,,,0,6,,,2.37425176520143,702739855,19975626,791,700,67.8,False,dex,0,164,22,7.455,164,22,10406.39,10406.39,27787.0,27787.0,17229.21
1788305888,GEffekmuHN6fEFnH1GLLQGeBtsnyjC94vcc6hM9dpump,Rubert,surge1h,3520.7,False,False,,,0,6,,,1.065141868255864,14433200942,19975626,1000,349,171.92,True,boost,30,411,56,7.339,9200,2526,13644.47,466760.58,2.32,95.36,29724.25
1788305888,C4nzfriEr4PUvod2RU46nQDZWsa7mhb5VAB9as7M22io,AICoin,volume,403.7,False,False,,,0,6,,,0.910995759599078,187784160536,19975626,1000,639,93.9,True,dex,0,222,147,1.51,222,147,15235.42,15235.42,252.0,252.0,
1788305888,8yq3MRWyqSmpreu3PCPREEqb3WX49Mw9pourbStBgXrR,OTC,volume,475.7,False,False,,,0,6,,,0.4439237853866518,727273848,19975626,791,700,67.8,False,dex,0,164,22,7.455,164,22,10406.39,10406.39,27787.0,27787.0,17229.21
1788305888,65KvpqKhmrKZWSchJm3iWVcMuyKqfk5auMS96LgXRT5s,BET,volume,477.7,False,False,,,0,6,,,1.5294913499493201,106356612302,19975626,1000,490,122.45,True,dex,0,218,155,1.406,218,155,14179.7,14179.7,115.0,115.0,
1788305888,HvuramaSMhjPixVgiSToAYLonCBBNgVjbnHuapRam4dU,GME,volume,667.7,False,False,,,0,6,,,1.5630157942820262,261155676285,19975626,1000,297,202.02,True,boost,100,98,93,1.054,617,492,8630.59,36113.06,8.85,-37.7,11568.47
1788305888,EmUyZ7LPSu6cC8rWNFiG3pccPyqj7MjnYs9e63m5pump,PONS,deep,539.7,False,False,,,0,6,,,0.0964006471838161,13003695,19975626,1000,287,209.06,True,dex,0,515,55,9.364,515,55,498694.28,498694.28,354239.0,354239.0,1015676.26
1788305888,GEffekmuHN6fEFnH1GLLQGeBtsnyjC94vcc6hM9dpump,Rubert,deep,3520.7,False,False,,,0,6,,,1.046088062154019,12886705540,19975626,1000,349,171.92,True,boost,30,411,56,7.339,9200,2526,13644.47,466760.58,2.32,95.36,29724.25
1788306239,7coSGAGDdybFD5NT1gmBMe9h7tBs7krV3Zy1Qa4b9Kqc,‮OMOC,wait120,,False,False,,,0,6,,,0.9876551242748312,4039644403,19975212,93,262,21.3,False,,,,,,,,,,,,
1788306239,H3efVZtcz929H2Jrk311LzYGeQLYC9p7HNPom9a9pump,stockless,wait120,,False,False,,,0,6,,,1.6874452215019597,18534845690,19975212,1000,5,12000.0,True,,,,,,,,,,,,
1788306239,8c5MswR3VTeu9SUnjFQhJWS9GqDaVegF1kLyGkive8de,MBS,wait120,176.1,False,False,,,0,6,,,0.0,462918516615961,19975212,1000,139,431.65,True,dex,0,278,330,0.842,278,330,8626.21,8626.21,32.81,32.81,
1788306239,8c5MswR3VTeu9SUnjFQhJWS9GqDaVegF1kLyGkive8de,MBS,dexctl,176.1,False,False,,,0,6,,,0.0,462918516615961,19975212,1000,139,431.65,True,dex,0,278,330,0.842,278,330,8626.21,8626.21,32.81,32.81,
1788306239,9AVA66APhNSVnGimfQMUqYHbswkDQxYT4xDJHs12pump,MEMES,dexctl,167.1,False,False,,,0,6,,,0.0,705162637752,19975212,1000,28,2142.86,True,dex,0,8,31,0.258,8,31,3468.49,3468.49,-26.27,-26.27,
1788306239,5MGRBX53qcSBJdMiSBycikqco9b22pDAWemdfpvDpump,Pairless,dexctl,173.1,False,False,,,0,6,,,0.0,705162637869,19975212,1000,36,1666.67,True,dex,0,15,15,1.0,15,15,2138.85,2138.85,-17.17,-17.17,
1788306239,ER9wa6CRhhCkTVeefLFfMv4ge1JNFBHJVAmwuNDTpump,WOWCAT,dexctl,174.1,False,False,,,0,6,,,1.0407489691971008,705162638151,19975212,6,130,2.77,False,dex,0,2,2,1.0,2,2,70.0,70.0,-1.88,-1.88,
1788306239,GRYPgFwbfeeMZECgqYUPF6PWU1TG2Y9qWHMeWGpXpump,MEMES,dexctl,174.1,False,False,,,0,6,,,0.0,705162637916,19975212,1000,58,1034.48,True,dex,0,13,21,0.619,13,21,3679.08,3679.08,-34.2,-34.2,
1788306239,4dcWdqMVhqx8tv2G6pe8a2B24MqRd5KRF9skPdPjpump,SMP,dexctl,178.1,False,False,,,0,6,,,1.3450006004196233,705162638151,19975212,4,408,0.59,False,dex,0,2,1,2.0,2,1,10.99,10.99,0.09,0.09,
1788306239,GEffekmuHN6fEFnH1GLLQGeBtsnyjC94vcc6hM9dpump,Rubert,volume,3871.1,False,False,,,0,6,,,2.291346319380615,8704290852,19975212,1000,231,259.74,True,boost,30,664,118,5.627,8899,2364,13224.42,440215.85,22.01,113.0,34399.55
1788306239,8c5MswR3VTeu9SUnjFQhJWS9GqDaVegF1kLyGkive8de,MBS,volume,176.1,False,False,,,0,6,,,0.0,462918516615961,19975212,1000,139,431.65,True,dex,0,278,330,0.842,278,330,8626.21,8626.21,32.81,32.81,
1788306591,8YZhNKSD8NK7gY317vVsQQVdSjsb2zbqqkbXwko1G5PC,STAQ,wait120,120.8,False,False,,,0,6,,,2.6006380585413336,100564760259,19962432,583,181,193.26,False,dex,0,296,125,2.368,296,125,4408.11,4408.11,117.0,117.0,
1788306591,ChAMXVVddxaqGzixBtA5os1teq8d85NoURUHKkC3pump,STAQ,wait120,120.8,False,False,,,0,6,,,1.3438722217592272,704711784271,19962432,3,0,,False,dex,0,1,1,1.0,1,1,0.46,0.46,-0.02,-0.02,
1788306591,Fd3R1dH8G83XDc24uN5ZRQ3udCwhywKjbV4DKcPppump,Kroenke,dexctl,345.8,False,False,,,0,6,,,1.099712274613843,704711784224,19962432,5,130,2.31,False,dex,0,2,0,2.0,2,0,14.88,14.88,0.33,0.33,
1788306591,GSTknWM3K1X9f6ztW4uY2v4FSFadUcjn6mWWr5hPNV4H,DOC,dexctl,348.8,False,False,,,0,6,,,0.0,20298609683,19962432,804,186,259.35,False,dex,0,1,0,1.0,1,0,0.0,0.0,,,
1788306591,H6YHb5wmJ3BxWthf8R8CMHcp8xAmax6qvNrYgkJMpump,NINJA,dexctl,348.8,False,False,,,0,6,,,1.1146892791752787,703775822299,19962432,1000,126,476.19,True,dex,0,7,5,1.4,7,5,1197.03,1197.03,-5.91,-5.91,
1788306591,3TqmZQuvtpMhkhZbrspzLvd4dJMjkVT9ixeQYJ9fZ9Wq,TCAT,dexctl,354.8,False,False,,,0,6,,,0.7029686853691461,5066064889,19962432,75,571,7.88,False,dex,0,13,0,13.0,13,0,381.8,381.8,35.34,35.34,170461.5
1788306591,3M83ZZTxzqN9e8344NzvPWr97MU1NM8eZLoZ81s7pump,Pairless,dexctl,362.8,False,False,,,0,6,,,0.0,700932142222,19962432,1000,491,122.2,True,dex,0,46,52,0.885,46,52,6909.42,6909.42,-11.61,-11.61,
1788306591,4eP5VPy3fU6FEZgc5RaWCmrURxt3mDGNawSPo4Aepump,SULKY,dexctl,365.8,False,False,,,0,6,,,1.1003411153424467,685889151505,19962432,1000,284,211.27,True,dex,0,166,108,1.537,166,108,13781.94,13781.94,95.13,95.13,
1788306591,7w8n2m3Nr6EhrmizeryWzCG3zQdtWgfWyMaaA8yypump,Tradoor,dexctl,370.8,False,False,,,0,6,,,0.0,702911869443,19962432,1000,210,285.71,True,dex,0,18,19,0.947,18,19,1482.37,1482.37,-6.66,-6.66,
1788306591,3nWhSk4HG14y49eKz3Tc2RExv9RnueBGsL4KTudWpump,DOC,dexctl,389.8,False,False,,,0,6,,,0.786188217946917,702743035788,19962432,571,473,72.43,False,dex,0,28,6,4.667,28,6,386.18,386.18,16.43,16.43,
1788306591,HHu54uXa6aaB6tZ476Vz2ePqmKJsvp9yceuVAoavpump,GAMBLE,surge,467.8,False,False,,,0,6,,,1.2475653094116192,699209249473,19962432,492,472,62.54,False,dex,0,40,2,20.0,40,2,1944.66,1944.66,21.75,21.75,
1788306591,8YZhNKSD8NK7gY317vVsQQVdSjsb2zbqqkbXwko1G5PC,STAQ,surge,120.8,False,False,,,0,6,,,0.0,614077935957164,19962432,583,181,193.26,False,dex,0,296,125,2.368,296,125,4408.11,4408.11,117.0,117.0,
1788306591,HHu54uXa6aaB6tZ476Vz2ePqmKJsvp9yceuVAoavpump,GAMBLE,surge1h,467.8,False,False,,,0,6,,,1.2308871674011863,699209249473,19962432,492,472,62.54,False,dex,0,40,2,20.0,40,2,1944.66,1944.66,21.75,21.75,
1788306591,8YZhNKSD8NK7gY317vVsQQVdSjsb2zbqqkbXwko1G5PC,STAQ,surge1h,120.8,False,False,,,0,6,,,0.0,614077935957164,19962432,583,181,193.26,False,dex,0,296,125,2.368,296,125,4408.11,4408.11,117.0,117.0,
1788306591,4eP5VPy3fU6FEZgc5RaWCmrURxt3mDGNawSPo4Aepump,SULKY,volume,365.8,False,False,,,0,6,,,1.045978943946127,685889151505,19962432,1000,284,211.27,True,dex,0,166,108,1.537,166,108,13781.94,13781.94,95.13,95.13,
1788306591,EaFuHBvjdWqV7vfc5UKfTbvXde8hRWvCMaBWGkmkpump,STAQ,volume,333.8,False,False,,,0,6,,,2.353368161601213,845472454057,19962432,1000,350,171.43,True,dex,0,406,299,1.358,406,299,38046.46,38046.46,125.0,125.0,23670.59
1788306591,8fycn26mGGbhYnkjtduoNvirT79c8xVYBerM9SYKAQGb,NINJA,volume,438.8,False,False,,,0,6,,,1.4822761524088028,305332788271,19962432,1000,476,126.05,True,dex,0,438,263,1.665,438,263,42329.19,42329.19,224.0,224.0,
1788306591,54HtF99Mh7KESEV9fpHQtqAmjjsxpKhEa4QL4zugpump,NINJA,volume,471.8,False,False,,,0,6,,,1.2049182888338554,654051088789,19962432,1000,744,80.65,True,dex,0,738,841,0.878,738,841,57873.89,57873.89,78.13,78.13,
1788306591,3TqmZQuvtpMhkhZbrspzLvd4dJMjkVT9ixeQYJ9fZ9Wq,TCAT,deep,354.8,False,False,,,0,6,,,0.6161866378510378,3925853363,19962432,75,571,7.88,False,dex,0,13,0,13.0,13,0,381.8,381.8,35.34,35.34,170461.5
1788307032,zrgqVhudy2awcA1cFPRd6KNpDKQZ2Xhg2ZuxAhKpump,CAC,wait120,,False,False,,,0,6,,,1.722998909992559,581282474,20002982,313,268,70.07,False,,,,,,,,,,,,
1788307199,BFiVw2Eg5ftCr2mY2xwmuT2bBvNQhxmkrjni7TSzpump,Grеyson,wait120,224.4,False,False,,,0,6,,,0.5691330226527062,706368854303,20009404,193,301,38.47,False,dex,0,4,3,1.333,4,3,234.07,234.07,-4.87,-4.87,
1788307199,DrqxS6fZzJ93nvNrXHwaepnAH8aw68AD55HNfx8Wpump,ZOOBEAUVAL,wait120,224.4,False,False,,,0,6,,,0.0,706368854280,20009404,946,314,180.76,False,dex,0,5,5,1.0,5,5,976.68,976.68,-11.97,-11.97,
1788307199,DB7hfFYf6Uyq2BDn9kUCjHV6ocgCX3YFWs9kCMJvpump,ALIENI,wait120,226.4,False,False,,,0,6,,,1.178677383062408,692945174522,20009404,10,6,100.0,False,dex,0,4,3,1.333,4,3,110.06,110.06,1.27,1.27,
1788307199,BjCfBRC3sfed6Hnsewa8rNigJyDw8iMve1NUsfeopump,CASHCAT,wait120,228.4,False,False,,,0,6,,,0.0,706368854327,20009404,1000,11,5454.55,True,dex,0,3,4,0.75,3,4,1575.22,1575.22,-12.11,-12.11,
1788307199,BFiVw2Eg5ftCr2mY2xwmuT2bBvNQhxmkrjni7TSzpump,Grеyson,dexctl,224.4,False,False,,,0,6,,,0.5138578359826933,706368854303,20009404,193,301,38.47,False,dex,0,4,3,1.333,4,3,234.07,234.07,-4.87,-4.87,
1788307199,DrqxS6fZzJ93nvNrXHwaepnAH8aw68AD55HNfx8Wpump,ZOOBEAUVAL,dexctl,224.4,False,False,,,0,6,,,0.0,706368854280,20009404,946,314,180.76,False,dex,0,5,5,1.0,5,5,976.68,976.68,-11.97,-11.97,
1788307199,DB7hfFYf6Uyq2BDn9kUCjHV6ocgCX3YFWs9kCMJvpump,ALIENI,dexctl,226.4,False,False,,,0,6,,,1.142722693419441,692945174522,20009404,10,6,100.0,False,dex,0,4,3,1.333,4,3,110.06,110.06,1.27,1.27,
1788307199,BjCfBRC3sfed6Hnsewa8rNigJyDw8iMve1NUsfeopump,CASHCAT,dexctl,228.4,False,False,,,0,6,,,0.0,706368854327,20009404,1000,11,5454.55,True,dex,0,3,4,0.75,3,4,1575.22,1575.22,-12.11,-12.11,
1788307199,2Ym72q7bDDFV9tMzNZ2obZUs5sFVK93iRoX7bHWUpump,HYPURR,dexctl,231.4,False,False,,,0,6,,,1.1706064487525818,706368854209,20009404,1000,18,3333.33,True,dex,0,7,7,1.0,7,7,1305.07,1305.07,-14.79,-14.79,
1788307199,GYtfMMYArhYYBqTnLhBNSAidwxXsnuiuMkoPJ1mnpump,Hype,dexctl,233.4,False,False,,,0,6,,,0.0,706368854374,20009404,1000,10,6000.0,True,dex,0,2,2,1.0,2,2,1188.09,1188.09,-17.36,-17.36,
1788307199,HhKqNY15Qrqsz91CEHpC8uRExd4v82w3DQwHUQC5pump,PURR,dexctl,242.4,False,False,,,0,6,,,0.0,706368853974,20009404,1000,423,141.84,True,dex,0,12,17,0.706,12,17,1777.18,1777.18,-17.36,-17.36,
1788307199,AT7EotpY8x3PHrKMiw5dvYD7kMSkh7VvjyQm3J3Zpump,PURR,dexctl,242.4,False,False,,,0,6,,,1.199018351565816,706345193197,20009404,1000,30,2000.0,True,dex,0,35,25,1.4,35,25,3732.35,3732.35,-24.38,-24.38,
1788307199,CeUpyNy5UQPFpKzoTqJKo3DLFBxvt4NEw2B1Zc3tN1GR,PURR,dexctl,243.4,False,False,,,0,6,,,1.0066126081029314,706368853950,20009404,194,371,31.37,False,dex,0,14,8,1.75,14,8,441.24,441.24,-4.73,-4.73,
1788307199,ukWKmbFb3H765bBQeTFpxVjxbfh64R5PtedkX5Upump,BALDSBF,dexctl,244.4,False,False,,,0,6,,,0.0,700224940481,20009404,1000,13,4615.38,True,dex,0,40,52,0.769,40,52,7840.03,7840.03,-21.46,-21.46,
1788307199,4hg35jgmqtqXrqqeau5ExHGG487t8KYrELipgPxEuum6,EGG,surge,147.4,False,False,,,0,6,,,1.0929007851970172,82981544253,20009404,1000,240,250.0,True,dex,0,365,120,3.042,365,120,4167.29,4167.29,103.0,103.0,
1788307199,9Xn8gKe4tQDY1DGivmDkEcULaib53GFSCY28Ekqe4PMM,EGG,surge,206.4,False,False,,,0,6,,,0.0,80676079078,20009404,1000,512,117.19,True,dex,0,409,159,2.572,409,159,6866.82,6866.82,112.0,112.0,
1788307199,5XHfFe3nYvZbKF6H7svwYcfmfa5wpKktETUZGhS1pump,PUMPCAT,surge,211.4,False,False,,,0,6,,,1.219603853751516,705097133208,20009404,1000,504,119.05,True,dex,0,63,12,5.25,63,12,2434.51,2434.51,25.09,25.09,
1788307199,4hg35jgmqtqXrqqeau5ExHGG487t8KYrELipgPxEuum6,EGG,surge1h,147.4,False,False,,,0,6,,,0.0,101807284813,20009404,1000,240,250.0,True,dex,0,365,120,3.042,365,120,4167.29,4167.29,103.0,103.0,
1788307199,9Xn8gKe4tQDY1DGivmDkEcULaib53GFSCY28Ekqe4PMM,EGG,surge1h,206.4,False,False,,,0,6,,,1.9834979335523202,85359932048,20009404,1000,512,117.19,True,dex,0,409,159,2.572,409,159,6866.82,6866.82,112.0,112.0,
1788307199,5XHfFe3nYvZbKF6H7svwYcfmfa5wpKktETUZGhS1pump,PUMPCAT,surge1h,211.4,False,False,,,0,6,,,1.2151956245720767,705097133208,20009404,1000,504,119.05,True,dex,0,63,12,5.25,63,12,2434.51,2434.51,25.09,25.09,
1788307199,5XkuewQFx5WWrwJj5627YLR3VawrgRR8J1cx31gWpump,long,volume,249.4,False,False,,,0,6,,,0.9493395906558572,702032328389,20009404,1000,439,136.67,True,dex,0,170,144,1.181,170,144,21202.54,21202.54,33.31,33.31,
1788307199,D6iXXyXxTocWuPW7Lm94YK7opkpGdWBne5b7vB43XCF8,SPX500,volume,158.4,False,False,,,0,6,,,1.3237566823152032,97878557865,20009404,1000,576,104.17,True,dex,0,212,115,1.843,212,115,14685.5,14685.5,247.0,247.0,
1788307706,52EKQsCtVAYbZA1whFKtdW86kvqcvXQxwk1ZYjBipump,Gronk,wait120,129.0,False,False,,,0,6,,,1.3371270821798775,706175218436,20003915,3,0,,False,dex,0,1,1,1.0,1,1,0.26,0.26,-0.01,-0.01,
1788307706,BrikD3tfzSL7deBUQsxzKjWdYkAHKpFKmt89KySxpump,brik,wait120,130.0,False,False,,,0,6,,,1.2491735828550687,179985149970,20003915,1000,168,357.14,True,dex,0,328,167,1.964,328,167,32347.09,32347.09,334.0,334.0,
1788307706,ycdzMUDCLizH3b61wHjCdkwbFLSFbXSkrf8HzKxpump,Gronk,wait120,131.0,False,False,,,0,6,,,1.375260951481912,706175218436,20003915,3,0,,False,dex,0,1,1,1.0,1,1,0.34,0.34,-0.01,-0.01,
1788307706,6ZpYnhySrDvGjUtxVWEC83RPaxQbjoWzbRYvECxspump,Gronk,wait120,131.0,False,False,,,0,6,,,1.3501228542109769,706175218436,20003915,3,0,,False,dex,0,1,1,1.0,1,1,0.24,0.24,-0.01,-0.01,
1788307706,52EKQsCtVAYbZA1whFKtdW86kvqcvXQxwk1ZYjBipump,Gronk,dexctl,129.0,False,False,,,0,6,,,1.3337103624305802,706175218436,20003915,3,0,,False,dex,0,1,1,1.0,1,1,0.26,0.26,-0.01,-0.01,
1788307706,BrikD3tfzSL7deBUQsxzKjWdYkAHKpFKmt89KySxpump,brik,dexctl,130.0,False,False,,,0,6,,,1.146532138501441,159673011140,20003915,1000,168,357.14,True,dex,0,328,167,1.964,328,167,32347.09,32347.09,334.0,334.0,
1788307706,ycdzMUDCLizH3b61wHjCdkwbFLSFbXSkrf8HzKxpump,Gronk,dexctl,131.0,False,False,,,0,6,,,1.3347282838439107,706175218436,20003915,3,0,,False,dex,0,1,1,1.0,1,1,0.34,0.34,-0.01,-0.01,
1788307706,6ZpYnhySrDvGjUtxVWEC83RPaxQbjoWzbRYvECxspump,Gronk,dexctl,131.0,False,False,,,0,6,,,1.3266792497309092,706175218436,20003915,3,0,,False,dex,0,1,1,1.0,1,1,0.24,0.24,-0.01,-0.01,
1788307706,D6u9j9rH32h5yQGNMnyEHXPCQNc6iy6TxC2sMi3Upump,Gronk,dexctl,133.0,False,False,,,0,6,,,1.326836401541462,706175218436,20003915,3,0,,False,dex,0,1,1,1.0,1,1,0.23,0.23,-0.01,-0.01,
1788307706,DPokZ9GFjsvoktFTEay3FabMs3gRjytNMfdgfAB5pump,Gronk,dexctl,135.0,False,False,,,0,6,,,1.337808319876628,706175218436,20003915,3,1,,False,dex,0,1,1,1.0,1,1,0.45,0.45,-0.02,-0.02,
1788307706,CjAyHJjxB8cTYcxFn6iSLqcnArB8pBqPfA5EfZ2VUPvi,Testicle,dexctl,157.0,False,False,,,0,6,,,0.2512953119682228,144243080480,20003915,1000,299,200.67,True,dex,0,381,122,3.123,381,122,16497.1,16497.1,59.93,59.93,21699.66
1788307706,AMXW2SdE5kVeFT3QpLvAtnJVCSw4dNr7axK416n1pump,Gronk,dexctl,143.0,False,False,,,0,6,,,1.3540866061865886,706175218436,20003915,3,0,,False,dex,0,1,1,1.0,1,1,0.43,0.43,-0.01,-0.01,
1788307706,6GTpFBGsLqTz5jv6BMQvoc56Z6q4WEk8fBEK8f2vpump,Uncachu,dexctl,144.0,False,False,,,0,6,,,0.0,676255509032,20003915,1000,351,170.94,True,dex,0,61,42,1.452,61,42,5185.54,5185.54,-9.68,-9.68,
1788307706,8ibhL5GsMSswnD8NSYQcPqKPj3UHkCYTafoDyyJVpump,PAWG,boost,3029.0,False,False,,,0,6,,,1.243501476976622,268642110511,20003915,13,3015,0.26,False,boost,10,0,1,0.0,5,3,0.74,459.14,-0.03,0.35,
1788307706,8ibhL5GsMSswnD8NSYQcPqKPj3UHkCYTafoDyyJVpump,PAWG,boost1h,3029.0,False,False,,,0,6,,,1.2502066818594249,268610443805,20003915,13,3015,0.26,False,boost,10,0,1,0.0,5,3,0.74,459.14,-0.03,0.35,
1788307706,CjAyHJjxB8cTYcxFn6iSLqcnArB8pBqPfA5EfZ2VUPvi,Testicle,surge,157.0,False,False,,,0,6,,,0.0,150136798054,20003915,1000,299,200.67,True,dex,0,381,122,3.123,381,122,16497.1,16497.1,59.93,59.93,21699.66
1788307706,7NKtEWQGdnoTsUTVazPZLTNFydezfqQCRqEsyzipump,CAC,surge,146.0,False,False,,,0,6,,,1.5975723632829657,831757134,20003915,696,421,99.19,False,dex,0,37,14,2.643,37,14,54948.79,54948.79,5489.0,5489.0,126218.71
1788307706,CjAyHJjxB8cTYcxFn6iSLqcnArB8pBqPfA5EfZ2VUPvi,Testicle,surge1h,157.0,False,False,,,0,6,,,0.033023117568625346,147047384516,20003915,1000,299,200.67,True,dex,0,381,122,3.123,381,122,16497.1,16497.1,59.93,59.93,21699.66
1788307706,7NKtEWQGdnoTsUTVazPZLTNFydezfqQCRqEsyzipump,CAC,surge1h,146.0,False,False,,,0,6,,,1.6015556636189132,832081392,20003915,696,421,99.19,False,dex,0,37,14,2.643,37,14,54948.79,54948.79,5489.0,5489.0,126218.71
1788307706,BrikD3tfzSL7deBUQsxzKjWdYkAHKpFKmt89KySxpump,brik,volume,130.0,False,False,,,0,6,,,0.7470570205772542,162516589104,20003915,1000,168,357.14,True,dex,0,328,167,1.964,328,167,32347.09,32347.09,334.0,334.0,
1788307706,CjAyHJjxB8cTYcxFn6iSLqcnArB8pBqPfA5EfZ2VUPvi,Testicle,volume,157.0,False,False,,,0,6,,,0.044692621548502245,147047080140,20003915,1000,299,200.67,True,dex,0,381,122,3.123,381,122,16497.1,16497.1,59.93,59.93,21699.66
1788307706,7NKtEWQGdnoTsUTVazPZLTNFydezfqQCRqEsyzipump,CAC,volume,146.0,False,False,,,0,6,,,1.6073051354276477,832081392,20003915,696,421,99.19,False,dex,0,37,14,2.643,37,14,54948.79,54948.79,5489.0,5489.0,126218.71
1788308018,DKPy8pSPXsouxbWQSZ5fzUd4yo8esXF8gCA9iieuPray,Gramps,wait120,154.0,False,False,,,0,6,,,1.8553403929236087,632036321180,19992228,7,46,9.13,False,,,,,,,,,,,,
1788308018,8y2DT2h7Km3B91Vin2GETLnm7v36Xn8466eug6vgpump,DOGE,dexctl,373.4,False,False,,,0,6,,,1.145496800969342,703426945829,19992228,3,379,0.47,False,dex,0,1,0,1.0,1,0,4.97,4.97,,,
1788308018,HNdC1i6wUAcasN4H1xB4MWoBcaoifv5kXvSm6uRpump,OpenAI,surge,394.4,False,False,,,0,6,,,0.9214588216152042,3822254560,19992228,1000,67,895.52,True,dex,0,142,54,2.63,142,54,20237.66,20237.66,1059.0,1059.0,56501.49
1788308018,dYDAp2PMxpZKp7vSSJcewn2JFFfPRSsYtigiEhipump,potato,surge,131.4,False,False,,,0,6,,,1.0172357336667126,11544744358,19992228,1000,92,652.17,True,dex,0,1182,180,6.567,1182,180,56646.33,56646.33,293.0,293.0,32224.85
1788308018,7gpouyym4KVskJMN8suJ7ED4n8qh2mq2CPzwThyakbBi,OTCAT,surge,147.4,False,False,,,0,6,,,1.2124754676730556,110213370152,19992228,1000,108,555.56,True,dex,0,620,268,2.313,620,268,76236.48,76236.48,94.16,94.16,24226.06
1788308018,GzvHPta9MBhg6jo1XmTwjEj7rSiTho4C4TrFTeQqASzt,Testicle,surge,162.4,False,False,,,0,6,,,0.863099749049502,135594666536,19992228,1000,179,335.2,True,dex,0,520,164,3.171,520,164,37794.59,37794.59,46.45,46.45,20138.25
1788308018,HNdC1i6wUAcasN4H1xB4MWoBcaoifv5kXvSm6uRpump,OpenAI,surge1h,394.4,False,False,,,0,6,,,0.9265417916958096,3718913975,19992228,1000,67,895.52,True,dex,0,142,54,2.63,142,54,20237.66,20237.66,1059.0,1059.0,56501.49
1788308018,dYDAp2PMxpZKp7vSSJcewn2JFFfPRSsYtigiEhipump,potato,surge1h,131.4,False,False,,,0,6,,,1.7108065626043791,9351393491,19992228,1000,92,652.17,True,dex,0,1182,180,6.567,1182,180,56646.33,56646.33,293.0,293.0,32224.85
1788308018,HNdC1i6wUAcasN4H1xB4MWoBcaoifv5kXvSm6uRpump,OpenAI,volume,394.4,False,False,,,0,6,,,0.9342025405941923,3718856818,19992228,1000,67,895.52,True,dex,0,142,54,2.63,142,54,20237.66,20237.66,1059.0,1059.0,56501.49
1788308018,AY24NpcVQACT3YUmJZN5J4AyYRinbNQPQpQWonJapump,BI-DEN,volume,399.4,False,False,,,0,6,,,1.2933936510050017,533272728473,19992228,1000,580,103.45,True,dex,0,178,91,1.956,178,91,14436.55,14436.55,83.91,83.91,
1788308018,CjAyHJjxB8cTYcxFn6iSLqcnArB8pBqPfA5EfZ2VUPvi,Testicle,deep,469.4,False,False,,,0,6,,,0.016032291797051224,166906280406,19992228,1000,299,200.67,True,dex,0,381,122,3.123,381,122,16497.1,16497.1,59.93,59.93,21699.66
1788308018,7NKtEWQGdnoTsUTVazPZLTNFydezfqQCRqEsyzipump,CAC,deep,458.4,False,False,,,0,6,,,0.7467073844424795,829744718,19992228,696,421,99.19,False,dex,0,37,14,2.643,37,14,54948.79,54948.79,5489.0,5489.0,126218.71
1788308018,HNdC1i6wUAcasN4H1xB4MWoBcaoifv5kXvSm6uRpump,OpenAI,deep,394.4,False,False,,,0,6,,,0.0,487518988282,19992228,1000,67,895.52,True,dex,0,142,54,2.63,142,54,20237.66,20237.66,1059.0,1059.0,56501.49
1788308289,BA4iCAoJWfhsjDNNJHbd4NQbxLbYgR5QiLojAHGVpump,AI,wait120,,False,False,,,0,6,,,2.084136263108232,21785364379,19957188,911,1130,48.37,False,,,,,,,,,,,,
1788308289,CVydsAdX7GTLoLqAntrx6nnB9Pd6d2uZoLhB2nfEpump,Pumpany,wait120,122.1,False,False,,,0,6,,,1.0265618944949273,643890423365,19957188,1000,265,226.42,True,dex,0,174,169,1.03,174,169,18144.9,18144.9,-9.88,-9.88,
1788308289,CVydsAdX7GTLoLqAntrx6nnB9Pd6d2uZoLhB2nfEpump,Pumpany,dexctl,122.1,False,False,,,0,6,,,0.9811481743408907,644694893010,19957188,1000,265,226.42,True,dex,0,174,169,1.03,174,169,18144.9,18144.9,-9.88,-9.88,
1788308289,DL4BBWw4k3ViukMjC3w87q8WDbLeK7bTqTy3npgmpump,PASSIVE,dexctl,127.1,False,False,,,0,6,,,1.1024258431437661,703271329293,19957188,1000,290,206.9,True,dex,0,70,70,1.0,70,70,10998.83,10998.83,-13.81,-13.81,
1788308289,25cwz3syvfhSzrVFoSNHMz3Mc4tFcubosiKuzWFLpump,VERDIS,dexctl,164.1,False,False,,,0,6,,,1.0950265387797333,704526756163,19957188,7,216,1.94,False,dex,0,2,2,1.0,2,2,20.9,20.9,-0.6,-0.6,
1788308289,xvtwyu3Xf7L7tZvAREbRvApM6Twx4fJJUJnrmKapump,WLT,dexctl,130.1,False,False,,,0,6,,,1.4930900268783007,881531266,19957188,794,370,128.76,False,dex,0,26,18,1.444,35,18,578.64,53279.66,3.71,5213.0,123057.34
1788308289,7HG76XJdD7gTgqta1Xq7JRn5UJtb1Vb45wjNgExpump,SEPT11TH,dexctl,131.1,False,False,,,0,6,,,0.9178984903787978,634996255079,19957188,279,304,55.07,False,dex,0,26,20,1.3,26,20,613.45,613.45,4.59,4.59,
1788308289,BcL5YBaSWJCsRz99MLVfx2JnAvobKnaGJD2TdsRmpump,123,dexctl,133.1,False,False,,,0,6,,,1.0100305587777902,704526756139,19957188,7,90,4.67,False,dex,0,2,4,0.5,2,4,33.63,33.63,-0.01,-0.01,
1788308289,HYu6hnFH8WCLytSLk6iYyC6Lh1Y9fKELRrAorbxLpump,TRUMP2026,dexctl,138.1,False,False,,,0,6,,,1.2449578417109408,703119311969,19957188,11,438,1.51,False,dex,0,3,4,0.75,3,4,68.72,68.72,0.21,0.21,
1788308289,CC1puX4Ew2z9qvpgcpZ9D8SwXmxBDj3nWi9rhxvA6gmB,PASSIVE,dexctl,142.1,False,False,,,0,6,,,0.0,288399376732,19957188,1000,274,218.98,True,dex,0,1616,1244,1.299,1616,1244,103912.78,103912.78,196.0,196.0,
1788308289,CC1puX4Ew2z9qvpgcpZ9D8SwXmxBDj3nWi9rhxvA6gmB,PASSIVE,volume,142.1,False,False,,,0,6,,,1.7976747139115032,270439518115,19957188,1000,274,218.98,True,dex,0,1616,1244,1.299,1616,1244,103912.78,103912.78,196.0,196.0,
1788308680,C7CpgyYgWSWfMoU7qwUUX8BCM7QTE8Cruy8bRMo7pump,MASTERS,wait120,133.8,False,False,,,0,6,,,1.1755474984528616,706163145210,20003572,3,0,,False,,,,,,,,,,,,
1788308680,5mAmhJrwhinM7bXkVf74J9BPg91pTWq2yGdxiuT7dZfW,DOG,dexctl,432.4,False,False,,,0,6,,,0.0,706163145163,20003572,1000,49,1224.49,True,dex,0,3,3,1.0,3,3,1608.09,1608.09,-5.51,-5.51,
1788308680,ASzvkJNV8E4ACSZB2Cb2nGuZHAKnZkc3jZJPDkyiakns,DOG,dexctl,433.4,False,False,,,0,6,,,0.0,706163145093,20003572,1000,197,304.57,True,dex,0,6,5,1.2,6,5,2237.62,2237.62,-28.49,-28.49,
1788308680,BA4iCAoJWfhsjDNNJHbd4NQbxLbYgR5QiLojAHGVpump,AI,boost,542.4,False,False,,,0,6,,,0.9515499406062391,20477141146,20003572,911,1130,48.37,False,boost,100,226,98,2.306,363,279,6412.73,44720.86,-1.1,62.69,24620.05
1788308680,BA4iCAoJWfhsjDNNJHbd4NQbxLbYgR5QiLojAHGVpump,AI,boost1h,542.4,False,False,,,0,6,,,0.9516110419099919,20477128514,20003572,911,1130,48.37,False,boost,100,226,98,2.306,363,279,6412.73,44720.86,-1.1,62.69,24620.05
1788308680,BA4iCAoJWfhsjDNNJHbd4NQbxLbYgR5QiLojAHGVpump,AI,surge,542.4,False,False,,,0,6,,,1.1478769627625705,20435708222,20003572,911,1130,48.37,False,boost,100,226,98,2.306,363,279,6412.73,44720.86,-1.1,62.69,24620.05
1788308680,BA4iCAoJWfhsjDNNJHbd4NQbxLbYgR5QiLojAHGVpump,AI,surge1h,542.4,False,False,,,0,6,,,1.0950025697235877,20423007060,20003572,911,1130,48.37,False,boost,100,226,98,2.306,363,279,6412.73,44720.86,-1.1,62.69,24620.05
1788308680,8Q9Rt3iT6UwLJZphtEj8Y9YyrTuFW9XM5zGyz35YuGMf,RAM,volume,451.4,False,False,,,0,6,,,0.8579727772099434,387594081570,20003572,1000,593,101.18,True,dex,0,102,113,0.903,102,113,9053.76,9053.76,38.14,38.14,
1788308680,BA4iCAoJWfhsjDNNJHbd4NQbxLbYgR5QiLojAHGVpump,AI,deep,542.4,False,False,,,0,6,,,1.6653037639374992,20883973401,20003572,911,1130,48.37,False,boost,100,226,98,2.306,363,279,6412.73,44720.86,-1.1,62.69,24620.05
1788308905,F8CftCfbmrJn8AESPSCGANjTxSmZsZYWF4AMad35Y6AR,‮OTCO,wait120,,False,False,,,0,6,,,0.9315492408222832,2013109125,20040031,97,280,20.79,False,,,,,,,,,,,,
1788308905,FWgKCPxnWdQKRjx59pA1TwhUjr5vB8aLS8xm1a3gpump,SAILOR,wait120,123.5,False,False,,,0,6,,,1.1113694881249843,701451014001,20040031,1000,176,340.91,True,dex,0,38,29,1.31,38,29,2971.78,2971.78,-31.63,-31.63,
1788308905,47ydTHFbkADQtY9FR9E3wpLcjNyHYbCkucwubZCopump,MASTERS,wait120,123.5,False,False,,,0,6,,,1.0677321628217629,707449370910,20040031,3,0,,False,dex,0,1,1,1.0,1,1,0.44,0.44,-0.01,-0.01,
1788308905,DCUHa6VVNAKozb5owbrKMyN62WqEpeC57jMqRE39c3ra,Incum,dexctl,474.5,False,False,,,0,6,,,0.0,28336102999828,20040031,1000,525,114.29,True,dex,0,73,70,1.043,544,210,3025.38,9641.24,33.69,135.0,
1788308905,FWgKCPxnWdQKRjx59pA1TwhUjr5vB8aLS8xm1a3gpump,SAILOR,dexctl,123.5,False,False,,,0,6,,,1.2209697828088892,701451014001,20040031,1000,176,340.91,True,dex,0,38,29,1.31,38,29,2971.78,2971.78,-31.63,-31.63,
1788308905,47ydTHFbkADQtY9FR9E3wpLcjNyHYbCkucwubZCopump,MASTERS,dexctl,123.5,False,False,,,0,6,,,1.1126494096787503,707449370910,20040031,3,0,,False,dex,0,1,1,1.0,1,1,0.44,0.44,-0.01,-0.01,
1788308905,BeuDGZsKk7T4pvwYCoZTZFc72ENkMmWJJ6gAGQ81pump,MASTERS,dexctl,124.5,False,False,,,0,6,,,1.1146700812605865,707449370910,20040031,3,0,,False,dex,0,1,1,1.0,1,1,0.32,0.32,-0.01,-0.01,
1788308905,8eMPCowKNTGQCRAsopdUbpv6yUnDXPSAuWLSi3SNpump,MASTERS,dexctl,125.5,False,False,,,0,6,,,1.1582913143889004,707449370910,20040031,3,0,,False,dex,0,1,1,1.0,1,1,0.27,0.27,-0.01,-0.01,
1788308905,CxJTaRcFj5ZFsDSQQMVYXy5DJ4ywEqQYV4FqsPCjpump,MASTERS,dexctl,126.5,False,False,,,0,6,,,1.1338281283427056,707449370910,20040031,3,0,,False,dex,0,1,1,1.0,1,1,0.55,0.55,-0.02,-0.02,
1788308905,7Sx4dxw7AKk2ZEsN6JYG5q3NfmTThChha6fFtQkApump,MASTERS,dexctl,127.5,False,False,,,0,6,,,1.119837154637561,707449370910,20040031,3,0,,False,dex,0,1,1,1.0,1,1,0.35,0.35,-0.01,-0.01,
1788308905,2cEL6Z2bWZ3hNhuXU7WWW8VgyBQ7XhVwT2LkgJzkpump,2PACMAN,dexctl,130.5,False,False,,,0,6,,,1.0823947603473443,707449370910,20040031,3,15,12.0,False,dex,0,1,1,1.0,1,1,1.97,1.97,-0.07,-0.07,
1788308905,BTBR5LXGr9yFcay2Z31HED8zTSxnuFmDSbTiW4MMdEVB,GAJN,volume,139.5,False,False,,,0,6,,,0.19555976589335816,126565376158,20040031,1000,169,355.03,True,dex,0,640,344,1.86,640,344,96624.68,96624.68,74.45,74.45,18894.23
1788309298,Gz5dJAZXR2xxzoUxHB8jLhuqMJhY5MZkiZ8fj9267777,NINJA,dexctl,480.7,False,False,,,0,6,,,0.4570675182128475,2670843126,20047581,1000,522,114.94,True,dex,0,2,0,2.0,2,0,1299.09,1299.09,50.02,50.02,
1788309298,5zVKn7qPDpJF3Wt5sknpDjWDYToPQK2Typ1ByqR8pump,OTCAT,dexctl,488.7,False,False,,,0,6,,,1.034654748055346,706380187600,20047581,119,392,18.21,False,dex,0,71,28,2.536,71,28,851.98,851.98,3.26,3.26,
1788309298,D53UvvZD1MmZ8oogFbJ7vq3A9gLcTxsZXgPCHfWKpump,bizcat,dexctl,495.7,False,False,,,0,6,,,0.9533396482166057,668741797830,20047581,1000,502,119.52,True,dex,0,1044,734,1.422,1044,734,54221.69,54221.69,39.16,39.16,
1788309298,x8P4Em9xUeS4yNCotms5FVrf7FzhL56ybPUQFbSpump,NVIDIA,dexctl,505.7,False,False,,,0,6,,,0.7804893156446576,3725951681,20047581,1000,341,175.95,True,dex,0,231,41,5.634,231,41,20182.7,20182.7,1085.0,1085.0,57113.68
1788309298,C9jFaCV3L42SFdjp5eaRpRs4hACj3xnPT6grbDhZpump,STUB,dexctl,512.7,False,False,,,0,6,,,0.6503645157574802,707715695553,20047581,11,416,1.59,False,dex,0,2,1,2.0,2,1,24.73,24.73,-0.08,-0.08,
1788309298,5zVKn7qPDpJF3Wt5sknpDjWDYToPQK2Typ1ByqR8pump,OTCAT,surge,488.7,False,False,,,0,6,,,1.0444878111236067,706380187600,20047581,119,392,18.21,False,dex,0,71,28,2.536,71,28,851.98,851.98,3.26,3.26,
1788309298,x8P4Em9xUeS4yNCotms5FVrf7FzhL56ybPUQFbSpump,NVIDIA,surge,505.7,False,False,,,0,6,,,1.986811313460355,3703246810,20047581,1000,341,175.95,True,dex,0,231,41,5.634,231,41,20182.7,20182.7,1085.0,1085.0,57113.68
1788309298,2xFzN2PUZATwVDvwck6xssvVMNvo4D6TGuCcP7Azpump,STAY,surge,417.7,False,False,,,0,6,,,0.7365632573289258,327248845368,20047581,1000,588,102.04,True,dex,0,39,14,2.786,39,14,2216.23,2216.23,72.37,72.37,
1788309298,5zVKn7qPDpJF3Wt5sknpDjWDYToPQK2Typ1ByqR8pump,OTCAT,surge1h,488.7,False,False,,,0,6,,,0.9494150882922696,706380187600,20047581,119,392,18.21,False,dex,0,71,28,2.536,71,28,851.98,851.98,3.26,3.26,
1788309298,x8P4Em9xUeS4yNCotms5FVrf7FzhL56ybPUQFbSpump,NVIDIA,surge1h,505.7,False,False,,,0,6,,,0.8100992923844099,3688514434,20047581,1000,341,175.95,True,dex,0,231,41,5.634,231,41,20182.7,20182.7,1085.0,1085.0,57113.68
1788309298,2xFzN2PUZATwVDvwck6xssvVMNvo4D6TGuCcP7Azpump,STAY,surge1h,417.7,False,False,,,0,6,,,0.7255807131593114,330643760992,20047581,1000,588,102.04,True,dex,0,39,14,2.786,39,14,2216.23,2216.23,72.37,72.37,
1788309298,D53UvvZD1MmZ8oogFbJ7vq3A9gLcTxsZXgPCHfWKpump,bizcat,volume,495.7,False,False,,,0,6,,,1.2331718834093301,670967054632,20047581,1000,502,119.52,True,dex,0,1044,734,1.422,1044,734,54221.69,54221.69,39.16,39.16,
1788309298,x8P4Em9xUeS4yNCotms5FVrf7FzhL56ybPUQFbSpump,NVIDIA,volume,505.7,False,False,,,0,6,,,1.9075624079503892,3691118417,20047581,1000,341,175.95,True,dex,0,231,41,5.634,231,41,20182.7,20182.7,1085.0,1085.0,57113.68
1788309298,GURMLT7BWB4WwMyBMDhipTJqNEow89u1vjtjD6qBizAt,Clippy,volume,442.7,False,False,,,0,6,,,1.1588053875040802,149620803673,20047581,1000,153,392.16,True,dex,0,229,136,1.684,229,136,11485.41,11485.41,212.0,212.0,
1788309298,x8P4Em9xUeS4yNCotms5FVrf7FzhL56ybPUQFbSpump,NVIDIA,deep,505.7,False,False,,,0,6,,,0.7499902721514866,3680335804,20047581,1000,341,175.95,True,dex,0,231,41,5.634,231,41,20182.7,20182.7,1085.0,1085.0,57113.68
1788309562,DfUdrTHVWqCHT7zMhDj8kQTU3DQjhAFyKPVCCEwdpump,DJH,wait120,120.7,False,False,,,0,6,,,1.7312113237138376,489245652584,20071813,1,0,,False,dex,0,0,0,0.0,0,0,0.0,0.0,,,
1788309562,jw6JDixm1yph5PrKHTyTbHJJirAYFUSSEbKcPkJpump,FIRE,wait120,121.7,False,False,,,0,6,,,0.0,708570533903,20071813,1000,120,500.0,True,dex,0,6,8,0.75,6,8,3066.15,3066.15,-26.53,-26.53,
1788309562,Aw4a7y2BjZPhxGjV4N45JqXuhAVpgfx95hUrGVrtupxx,$1,wait120,123.7,False,False,,,0,6,,,1.7168295953689419,78725061774,20071813,1000,111,540.54,True,dex,0,1217,1002,1.215,1217,1002,108186.6,108186.6,481.0,481.0,
1788309562,DfUdrTHVWqCHT7zMhDj8kQTU3DQjhAFyKPVCCEwdpump,DJH,dexctl,120.7,False,False,,,0,6,,,1.7327443325151233,489099398228,20071813,1,0,,False,dex,0,0,0,0.0,0,0,0.0,0.0,,,
1788309562,jw6JDixm1yph5PrKHTyTbHJJirAYFUSSEbKcPkJpump,FIRE,dexctl,121.7,False,False,,,0,6,,,0.0,708570533903,20071813,1000,120,500.0,True,dex,0,6,8,0.75,6,8,3066.15,3066.15,-26.53,-26.53,
1788309562,Aw4a7y2BjZPhxGjV4N45JqXuhAVpgfx95hUrGVrtupxx,$1,dexctl,123.7,False,False,,,0,6,,,1.0160016104072107,68521563953,20071813,1000,111,540.54,True,dex,0,1217,1002,1.215,1217,1002,108186.6,108186.6,481.0,481.0,
1788309562,DZKPfKkoJj4GvmJ7fQfasUuYadwKMshHsKWTeToCpump,$1,dexctl,128.7,False,False,,,0,6,,,0.0,708421761188,20071813,1000,57,1052.63,True,dex,0,26,25,1.04,26,25,7421.66,7421.66,-43.74,-43.74,
1788309562,FLmCiPqLRF2LZ1SqhwXoTaL1GBmMa9tW4sKcAi3d4QDV,SELFIE,volume,142.7,False,False,,,0,6,,,0.2761816737933886,5470666063,20071813,563,408,82.79,False,dex,0,163,144,1.132,163,144,18151.46,18151.46,49.65,49.65,24217.92
1788309807,6ffZ2qY55B2VCaa8wKuQzSmrTdpwujGbh8pi9PGvpump,COLLATERAL,wait120,267.8,False,False,,,0,6,,,1.3475431819259267,707826925950,20050734,1000,266,225.56,True,dex,0,8,6,1.333,8,6,660.11,660.11,-9.07,-9.07,
1788309807,Bv2FRAt6SkSw2gHk4LXh1rgkhGftexy8srA73eqXpump,CANON,wait120,259.8,False,False,,,0,6,,,1.2953682731507237,707826926068,20050734,7,75,5.6,False,dex,0,2,2,1.0,2,2,198.08,198.08,-6.27,-6.27,
1788309807,FRmXZE5AYzm5eXzXUESMwjieDoGUWPxHZZ535uWmzJQ6,Airdrop,wait120,268.8,False,False,,,0,6,,,3.1419024578932135,610656360806,20050734,1000,231,259.74,True,dex,0,160,136,1.176,160,136,23172.38,23172.38,7.63,7.63,
1788309807,6ffZ2qY55B2VCaa8wKuQzSmrTdpwujGbh8pi9PGvpump,COLLATERAL,dexctl,267.8,False,False,,,0,6,,,1.2919239821775785,707826925950,20050734,1000,266,225.56,True,dex,0,8,6,1.333,8,6,660.11,660.11,-9.07,-9.07,
1788309807,Bv2FRAt6SkSw2gHk4LXh1rgkhGftexy8srA73eqXpump,CANON,dexctl,259.8,False,False,,,0,6,,,1.276266166477708,707826926068,20050734,7,75,5.6,False,dex,0,2,2,1.0,2,2,198.08,198.08,-6.27,-6.27,
1788309807,FRmXZE5AYzm5eXzXUESMwjieDoGUWPxHZZ535uWmzJQ6,Airdrop,dexctl,268.8,False,False,,,0,6,,,0.0,634005984689,20050734,1000,231,259.74,True,dex,0,160,136,1.176,160,136,23172.38,23172.38,7.63,7.63,
1788309807,FcfXm1YzastPKbUDkEgBoRXYXJYSqeyTEMJu9ndrpump,TLB,dexctl,270.8,False,False,,,0,6,,,1.2574951908825875,707361431101,20050734,7,680,0.62,False,dex,0,1,0,1.0,1,0,0.98,0.98,,,
1788309807,6LZThw2ErJsoVRTsEckS2XkY13U9hoHT3eSETmNpump,$1,dexctl,274.8,False,False,,,0,6,,,0.7210039018748167,1958150953,20050734,1000,104,576.92,True,dex,0,1044,152,6.868,1044,152,32554.17,32554.17,1165.0,1165.0,59007.89
1788309807,CL5xNUMPP1LSn1MtvvdRfhX3T6Dt2pheJpxpZycbpump,minideng,dexctl,280.8,False,False,,,0,6,,,1.32619162372893,707826925667,20050734,1000,270,222.22,True,dex,0,18,18,1.0,18,18,3184.36,3184.36,-26.23,-26.23,
1788309807,HUT5TW4eHKZ7hsmTaos394YqUzVBHRSpi22vdx6Qpump,Callouter,dexctl,283.8,False,False,,,0,6,,,0.8795455718639852,677483679697,20050734,1000,414,144.93,True,dex,0,82,59,1.39,82,59,4166.44,4166.44,18.1,18.1,
1788309807,6LZThw2ErJsoVRTsEckS2XkY13U9hoHT3eSETmNpump,$1,surge,274.8,False,False,,,0,6,,,0.8343783626350884,4038712773,20050734,1000,104,576.92,True,dex,0,1044,152,6.868,1044,152,32554.17,32554.17,1165.0,1165.0,59007.89
1788309807,6LZThw2ErJsoVRTsEckS2XkY13U9hoHT3eSETmNpump,$1,surge1h,274.8,False,False,,,0,6,,,0.6046089904861209,4055595757,20050734,1000,104,576.92,True,dex,0,1044,152,6.868,1044,152,32554.17,32554.17,1165.0,1165.0,59007.89
1788309807,FRmXZE5AYzm5eXzXUESMwjieDoGUWPxHZZ535uWmzJQ6,Airdrop,volume,268.8,False,False,,,0,6,,,1.2223883034501515,676532351880,20050734,1000,231,259.74,True,dex,0,160,136,1.176,160,136,23172.38,23172.38,7.63,7.63,
1788309807,6LZThw2ErJsoVRTsEckS2XkY13U9hoHT3eSETmNpump,$1,volume,274.8,False,False,,,0,6,,,0.8344285526446334,4072304781,20050734,1000,104,576.92,True,dex,0,1044,152,6.868,1044,152,32554.17,32554.17,1165.0,1165.0,59007.89
1788309807,8WthYHc7DugVs8iVJqe39etUoyxBUKPJmxxHBhtxR8a6,Butthole,volume,321.8,False,False,,,0,6,,,1.344939688156122,78517199792,20050734,1000,446,134.53,True,dex,0,205,137,1.496,205,137,17269.85,17269.85,361.0,361.0,
1788310081,9eKD4sv6Jz8VQ6F24dJjX5hyYN7LdTyZviouekPXpump,co1n9,wait120,133.5,False,False,,,0,6,,,1.2708389029732765,707749378499,20048536,1000,77,779.22,True,dex,0,32,27,1.185,32,27,6445.35,6445.35,-17.17,-17.17,
1788310081,J1dXZiZPZY9rCwmgaoSoWHJyXgSrbo9RThdEQ9D1pump,BFONE,dexctl,1537.5,False,False,,,0,6,,,1.1856947423554773,96144345541,20048536,1000,1640,36.59,True,boost,100,23,18,1.278,232,161,1109.55,25278.13,1.38,657.0,
1788310081,7BppB5apCYgHjf1KKCfZA4WrDjjrDMrKPVuYah7x8Qjs,GBT,dexctl,978.5,False,False,,,0,6,,,1.6128397137449784,30474637467,20048536,1000,167,359.28,True,dex,0,442,277,1.596,4549,3637,22799.93,361972.77,-19.11,73.78,21307.44
1788310081,J1dXZiZPZY9rCwmgaoSoWHJyXgSrbo9RThdEQ9D1pump,BFONE,boost,1537.5,False,False,,,0,6,,,1.4207001852884604,92118070329,20048536,1000,1640,36.59,True,boost,100,23,18,1.278,232,161,1109.55,25278.13,1.38,657.0,
1788310081,J1dXZiZPZY9rCwmgaoSoWHJyXgSrbo9RThdEQ9D1pump,BFONE,boost1h,1537.5,False,False,,,0,6,,,1.4237975832072534,92118070329,20048536,1000,1640,36.59,True,boost,100,23,18,1.278,232,161,1109.55,25278.13,1.38,657.0,
1788310081,12W7nD9LU7L9hoTZYNn2d4gvZpgk8KAXHhn33jvipump,WOFI,surge,153.5,False,False,,,0,6,,,1.0134719373960417,26896750112,20048536,773,335,138.45,False,dex,0,430,37,11.622,430,37,198907.43,198907.43,49.71,49.71,19363.16
1788310081,12W7nD9LU7L9hoTZYNn2d4gvZpgk8KAXHhn33jvipump,WOFI,surge1h,153.5,False,False,,,0,6,,,2.142528465556044,26024614428,20048536,773,335,138.45,False,dex,0,430,37,11.622,430,37,198907.43,198907.43,49.71,49.71,19363.16
1788310081,12W7nD9LU7L9hoTZYNn2d4gvZpgk8KAXHhn33jvipump,WOFI,volume,153.5,False,False,,,0,6,,,2.3086424779894985,26024614428,20048536,773,335,138.45,False,dex,0,430,37,11.622,430,37,198907.43,198907.43,49.71,49.71,19363.16
1788310081,2vW5v5KvQb6teXX99dhibgibEqcAUFLLfG3jhGQt7LkV,FIX6900,volume,156.5,False,False,,,0,6,,,0.0,127000842868,20048536,1000,250,240.0,True,dex,0,132,67,1.97,132,67,11643.39,11643.39,68.28,68.28,
1788310081,7BppB5apCYgHjf1KKCfZA4WrDjjrDMrKPVuYah7x8Qjs,GBT,deep,978.5,False,False,,,0,6,,,2.2665015715702266,37105151196,20048536,1000,167,359.28,True,dex,0,442,277,1.596,4549,3637,22799.93,361972.77,-19.11,73.78,21307.44
1788310314,AKbcAY4WEVfsxHWh1E6KYsVcFgoAeFjLrNpubLvYpump,BD,wait120,217.5,False,False,,,0,6,,,0.9840899059497693,708015239183,20056072,1000,27,2222.22,True,dex,0,5,5,1.0,5,5,658.8,658.8,-6.27,-6.27,
1788310314,8BUhAH4bRuyECqFZSTmwrJDp1GD6Mhx9m7nwKWKRpump,Axie,dexctl,217.5,False,False,,,0,6,,,1.9182343754622015,686178659500,20056072,12,285,2.53,False,dex,0,2,0,2.0,2,0,26.41,26.41,0.11,0.11,
1788310314,AKbcAY4WEVfsxHWh1E6KYsVcFgoAeFjLrNpubLvYpump,BD,dexctl,217.5,False,False,,,0,6,,,0.9653799773773594,708015239183,20056072,1000,27,2222.22,True,dex,0,5,5,1.0,5,5,658.8,658.8,-6.27,-6.27,
1788310314,49kYgpVxX4eSgchyXqethr6kv1Eqb2D5dBusH4z5pump,UATF,dexctl,222.5,False,False,,,0,6,,,3.018182882843793,468115958853,20056072,3,57,3.16,False,dex,0,2,0,2.0,2,0,37.03,37.03,1.61,1.61,
1788310314,4gMZM9Fws4SUGexffzqZmeKCJKexTGSjYJQnXVFmpump,SCAR,dexctl,222.5,False,False,,,0,6,,,0.0,708015239183,20056072,371,330,67.45,False,dex,0,4,2,2.0,4,2,365.32,365.32,0.6,0.6,
1788310314,4mb5jy7bRy2mtvEaUc9LaE7mRjTg7hVfFzCZDtdUpump,HLIA,dexctl,223.5,False,False,,,0,6,,,1.1980752663677143,707922970533,20056072,6,164,2.2,False,dex,0,1,0,1.0,1,0,2.95,2.95,,,
1788310314,3Z3NJp9GuasHPh6akoKAFhyzitLWh8A53rigEmUk7zG3,AIRDROP,surge,136.5,False,False,,,0,6,,,0.7078953915002202,656109196564,20056072,1000,191,314.14,True,dex,0,168,39,4.308,168,39,4763.82,4763.82,5.69,5.69,
1788310314,4ETFN56u2G3uhV7NnxaRPfJQjH7R3mTL5aQE9rLQuE4Y,DEBTCOIN,surge,127.5,False,False,,,0,6,,,0.8078932458961222,169179138771,20056072,1000,234,256.41,True,dex,0,292,136,2.147,292,136,40550.79,40550.79,17.52,17.52,18076.38
1788310314,3Z3NJp9GuasHPh6akoKAFhyzitLWh8A53rigEmUk7zG3,AIRDROP,surge1h,136.5,False,False,,,0,6,,,0.7001490044467937,656109196564,20056072,1000,191,314.14,True,dex,0,168,39,4.308,168,39,4763.82,4763.82,5.69,5.69,
1788310314,4ETFN56u2G3uhV7NnxaRPfJQjH7R3mTL5aQE9rLQuE4Y,DEBTCOIN,surge1h,127.5,False,False,,,0,6,,,0.8745480060830159,170164160802,20056072,1000,234,256.41,True,dex,0,292,136,2.147,292,136,40550.79,40550.79,17.52,17.52,18076.38
1788310547,D48Mpwo4cS5PaCF7Sg4Wewzig496Jokc1aVexyvkpump,MEOWDY,wait120,294.0,False,False,,,0,6,,,1.351957603892896,707201335657,20066488,8,152,3.16,False,,,,,,,,,,,,
1788310547,AkWYVBaEgCiSRiRUV7rrMKqyprjjGXGP2Tuv5cEUpump,ODY,dexctl,305.1,False,False,,,0,6,,,1.6306723328220913,101775114803,20066488,1000,345,173.91,True,dex,0,101,102,0.99,101,102,8477.6,8477.6,186.0,186.0,
1788310547,vrGBwjWtVU7CaCAryVDhqg4LkjDCkio5m4io99ipump,PUMP,dexctl,306.1,False,False,,,0,6,,,0.0,708382685313,20066488,11,155,4.26,False,dex,0,5,3,1.667,5,3,116.04,116.04,1.28,1.28,
1788310547,8jd6GuiTCAKkanTdafhPT3HyRrbDUSvfcnTJeLpVpump,udhvdj,dexctl,309.1,False,False,,,0,6,,,0.4614540648960248,707917563330,20066488,1000,77,779.22,True,dex,0,27,12,2.25,27,12,4880.73,4880.73,-10.38,-10.38,
1788310547,61oyBdwU2DqZSPeM47N8dyv5piNqiLGHdW18akhFqqL7,PUMP,dexctl,336.1,False,False,,,0,6,,,0.467928362737487,123296039012,20066488,1000,298,201.34,True,dex,0,197,93,2.118,197,93,47106.34,47106.34,36.48,36.48,21054.93
1788310547,61oyBdwU2DqZSPeM47N8dyv5piNqiLGHdW18akhFqqL7,PUMP,surge,336.1,False,False,,,0,6,,,0.0,128034977390,20066488,1000,298,201.34,True,dex,0,197,93,2.118,197,93,47106.34,47106.34,36.48,36.48,21054.93
1788310547,EW31jgvvHRLjzEAePWbgk6hbM37awppoEXBhnmNQpump,TRUMPBUTT,surge,151.1,False,False,,,0,6,,,1.1356223878676819,21774036471,20066488,1000,186,322.58,True,dex,0,548,128,4.281,548,128,42600.28,42600.28,32.45,32.45,20987.95
1788310547,Fvzk3o4MgosWPQE5XLDsXgEFKEhyLJsgdRaVSA8pump,PONS,surge,212.1,False,False,,,0,6,,,0.5603309382281795,5220039,20066488,1000,298,201.34,True,dex,0,648,50,12.96,648,50,730432.12,730432.12,747159.0,747159.0,1472365.25
1788310547,FLc9AoxvrZ8ZdgpxuzKfL1HR53BiyoWqwejk2mv1Nyuc,PUMP,surge,263.1,False,False,,,0,6,,,0.4347911404167419,115937771213,20066488,1000,328,182.93,True,dex,0,487,73,6.671,487,73,19718.95,19718.95,42.0,42.0,20274.01
1788310547,61oyBdwU2DqZSPeM47N8dyv5piNqiLGHdW18akhFqqL7,PUMP,surge1h,336.1,False,False,,,0,6,,,0.0,105732021334,20066488,1000,298,201.34,True,dex,0,197,93,2.118,197,93,47106.34,47106.34,36.48,36.48,21054.93
1788310547,EW31jgvvHRLjzEAePWbgk6hbM37awppoEXBhnmNQpump,TRUMPBUTT,surge1h,151.1,False,False,,,0,6,,,0.9404866888148145,22842305953,20066488,1000,186,322.58,True,dex,0,548,128,4.281,548,128,42600.28,42600.28,32.45,32.45,20987.95
1788310547,Fvzk3o4MgosWPQE5XLDsXgEFKEhyLJsgdRaVSA8pump,PONS,surge1h,212.1,False,False,,,0,6,,,0.02690232165699594,5199346,20066488,1000,298,201.34,True,dex,0,648,50,12.96,648,50,730432.12,730432.12,747159.0,747159.0,1472365.25
1788310547,FLc9AoxvrZ8ZdgpxuzKfL1HR53BiyoWqwejk2mv1Nyuc,PUMP,surge1h,263.1,False,False,,,0,6,,,0.4118663092013793,107981883550,20066488,1000,328,182.93,True,dex,0,487,73,6.671,487,73,19718.95,19718.95,42.0,42.0,20274.01
1788310547,AkWYVBaEgCiSRiRUV7rrMKqyprjjGXGP2Tuv5cEUpump,ODY,volume,305.1,False,False,,,0,6,,,0.9460576725890673,692393496299,20066488,1000,345,173.91,True,dex,0,101,102,0.99,101,102,8477.6,8477.6,186.0,186.0,
1788310547,61oyBdwU2DqZSPeM47N8dyv5piNqiLGHdW18akhFqqL7,PUMP,volume,336.1,False,False,,,0,6,,,0.5122644704918232,105444143494,20066488,1000,298,201.34,True,dex,0,197,93,2.118,197,93,47106.34,47106.34,36.48,36.48,21054.93
1788310547,GihQQmVeqVjcSypJFmVdBguSwpaAdB5UNh8cQmZnpump,ANCHOR,volume,349.1,False,False,,,0,6,,,1.0147994607746584,706930835900,20066488,1000,383,156.66,True,dex,0,131,121,1.083,131,121,11537.25,11537.25,25.29,25.29,
1788310547,61oyBdwU2DqZSPeM47N8dyv5piNqiLGHdW18akhFqqL7,PUMP,deep,336.1,False,False,,,0,6,,,0.678847698219916,109212235250,20066488,1000,298,201.34,True,dex,0,197,93,2.118,197,93,47106.34,47106.34,36.48,36.48,21054.93
1788310547,2n5ukhTA9Ay2KJGK6veg8N2kuwigYC1wsemTdb7xQQ5K,PUMP,deep,419.1,False,False,,,0,6,,,0.0,148155738390,20066488,1000,203,295.57,True,dex,0,443,252,1.758,443,252,51605.44,51605.44,39.71,39.71,20206.38
1788310854,7Y7htvpJru3DHM5ND4GS78T9ACbBprddRqiLS9xuSmr7,ALON,wait120,122.9,False,False,,,0,6,,,3.877901211490816,19156099284,20055474,1000,94,638.3,True,dex,0,565,563,1.004,565,563,22964.17,22964.17,145.0,145.0,24994.48
1788310854,3gza6oBkoSC6RKKko3WJNQCjtsia2F85R2d5NLXG3MVv,PUMP,wait120,191.9,False,False,,,0,6,,,0.4873734375783323,76021027075,20055474,409,284,86.41,False,dex,0,239,47,5.085,239,47,13922.2,13922.2,62.46,62.46,35128.84
1788310854,EcLAZAitikL8niGsFZKCRaqHfadpkruF18WB1cm3pump,FIX900,wait120,191.9,False,False,,,0,6,,,1.2269358868088476,707994164712,20055474,5,73,4.11,False,dex,0,2,2,1.0,2,2,20.35,20.35,-0.66,-0.66,
1788310854,2iJci79ANysaxj7vSSybPPAF6YBGU26NPCSHWBuSpump,Pilly,wait120,191.9,False,False,,,0,6,,,1.2183495313550172,707994164712,20055474,7,64,6.56,False,dex,0,2,2,1.0,2,2,58.43,58.43,-1.91,-1.91,
1788310854,7Y7htvpJru3DHM5ND4GS78T9ACbBprddRqiLS9xuSmr7,ALON,dexctl,122.9,False,False,,,0,6,,,2.302355913961562,18540186599,20055474,1000,94,638.3,True,dex,0,565,563,1.004,565,563,22964.17,22964.17,145.0,145.0,24994.48
1788310854,3gza6oBkoSC6RKKko3WJNQCjtsia2F85R2d5NLXG3MVv,PUMP,dexctl,191.9,False,False,,,0,6,,,0.4371313332218777,74235275578,20055474,409,284,86.41,False,dex,0,239,47,5.085,239,47,13922.2,13922.2,62.46,62.46,35128.84
1788310854,EcLAZAitikL8niGsFZKCRaqHfadpkruF18WB1cm3pump,FIX900,dexctl,191.9,False,False,,,0,6,,,1.2029256192032785,707994164712,20055474,5,73,4.11,False,dex,0,2,2,1.0,2,2,20.35,20.35,-0.66,-0.66,
1788310854,2iJci79ANysaxj7vSSybPPAF6YBGU26NPCSHWBuSpump,Pilly,dexctl,191.9,False,False,,,0,6,,,1.209514251064185,707994164712,20055474,7,64,6.56,False,dex,0,2,2,1.0,2,2,58.43,58.43,-1.91,-1.91,
1788310854,8uteYGvXScswNeRou86VM72nYf6Xy6XTk8pcYYwZpump,$8BAN,dexctl,194.9,False,False,,,0,6,,,1.2095065057795182,707807138886,20055474,6,64,5.62,False,dex,0,2,1,2.0,2,1,0.79,0.79,,,
1788310854,21ZH5kjcDmjhWE8bADpJpP5k453ZtTcZ4oxX8JQepump,Pilly,dexctl,199.9,False,False,,,0,6,,,1.2082975352493852,707994164688,20055474,453,202,134.55,False,dex,0,3,3,1.0,3,3,278.18,278.18,-6.35,-6.35,
1788310854,3gza6oBkoSC6RKKko3WJNQCjtsia2F85R2d5NLXG3MVv,PUMP,surge,191.9,False,False,,,0,6,,,0.053326571226750136,68946271660,20055474,409,284,86.41,False,dex,0,239,47,5.085,239,47,13922.2,13922.2,62.46,62.46,35128.84
1788310854,EJsh6fB332Mc5Xq8dLjzKJ8V1J2yMY86oJcn5J3LnhsH,DEBTCOIN,surge,161.9,False,False,,,0,6,,,0.0,135114517010,20055474,1000,182,329.67,True,dex,0,502,145,3.462,502,145,35403.22,35403.22,54.03,54.03,20777.14
1788310854,GSmMiG6F6Q2ZfMFaDggYSsjx5H18NGaGkRTeTqkjpump,DEBTCOIN,surge,152.9,False,False,,,0,6,,,1.6695222189253807,8999788656,20055474,853,391,130.9,False,dex,0,183,20,9.15,183,20,184524.58,184524.58,674.0,674.0,45842.61
1788310854,3gza6oBkoSC6RKKko3WJNQCjtsia2F85R2d5NLXG3MVv,PUMP,surge1h,191.9,False,False,,,0,6,,,0.0,71565098278,20055474,409,284,86.41,False,dex,0,239,47,5.085,239,47,13922.2,13922.2,62.46,62.46,35128.84
1788310854,EJsh6fB332Mc5Xq8dLjzKJ8V1J2yMY86oJcn5J3LnhsH,DEBTCOIN,surge1h,161.9,False,False,,,0,6,,,0.20027399456481296,141781213175,20055474,1000,182,329.67,True,dex,0,502,145,3.462,502,145,35403.22,35403.22,54.03,54.03,20777.14
1788310854,7Y7htvpJru3DHM5ND4GS78T9ACbBprddRqiLS9xuSmr7,ALON,volume,122.9,False,False,,,0,6,,,2.572721197876981,21245414676,20055474,1000,94,638.3,True,dex,0,565,563,1.004,565,563,22964.17,22964.17,145.0,145.0,24994.48
1788310854,3gza6oBkoSC6RKKko3WJNQCjtsia2F85R2d5NLXG3MVv,PUMP,volume,191.9,False,False,,,0,6,,,0.0,71565098278,20055474,409,284,86.41,False,dex,0,239,47,5.085,239,47,13922.2,13922.2,62.46,62.46,35128.84
1788310854,EJsh6fB332Mc5Xq8dLjzKJ8V1J2yMY86oJcn5J3LnhsH,DEBTCOIN,volume,161.9,False,False,,,0,6,,,0.0,145189423377,20055474,1000,182,329.67,True,dex,0,502,145,3.462,502,145,35403.22,35403.22,54.03,54.03,20777.14
1788310854,GSmMiG6F6Q2ZfMFaDggYSsjx5H18NGaGkRTeTqkjpump,DEBTCOIN,volume,152.9,False,False,,,0,6,,,0.8852017584065384,8996808869,20055474,853,391,130.9,False,dex,0,183,20,9.15,183,20,184524.58,184524.58,674.0,674.0,45842.61
1788311125,Hs4F1UKoBD6jWNnAxVdXuubbCri2feoaw9SEfwzcpump,MEOW,dexctl,299.0,False,False,,,0,6,,,1.232988344590823,708700560043,20081842,3,1,,False,dex,0,1,0,1.0,1,0,0.47,0.47,,,
1788311125,99c7oZzhryDrP1vpZa1TWmtFkcibLbkoZmAdL9Whpump,moglog,dexctl,308.0,False,False,,,0,6,,,1.1311145885271576,641112825618,20081842,1000,440,136.36,True,dex,0,78,34,2.294,78,34,6966.91,6966.91,88.0,88.0,
1788311125,ydCXNow7AszHS6UYSXxq1PyvMKQnZUsXvWWGEMXSrkZ,CHADGPT,dexctl,308.0,False,False,,,0,6,,,1.2444916290134804,708924369963,20081842,1000,150,400.0,True,dex,0,41,22,1.864,41,22,5984.22,5984.22,85.47,85.47,
1788311125,99c7oZzhryDrP1vpZa1TWmtFkcibLbkoZmAdL9Whpump,moglog,surge,308.0,False,False,,,0,6,,,1.1039893226330673,677775731486,20081842,1000,440,136.36,True,dex,0,78,34,2.294,78,34,6966.91,6966.91,88.0,88.0,
1788311125,BwQb2z4EWmwpS7NPuw6uVDJZ28XXoF5PxaA2oDY8pump,BEAST,surge,381.0,False,False,,,0,6,,,0.7799298509921696,3839026762,20081842,1000,45,1333.33,True,dex,0,179,81,2.21,179,81,20001.1,20001.1,1058.0,1058.0,56336.74
1788311125,99c7oZzhryDrP1vpZa1TWmtFkcibLbkoZmAdL9Whpump,moglog,surge1h,308.0,False,False,,,0,6,,,1.089937018556242,679373084484,20081842,1000,440,136.36,True,dex,0,78,34,2.294,78,34,6966.91,6966.91,88.0,88.0,
1788311125,BwQb2z4EWmwpS7NPuw6uVDJZ28XXoF5PxaA2oDY8pump,BEAST,surge1h,381.0,False,False,,,0,6,,,0.7492315265088462,3829940656,20081842,1000,45,1333.33,True,dex,0,179,81,2.21,179,81,20001.1,20001.1,1058.0,1058.0,56336.74
1788311125,99c7oZzhryDrP1vpZa1TWmtFkcibLbkoZmAdL9Whpump,moglog,volume,308.0,False,False,,,0,6,,,1.0971896057729655,679373084484,20081842,1000,440,136.36,True,dex,0,78,34,2.294,78,34,6966.91,6966.91,88.0,88.0,
1788311125,ydCXNow7AszHS6UYSXxq1PyvMKQnZUsXvWWGEMXSrkZ,CHADGPT,volume,308.0,False,False,,,0,6,,,1.1525742340377099,708924369963,20081842,1000,150,400.0,True,dex,0,41,22,1.864,41,22,5984.22,5984.22,85.47,85.47,
1788311125,5n2XSvDaKarAToFz8862qBzprhCKcacRNcqCHmiPpump,WEN,volume,351.0,False,False,,,0,6,,,0.26611036307769304,541576331005,20081842,1000,481,124.74,True,dex,0,440,342,1.287,440,342,28929.47,28929.47,57.07,57.07,
1788311125,BwQb2z4EWmwpS7NPuw6uVDJZ28XXoF5PxaA2oDY8pump,BEAST,volume,381.0,False,False,,,0,6,,,0.8235402112285063,3822083935,20081842,1000,45,1333.33,True,dex,0,179,81,2.21,179,81,20001.1,20001.1,1058.0,1058.0,56336.74
1788311125,BwQb2z4EWmwpS7NPuw6uVDJZ28XXoF5PxaA2oDY8pump,BEAST,deep,381.0,False,False,,,0,6,,,0.824435971401907,3822049414,20081842,1000,45,1333.33,True,dex,0,179,81,2.21,179,81,20001.1,20001.1,1058.0,1058.0,56336.74
1788311125,3gza6oBkoSC6RKKko3WJNQCjtsia2F85R2d5NLXG3MVv,PUMP,deep,462.0,False,False,,,0,6,,,0.016603560811112507,65565888466,20081842,409,284,86.41,False,dex,0,239,47,5.085,239,47,13922.2,13922.2,62.46,62.46,35128.84
1788311125,EJsh6fB332Mc5Xq8dLjzKJ8V1J2yMY86oJcn5J3LnhsH,DEBTCOIN,deep,432.0,False,False,,,0,6,,,0.0,185121459840,20081842,1000,182,329.67,True,dex,0,502,145,3.462,502,145,35403.22,35403.22,54.03,54.03,20777.14
1788311125,GSmMiG6F6Q2ZfMFaDggYSsjx5H18NGaGkRTeTqkjpump,DEBTCOIN,deep,423.0,False,False,,,0,6,,,1.3587250018058665,1104124788011,20081842,853,391,130.9,False,dex,0,183,20,9.15,183,20,184524.58,184524.58,674.0,674.0,45842.61
1788311403,FXLjscmgXNJChvtkyN47DnvA7kif25rKsEXgQTGepjXy,CatchCat,wait120,224.3,False,False,,,0,6,,,2.650445149301062,19012165526,20068135,1000,166,361.45,True,dex,0,236,335,0.704,283,387,9324.92,11225.87,34.01,321.0,
1788311403,FXLjscmgXNJChvtkyN47DnvA7kif25rKsEXgQTGepjXy,CatchCat,dexctl,224.3,False,False,,,0,6,,,4.9086422554871,34171704531,20068135,1000,166,361.45,True,dex,0,236,335,0.704,283,387,9324.92,11225.87,34.01,321.0,
1788311403,FXLjscmgXNJChvtkyN47DnvA7kif25rKsEXgQTGepjXy,CatchCat,volume,224.3,False,False,,,0,6,,,0.0,34171704531,20068135,1000,166,361.45,True,dex,0,236,335,0.704,283,387,9324.92,11225.87,34.01,321.0,
1788311591,41oEU71UZKa5Xi9XzqxnvQM6JuNegWrERWUZsLPGpump,QuantumInu,wait120,,False,False,,,0,6,,,1.3651623865090312,706929463252,20043207,1000,159,377.36,True,,,,,,,,,,,,
1788311591,BpiVFoJvkNYZCpgDnmJvTsNAF9YgvhuTw46Cc2iZpump,SPX,wait120,144.1,False,False,,,0,6,,,1.4998180407902957,707561387309,20043207,4,0,,False,dex,0,1,1,1.0,1,1,0.4,0.4,-0.01,-0.01,
1788311591,BpiVFoJvkNYZCpgDnmJvTsNAF9YgvhuTw46Cc2iZpump,SPX,dexctl,144.1,False,False,,,0,6,,,1.4741804442639543,707561387309,20043207,4,0,,False,dex,0,1,1,1.0,1,1,0.4,0.4,-0.01,-0.01,
1788311591,BKUU73H2kW1LyiyxjvtiB5fdjyTaomQdJitggcRmpump,$SOLALA,dexctl,148.1,False,False,,,0,6,,,4.113610152135623,670219134721,20043207,325,11,1772.73,False,dex,0,1,0,1.0,1,0,82.15,82.15,,,
1788311591,2GwWPi1iw5BDVGyXkoHSBSiJQeyzU9J7M95qr6PGpump,SPAGOOT,dexctl,149.1,False,False,,,0,6,,,0.0,707561387144,20043207,453,215,126.42,False,dex,0,7,6,1.167,7,6,804.75,804.75,-7.19,-7.19,
1788311591,GmkcMcGCnE9MaWKtjwGtHGNbvZSKd7ZjNNWMCBtTpump,stockfish,dexctl,151.1,False,False,,,0,6,,,0.0,707561386956,20043207,1000,119,504.2,True,dex,0,34,15,2.267,34,15,2491.56,2491.56,77.57,77.57,
1788311591,FsGqMULEtdRiuTvPK4F5WnEysBzUPokKx6tgyrxapump,GBT,dexctl,152.1,False,False,,,0,6,,,2.4990895950939507,4333054108270,20043207,211,360,35.17,False,dex,0,32,24,1.333,32,24,24077.48,24077.48,-98.53,-98.53,1910.25
1788311591,DcpcP3LMRWJWcMUJWyqR2wwk6jh4o4gYayjBqrjE6qSj,Pumpcat,dexctl,183.1,False,False,,,0,6,,,0.23915368869153672,87838118078,20043207,1000,147,408.16,True,dex,0,269,149,1.805,269,149,30666.72,30666.72,67.09,67.09,22024.87
1788311591,GmkcMcGCnE9MaWKtjwGtHGNbvZSKd7ZjNNWMCBtTpump,stockfish,surge,151.1,False,False,,,0,6,,,0.0,707561386956,20043207,1000,119,504.2,True,dex,0,34,15,2.267,34,15,2491.56,2491.56,77.57,77.57,
1788311591,Ej2QjYADxN96Bd7Acjikq2wkcLZiCSPWpJgX67nBSa9A,Pumpcat,surge,297.1,False,False,,,0,6,,,0.0,623781007393072,20043207,1000,280,214.29,True,dex,0,267,56,4.768,267,56,3597.07,3597.07,246.0,246.0,
1788311591,5htAfW3JJ55RknvHerybHq8nZmbor8Nff9NgztDMbonk,UNKNOWN,surge,208.1,False,False,,,0,6,,,0.0,134788223835,20043207,170,485,21.03,False,dex,0,44,8,5.5,44,8,1347.41,1347.41,7.0,7.0,9061.32
1788311591,GmkcMcGCnE9MaWKtjwGtHGNbvZSKd7ZjNNWMCBtTpump,stockfish,surge1h,151.1,False,False,,,0,6,,,0.0,707561386956,20043207,1000,119,504.2,True,dex,0,34,15,2.267,34,15,2491.56,2491.56,77.57,77.57,
1788311591,Ej2QjYADxN96Bd7Acjikq2wkcLZiCSPWpJgX67nBSa9A,Pumpcat,surge1h,297.1,False,False,,,0,6,,,0.0,623781007393072,20043207,1000,280,214.29,True,dex,0,267,56,4.768,267,56,3597.07,3597.07,246.0,246.0,
1788311591,5htAfW3JJ55RknvHerybHq8nZmbor8Nff9NgztDMbonk,UNKNOWN,surge1h,208.1,False,False,,,0,6,,,0.0,134788223835,20043207,170,485,21.03,False,dex,0,44,8,5.5,44,8,1347.41,1347.41,7.0,7.0,9061.32
1788311591,DcpcP3LMRWJWcMUJWyqR2wwk6jh4o4gYayjBqrjE6qSj,Pumpcat,volume,183.1,False,False,,,0,6,,,0.09390224150724916,85290167774,20043207,1000,147,408.16,True,dex,0,269,149,1.805,269,149,30666.72,30666.72,67.09,67.09,22024.87
1788311904,FFD8u1tQSQ97eGjRU5DoZy7t5nSgRrAvmUSXmPURCreQ,Pumpcat,wait120,141.9,False,False,,,0,6,,,0.0,21201854728,20047830,1000,169,355.03,True,dex,0,195,238,0.819,195,238,7314.66,7314.66,115.0,115.0,
1788311904,HsHjQPFCYT6KVsD1RBN8pbxpi1guB2Vir8E5v4rhp8nJ,Pumpcat,wait120,209.9,False,False,,,0,6,,,2.384537980889002,78563718313,20047830,1000,189,317.46,True,dex,0,269,109,2.468,316,123,3362.35,4613.13,34.36,138.0,
1788311904,HsHjQPFCYT6KVsD1RBN8pbxpi1guB2Vir8E5v4rhp8nJ,Pumpcat,dexctl,209.9,False,False,,,0,6,,,1.5941791989391045,78271755730,20047830,1000,189,317.46,True,dex,0,269,109,2.468,316,123,3362.35,4613.13,34.36,138.0,
1788311904,ANM35KbUcfKdEVBXzSjZBoT6ceSwYRs3fuc79fp7kRqP,Pumpcat,dexctl,300.9,False,False,,,0,6,,,1.3116695541728662,7748294790,20047830,1000,1,,True,dex,0,3864,3484,1.109,6116,6035,483946.92,772115.87,8.57,609.0,45340.14
1788311904,9V15vzXD82kd9Tgqde9WC1m9GVc25dN5qNmqddzoXRB7,STOCKS,dexctl,122.9,False,False,,,0,6,,,1.2996002042460169,704944857980,20047830,1000,53,1132.08,True,dex,0,22,19,1.158,22,19,2775.44,2775.44,-0.09,-0.09,
1788311904,HWEKqvLAE7NAN5e1inCBomM3yVVoBbJfZpd1V5VXpump,GIZMO,dexctl,128.9,False,False,,,0,6,,,1.2616686624714946,701270384362,20047830,1000,111,540.54,True,dex,0,29,27,1.074,29,27,4976.83,4976.83,-11.25,-11.25,
1788311904,4Q3okaJwHkdUp4X2cA6q8TNtrtWiUNuiCrnqaKKNpump,RAT,dexctl,128.9,False,False,,,0,6,,,1.2458858685548537,707724481655,20047830,1000,290,206.9,True,dex,0,45,39,1.154,45,39,4325.65,4325.65,-11.22,-11.22,
1788311904,4u7L8nrUXEHBug2K788a3hkXR6LSu2HzGJQ2vndNpump,stockfish,dexctl,132.9,False,False,,,0,6,,,1.2522245525824671,705884540111,20047830,413,356,69.61,False,dex,0,99,74,1.338,99,74,5723.12,5723.12,0.31,0.31,
1788311904,7XLph196ruB7TiZnGJoFDdtNCHToCsz4uxMbQYvTpump,stockfish,dexctl,133.9,False,False,,,0,6,,,0.0,707724482574,20047830,202,11,1101.82,False,dex,0,1,1,1.0,1,1,199.49,199.49,-6.35,-6.35,
1788311904,HsHjQPFCYT6KVsD1RBN8pbxpi1guB2Vir8E5v4rhp8nJ,Pumpcat,surge,209.9,False,False,,,0,6,,,0.0,42016169888,20047830,1000,189,317.46,True,dex,0,269,109,2.468,316,123,3362.35,4613.13,34.36,138.0,
1788311904,9q1SUjnNqgxEYFu2rLkoq1MjaYdM4dNpqe8Tpfq59EdH,Pumpcat,surge,124.9,False,False,,,0,6,,,0.5516879094591158,154494158710,20047830,1000,189,317.46,True,dex,0,694,233,2.979,694,233,53541.09,53541.09,52.35,52.35,20720.73
1788311904,ANPitbJbFEH5kuQkSxnQVinwGs9ZZvF8MPdA5WVLfGDn,Pumpcat,surge,173.9,False,False,,,0,6,,,0.0,138276709171,20047830,1000,328,182.93,True,dex,0,557,106,5.255,602,110,23617.74,24634.36,33.91,51.92,21064.23
1788311904,HsHjQPFCYT6KVsD1RBN8pbxpi1guB2Vir8E5v4rhp8nJ,Pumpcat,surge1h,209.9,False,False,,,0,6,,,0.0,26827878677137,20047830,1000,189,317.46,True,dex,0,269,109,2.468,316,123,3362.35,4613.13,34.36,138.0,
1788311904,ANM35KbUcfKdEVBXzSjZBoT6ceSwYRs3fuc79fp7kRqP,Pumpcat,volume,300.9,False,False,,,0,6,,,0.9100948109112873,4267602936,20047830,1000,1,,True,dex,0,3864,3484,1.109,6116,6035,483946.92,772115.87,8.57,609.0,45340.14
1788311904,9q1SUjnNqgxEYFu2rLkoq1MjaYdM4dNpqe8Tpfq59EdH,Pumpcat,volume,124.9,False,False,,,0,6,,,0.0,151029806603,20047830,1000,189,317.46,True,dex,0,694,233,2.979,694,233,53541.09,53541.09,52.35,52.35,20720.73
1788311904,ANPitbJbFEH5kuQkSxnQVinwGs9ZZvF8MPdA5WVLfGDn,Pumpcat,volume,173.9,False,False,,,0,6,,,0.0,138709066891,20047830,1000,328,182.93,True,dex,0,557,106,5.255,602,110,23617.74,24634.36,33.91,51.92,21064.23
1788312300,4QRGzNsRazrM4k6r7RZ55HXFxDTJrDnCrE2AU2Kcpump,RTRD,wait120,132.7,False,False,,,0,6,,,1.3278977451122382,699902271823,20020236,3,153,1.18,False,,,,,,,,,,,,
1788312300,13hLBLn5XqKcgJyPHsWBS9B1WRGBfmYNWoEpY1WJpump,Cloudcat,wait120,128.6,False,False,,,0,6,,,0.0,694399909818,20020236,230,18,766.67,False,,,,,,,,,,,,
1788312300,2ykxVCKNpUesSCvYqU4iHFDWSPZ9iFgWifrXGAcbpump,CAPY,dexctl,402.3,False,False,,,0,6,,,1.1231492129816452,706750982138,20020236,286,305,56.26,False,dex,0,11,3,3.667,11,3,196.31,196.31,0.44,0.44,
1788312300,6iCPwpRjPL1Pza9hQZzMYeeso27PTAApdb6H1MGJYXSp,PPUMP,dexctl,414.3,False,False,,,0,6,,,0.5637076362243038,706695440951,20020236,120,338,21.3,False,dex,0,10,9,1.111,10,9,831.74,831.74,-8.21,-8.21,
1788312300,4kgk3JqH7A4RDbK8VZ9tzAFoB68GtwoPUkScRpkKpump,MOONDENG,dexctl,416.3,False,False,,,0,6,,,0.0,706388956159,20020236,1000,186,322.58,True,dex,0,10,11,0.909,10,11,1227.5,1227.5,-9.73,-9.73,
1788312300,9pF2ihEta5NhKcX1yBaYRoFyAorP6F7pd9xYn4Wpw2JU,MOONDENG,dexctl,427.3,False,False,,,0,6,,,1.191012873560137,704030401007,20020236,26,15,104.0,False,dex,0,9,8,1.125,9,8,356.33,356.33,,,
1788312300,C7j4aRdXcQKRugrFm5a8MQdD1S6aLKdcT3TDSgxmtJYK,pumpfrog,surge,429.3,False,False,,,0,6,,,1.3292536140351239,196456573854,20020236,1000,625,96.0,True,dex,0,60,26,2.308,60,26,4393.08,4393.08,84.65,84.65,
1788312300,AhTNMXRA1mhRmCq7ve5AFAy376NLS8q2UUzcnszWC8pG,孙割3000W,surge,461.3,False,False,,,0,6,,,0.8057113214251412,150456422101,20020236,1000,419,143.2,True,dex,0,237,31,7.645,237,31,2757.04,2757.04,21.04,21.04,17893.77
1788312300,C7j4aRdXcQKRugrFm5a8MQdD1S6aLKdcT3TDSgxmtJYK,pumpfrog,surge1h,429.3,False,False,,,0,6,,,1.7980106561778113,112008796817,20020236,1000,625,96.0,True,dex,0,60,26,2.308,60,26,4393.08,4393.08,84.65,84.65,
1788312300,AhTNMXRA1mhRmCq7ve5AFAy376NLS8q2UUzcnszWC8pG,孙割3000W,surge1h,461.3,False,False,,,0,6,,,0.6383990457892031,145411699225,20020236,1000,419,143.2,True,dex,0,237,31,7.645,237,31,2757.04,2757.04,21.04,21.04,17893.77
1788312300,2oQBjm3bvghDZmRNZthkYxCLhGUgHBEZcejTLgte8Rnc,MOONDENG,volume,432.3,False,False,,,0,6,,,1.9543091313704772,118069876441,20020236,1000,274,218.98,True,dex,0,574,427,1.344,574,427,57608.71,57608.71,216.0,216.0,
1788312300,AJP7YizXqzRCDJHwkVcQUPkjK3j5dVwf3VNSHiD4g2sk,Pumpcat,volume,250.3,False,False,,,0,6,,,0.0,520239142808790,20020236,578,114,304.21,False,dex,0,127,191,0.665,127,191,6791.95,6791.95,202.0,202.0,
1788312300,E5yLCnyMpoQq4ohPjSeNpU7WDsfXMxuCt6TjeXLLyrvY,GBT,volume,156.3,False,False,,,0,6,,,0.0,519860046843471,20020236,1000,160,375.0,True,dex,0,314,439,0.715,314,439,13478.49,13478.49,196.0,196.0,
1788312300,ANPitbJbFEH5kuQkSxnQVinwGs9ZZvF8MPdA5WVLfGDn,Pumpcat,deep,569.3,False,False,,,0,6,,,0.03586313138877848,92503696906,20020236,1000,328,182.93,True,dex,0,557,106,5.255,602,110,23617.74,24634.36,33.91,51.92,21064.23
1788312663,4ENi4b6yUZWX1RdhKAPSHCJ78krZNTvriYyQPjgYGSqH,Pumpcat,wait120,,False,False,,,0,6,,,0.7740287626750904,180969530261,20078863,1000,257,233.46,True,,,,,,,,,,,,
1788312663,HViRs5cfiUqPQvRDTWLR7BxxC3xY8sqyaFZC8qhVpump,ZERO,wait120,,False,False,,,0,6,,,0.9965568552177801,66070303156,20078863,512,315,97.52,False,,,,,,,,,,,,
1788312663,EyFKthttUUFCBK1JHQ7oEgwZaQN72heaEUZ7zb7FvA3p,BAWSAQ,dexctl,414.6,False,False,,,0,6,,,0.6525263883464931,4801753648,20078863,1000,129,465.12,True,dex,0,241,244,0.988,806,761,3414.87,11655.64,-0.02,4.86,
1788312889,78cwJpvzmkYL6Y4ukLsFUJshkXrzo7qRpbZX8DwSpump,TRUMP,wait120,183.9,False,False,,,0,6,,,1.1066269910203923,690958131342,20098206,1000,215,279.07,True,dex,0,67,76,0.882,67,76,5024.14,5024.14,-2.47,-2.47,
1788312889,EdGS2CzxVTBhLMed5ootVESHmYVAvETyyFFcjSqtpump,SKICAT,wait120,183.9,False,False,,,0,6,,,1.2290713074880484,542506863546,20098206,1000,252,238.1,True,dex,0,26,11,2.364,26,11,1865.61,1865.61,31.87,31.87,
1788312889,78cwJpvzmkYL6Y4ukLsFUJshkXrzo7qRpbZX8DwSpump,TRUMP,dexctl,183.9,False,False,,,0,6,,,0.0,709501666078,20098206,1000,215,279.07,True,dex,0,67,76,0.882,67,76,5024.14,5024.14,-2.47,-2.47,
1788312889,EdGS2CzxVTBhLMed5ootVESHmYVAvETyyFFcjSqtpump,SKICAT,dexctl,183.9,False,False,,,0,6,,,0.27385316466245224,600793204892,20098206,1000,252,238.1,True,dex,0,26,11,2.364,26,11,1865.61,1865.61,31.87,31.87,
1788312889,9kTZoDHWRvwbesxb4UJbQj1YG8CTqPpcZKf8uSb3upuH,19,dexctl,195.9,False,False,,,0,6,,,0.9580008193590823,688040808065,20098206,1000,184,326.09,True,dex,0,343,296,1.159,343,296,31688.73,31688.73,172.0,172.0,
1788312889,9Yo4GnDHVfZVNhni7VspHroTsfVfrXfEqR3nkQjvh3xT,DoodleCat,dexctl,198.9,False,False,,,0,6,,,1.7080899058551395,267952874753,20098206,1000,303,198.02,True,dex,0,55,54,1.019,55,54,9092.78,9092.78,-20.04,-20.04,
1788312889,2qkXqzYZ2nSTMEtP4344Y9p3DWbZSsyMh4qZu5XJpump,Pumpatar,dexctl,199.9,False,False,,,0,6,,,0.0,709501667212,20098206,1000,119,504.2,True,dex,0,37,45,0.822,37,45,8674.03,8674.03,-11.61,-11.61,
1788312889,7CA8XJ4b9ZmJn75Nbq7EDPnUJbKW86xBbVW1sVHpf3ea,NUB,dexctl,201.9,False,False,,,0,6,,,0.0,709501667661,20098206,1000,15,4000.0,True,dex,0,2,2,1.0,2,2,1386.24,1386.24,-26.53,-26.53,
1788312889,F4JMyNrmS8EGK8nofDmCVeQ6Tw9m4AxQhD5UC78Epump,PURPS,dexctl,208.9,False,False,,,0,6,,,0.0,709501667661,20098206,787,12,3935.0,False,dex,0,1,1,1.0,1,1,398.59,398.59,-12.11,-12.11,
1788312889,y17qLGQBx94FQU44etE2sS3twt7TUkpBLFbLqyvpump,ASOS,surge,138.9,False,False,,,0,6,,,0.5054965334090443,974706953,20098206,818,373,131.58,False,dex,0,39,10,3.9,39,10,49969.04,49969.04,4636.0,4636.0,115593.8
1788312889,jbi7BxqXFcWybz9EhZzCMHJHnvQhfaHiKe2gGNbLyJj,Callcat,surge,150.9,False,False,,,0,6,,,0.9285432856780995,581495847726,20098206,512,406,75.67,False,dex,0,39,19,2.053,39,19,1562.32,1562.32,41.89,41.89,
1788312889,y17qLGQBx94FQU44etE2sS3twt7TUkpBLFbLqyvpump,ASOS,surge1h,138.9,False,False,,,0,6,,,1.4268420230753802,976412905,20098206,818,373,131.58,False,dex,0,39,10,3.9,39,10,49969.04,49969.04,4636.0,4636.0,115593.8
1788312889,9kTZoDHWRvwbesxb4UJbQj1YG8CTqPpcZKf8uSb3upuH,19,volume,195.9,False,False,,,0,6,,,0.9944850688551634,442003169150,20098206,1000,184,326.09,True,dex,0,343,296,1.159,343,296,31688.73,31688.73,172.0,172.0,
1788312889,BysGdZ1CMQXYoYtNoh4ZjdcEsmTJ86nkX78gdSUL9AaF,ANSEM,volume,242.9,False,False,,,0,6,,,1.0640714986116304,518744364678,20098206,1000,308,194.81,True,dex,0,68,59,1.153,68,59,7600.03,7600.03,12.33,12.33,
1788312889,HmPw4anKHsSr7xS3C8Yd18riZ6eNsaeDSWe4r2SPpump,PFP,volume,266.9,False,False,,,0,6,,,1.1311886938935891,248885631645,20098206,1000,275,218.18,True,dex,0,838,701,1.195,838,701,74262.72,74262.72,424.0,424.0,
1788312889,3uYVL8Hg18sf4NKrP7Q5YxKpjNpYzev9zvoNgFbfbg4d,E91,volume,288.9,False,False,,,0,6,,,0.6513962612030262,159318240573,20098206,1000,170,352.94,True,dex,0,351,223,1.574,351,223,28528.73,28528.73,21.66,21.66,18780.33
1788313275,4GFDcFoQCnT956pi3GhkcUBLrGc3bKZxJReNJcMdpump,WOFI,wait120,,False,False,,,0,6,,,0.1096473476324328,139351569,20164144,1000,230,260.87,True,,,,,,,,,,,,
1788313275,8huYmjrfRyfmRNQEapmxq95x5R8aVw2aCvECPpS2Lhts,TASTE,wait120,,False,False,,,0,6,,,1.6486911987219455,238180361905,20164144,1000,275,218.18,True,,,,,,,,,,,,
1788313275,CyizvEUFyTdpPE6Jfrr2cVYzrQQXgVv1igirsDiE4jRz,SPACECAT,wait120,,False,False,,,0,6,,,1.1354281217925537,6840909479,20164144,48,381,7.56,False,,,,,,,,,,,,
1788313275,13MgBsi4Yqnoe5ewNSPbMfVL9mhjeCo2XGcvmdaHpump,MACANOS,dexctl,123.1,False,False,,,0,6,,,0.0,711827851637,20164144,867,190,273.79,False,dex,0,2,4,0.5,2,4,575.09,575.09,-14.98,-14.98,
1788313275,CtJdY9eb1oLDupurbJoPuHFv1hCApES3DSUyjgVgpump,CAT,dexctl,124.1,False,False,,,0,6,,,0.0,711827851661,20164144,209,149,84.16,False,dex,0,1,1,1.0,1,1,98.11,98.11,-3.21,-3.21,
1788313275,BzSv86eJAzHxABfv88XcayzNwBL1WPHBCjjP8BKDpump,drawing,dexctl,125.1,False,False,,,0,6,,,1.0584338302291627,711827851637,20164144,7,195,2.15,False,dex,0,2,1,2.0,2,1,3.38,3.38,-0.33,-0.33,
1788313275,67DXhpS4RBUP7ZuxX8R8wcqfhnZioHgAtLcLD5hXpump,STOCKLIFE,dexctl,128.1,False,False,,,0,6,,,0.9090379472984269,711827851376,20164144,1000,127,472.44,True,dex,0,22,23,0.957,22,23,4657.14,4657.14,-26.53,-26.53,
1788313275,2LmBBAYE63Src3L5f5ZgjkK8V49NLCWGUvaD7tdEpump,Taste,dexctl,135.1,False,False,,,0,6,,,0.8928412152649843,683396610089,20164144,1000,354,169.49,True,dex,0,209,188,1.112,209,188,21161.24,21161.24,-14.22,-14.22,
1788313275,GGKhdyVf19YZb4gk9WmBFDY5sTaSU6Kyd5TQh8oJpump,Taste,dexctl,135.1,False,False,,,0,6,,,1.1204489066261598,711827851589,20164144,1000,254,236.22,True,dex,0,7,9,0.778,7,9,1395.53,1395.53,-19.77,-19.77,
1788313275,9WoAroWBnYpnXbhkregEH1cwPN23w4j7GuUquutUpump,EVA,dexctl,138.1,False,False,,,0,6,,,0.7062499448333559,708847840452,20164144,7,45,9.33,False,dex,0,4,2,2.0,4,2,151.88,151.88,0.02,0.02,
1788313671,9zKQAf7A19WFnms8vYr2Wf9GjQZjY5y1QGeutyvbpump,Pump Pepe,wait120,162.4,False,False,,,0,6,,,0.8525901681804723,713722896168,20217861,1000,56,1071.43,True,,,,,,,,,,,,
1788313671,2prFBYA99DCGKjgJYfyYgs5ABhg3Jv7sGkvBGcdv5X85,OTC,wait120,126.9,False,False,,,0,6,,,1.176042936424987,500573810490,20217861,1000,129,465.12,True,dex,0,433,398,1.088,433,398,34432.91,34432.91,-17.38,-17.38,
1788313671,5fmuxJq9RtfikFWAyEuAufUE78xJA98vaSTXMpgL6hzY,LONG,dexctl,356.9,False,False,,,0,6,,,0.5781514231487083,710798243071,20217861,145,111,78.38,False,dex,0,17,11,1.545,17,11,773.06,773.06,8.61,8.61,
1788313671,Fcg1fu2z5CUuKWmJsMDQobikiGgkunryPAUmVybRsWpM,Pumpfun,dexctl,370.9,False,False,,,0,6,,,0.0,666834146021,20217861,1000,411,145.99,True,dex,0,192,215,0.893,192,215,20035.93,20035.93,-43.58,-43.58,
1788313671,FBqtapNEfVFoTe3aes3P1VryPku463sEjxjDXTx9pump,Useful,dexctl,375.9,False,False,,,0,6,,,0.6546730755782847,713722895550,20217861,1000,274,218.98,True,dex,0,45,42,1.071,45,42,5055.98,5055.98,-19.81,-19.81,
1788313671,2yRRbkLpA7goPfUpeCkyh33pAvKg4Aha3Hm4fqTMZmfQ,hdf,dexctl,377.9,False,False,,,0,6,,,0.6095299353903725,709657721234,20217861,151,303,29.9,False,dex,0,11,8,1.375,11,8,748.38,748.38,0.72,0.72,
1788313671,5kpUbbsw5qW8Vev3nFZCEiUwj8Rs44g1H4SeqW6cpump,Pumpfun,dexctl,382.9,False,False,,,0,6,,,0.15047339184129813,713722893482,20217861,1000,386,155.44,True,dex,0,191,195,0.979,191,195,23913.98,23913.98,-39.67,-39.67,
1788313671,84M2TZctHboWGZPceRx9WvnuB3a9LsVtWVkayqvzSsA4,TIT,surge,432.9,False,False,,,0,6,,,0.0,31578092088,20217861,1000,556,107.91,True,dex,0,328,81,4.049,328,81,2706.3,2706.3,269.0,269.0,
1788313671,FcSfAiYd3RXHsGN6FVHa7BS3DqhCtaDD5KxutaW4wB4p,Pumpcat,surge,455.9,False,False,,,0,6,,,0.831073546572236,167432237218,20217861,1000,178,337.08,True,dex,0,440,149,2.953,440,149,34293.31,34293.31,45.76,45.76,19795.46
1788313671,4DFUTWzYVHJ6JwPXyzHCAeHKstzCphL8ahq3VtV5pump,papu,surge,184.9,False,False,,,0,6,,,0.2704243131857307,711590662481,20217861,1000,240,250.0,True,dex,0,126,60,2.1,126,60,15059.84,15059.84,-10.29,-10.29,
1788313671,84M2TZctHboWGZPceRx9WvnuB3a9LsVtWVkayqvzSsA4,TIT,surge1h,432.9,False,False,,,0,6,,,0.0,25414962627,20217861,1000,556,107.91,True,dex,0,328,81,4.049,328,81,2706.3,2706.3,269.0,269.0,
1788313671,FcSfAiYd3RXHsGN6FVHa7BS3DqhCtaDD5KxutaW4wB4p,Pumpcat,surge1h,455.9,False,False,,,0,6,,,0.9222075199053875,138678339139,20217861,1000,178,337.08,True,dex,0,440,149,2.953,440,149,34293.31,34293.31,45.76,45.76,19795.46
1788313671,4DFUTWzYVHJ6JwPXyzHCAeHKstzCphL8ahq3VtV5pump,papu,surge1h,184.9,False,False,,,0,6,,,0.33021897244483395,711590662481,20217861,1000,240,250.0,True,dex,0,126,60,2.1,126,60,15059.84,15059.84,-10.29,-10.29,
1788313671,FcSfAiYd3RXHsGN6FVHa7BS3DqhCtaDD5KxutaW4wB4p,Pumpcat,volume,455.9,False,False,,,0,6,,,0.9289812856738852,138678339139,20217861,1000,178,337.08,True,dex,0,440,149,2.953,440,149,34293.31,34293.31,45.76,45.76,19795.46
1788313671,BSmoKeniT8NqNWtSge6HagbGJfMbv5KmeWRTKAwUpump,GBT,volume,463.9,False,False,,,0,6,,,2.563407623829711,3090895386716,20217861,1000,282,212.77,True,dex,0,237,232,1.022,237,232,456796.39,456796.39,701.0,701.0,64535.97
1788313671,DrrVBaE3bciNXNcGEzWFzaa7BqcGrW1whaXegkisaxpp,Squads,volume,473.9,False,False,,,0,6,,,0.3556447462609501,376946817721,20217861,1000,770,77.92,True,dex,0,135,113,1.195,135,113,10173.01,10173.01,129.0,129.0,
1788313671,GEsh1snBmifPawCeZaPrSGzJfuN9K8vm4DDCR1ZG7hN,Pumpify,volume,425.9,False,False,,,0,6,,,1.9897035422068075,157463893837,20217861,1000,699,85.84,True,dex,0,405,263,1.54,405,263,25553.11,25553.11,97.07,97.07,
1788314089,7GDL7yubovfk41Q7So8hm22NMKz4odr95PXhtaoFX33J,E91,wait120,151.9,False,False,,,0,6,,,0.6994774603767063,36902852442,20238372,1000,207,289.86,True,dex,0,84,90,0.933,84,90,2818.89,2818.89,251.0,251.0,
1788314089,37ejYEpQvbNwndfJXKK9RH1uYBYmZD5vvjMsqFHLpump,1000X,wait120,125.9,False,False,,,0,6,,,0.0,114884125519,20238372,141,225,37.6,False,dex,0,56,39,1.436,56,39,1459.76,1459.76,324.0,324.0,
1788314089,2Tap45FRoNuCijEP5Zz3evzBamHrvgsRWytKszBdpump,$ASSHOLE,wait120,127.9,False,False,,,0,6,,,1.7353873882574158,713969100499,20238372,2,0,,False,dex,0,1,0,1.0,1,0,0.99,0.99,,,
1788314089,37ejYEpQvbNwndfJXKK9RH1uYBYmZD5vvjMsqFHLpump,1000X,dexctl,125.9,False,False,,,0,6,,,1.331796974955334,30615282360,20238372,141,225,37.6,False,dex,0,56,39,1.436,56,39,1459.76,1459.76,324.0,324.0,
1788314089,2Tap45FRoNuCijEP5Zz3evzBamHrvgsRWytKszBdpump,$ASSHOLE,dexctl,127.9,False,False,,,0,6,,,1.7215754226399018,713969100499,20238372,2,0,,False,dex,0,1,0,1.0,1,0,0.99,0.99,,,
1788314089,9ney6iRWfEt5QAbperYxWEcxS96YBbux52RMB3Swpump,FOMODOG,dexctl,134.9,False,False,,,0,6,,,1.3945339458766197,681823631273,20238372,1000,206,291.26,True,dex,0,254,298,0.852,254,298,22097.6,22097.6,-22.76,-22.76,
1788314089,9fm5HkMuXuLB9HuRX9ZBNk8YtYFG4TahifB9wEjopump,FOMODOG,dexctl,134.9,False,False,,,0,6,,,1.4510941175158498,713743699677,20238372,1000,126,476.19,True,dex,0,10,9,1.111,10,9,3079.67,3079.67,-26.46,-26.46,
1788314089,7F82T6KsaNLUeR3pFx372MoYad2YG5GuT7Am3d4tbtGp,CHUD,dexctl,135.9,False,False,,,0,6,,,1.4252699718640789,664777850132,20238372,1000,220,272.73,True,dex,0,90,83,1.084,90,83,10920.37,10920.37,-2.14,-2.14,
1788314089,E9TKxTMrbySndN5iX6JRr7xmfARh7idwk2wjdE2RLMzf,NUBCAT,dexctl,140.9,False,False,,,0,6,,,1.4552293886167165,714446492942,20238372,31,118,15.76,False,dex,0,13,13,1.0,13,13,761.35,761.35,-3.18,-3.18,
1788314089,9bLN6cSZWnmG2mo9e1MgK8iHiDAcuubHdTLWr6vvudWp,FIX6900,surge,191.9,False,False,,,0,6,,,0.4626840796391759,139163322990,20238372,437,445,58.92,False,dex,0,118,29,4.069,118,29,10585.32,10585.32,44.35,44.35,23096.69
1788314089,9bLN6cSZWnmG2mo9e1MgK8iHiDAcuubHdTLWr6vvudWp,FIX6900,surge1h,191.9,False,False,,,0,6,,,0.2850462884776819,138508219148,20238372,437,445,58.92,False,dex,0,118,29,4.069,118,29,10585.32,10585.32,44.35,44.35,23096.69
1788314089,9bLN6cSZWnmG2mo9e1MgK8iHiDAcuubHdTLWr6vvudWp,FIX6900,volume,191.9,False,False,,,0,6,,,0.2850462884776819,138508219148,20238372,437,445,58.92,False,dex,0,118,29,4.069,118,29,10585.32,10585.32,44.35,44.35,23096.69
1788314089,4sRnWcZ7ypkbTo8ZsnoXaVV6xpb3jZLcMkuA398bzXVi,Pumpployed,volume,203.9,False,False,,,0,6,,,0.0,643806654210,20238372,1000,354,169.49,True,dex,0,101,104,0.971,101,104,8268.64,8268.64,11.15,11.15,
1788314388,BgnJaAarYpAEXwNGjuMjQtVTm98YTVLvXVSEvK7ZaqK4,EXIT,wait120,131.5,False,False,,,0,6,,,1.4411226819686904,709189987759,20183231,5,4,,False,,,,,,,,,,,,
1788314388,GgBuRbCs5C7ZZucJWpCDRfqmUykr21ZnP636o13epump,STOCKS,wait120,120.8,False,False,,,0,6,,,0.0,712501194319,20183231,1000,35,1714.29,True,dex,0,4,4,1.0,4,4,1993.37,1993.37,-17.36,-17.36,
1788314388,FnPZEVKcdXnz8483V2KFi1Qd2dTCrQzoAKhA9SCDTQhi,OTCQUANT,wait120,121.8,False,False,,,0,6,,,1.3275500893101504,712445201202,20183231,21,58,21.72,False,dex,0,9,8,1.125,9,8,545.89,545.89,-6.21,-6.21,
1788314388,6u7fGSkUSF2stf4LgUNn6ivw3eqBFF9SeoFEQZjPpump, ,dexctl,318.8,False,False,,,0,6,,,0.26124522334842487,712501194319,20183231,317,11,1729.09,False,dex,0,4,4,1.0,4,4,730.01,730.01,-17.36,-17.36,
1788314388,BgGSTfLHvrQJQw3m7QUt2mBPq9usdGyL54csuDEqXGLM,PUMPOOOR,dexctl,320.8,False,False,,,0,6,,,0.7984487009067944,663968381918,20183231,1000,305,196.72,True,dex,0,167,132,1.265,167,132,18175.75,18175.75,69.02,69.02,
1788314388,ABe6dF3fN5e6e9XrknGrehURiJifpf71XnaKdNh7pump,RICO,dexctl,333.8,False,False,,,0,6,,,1.4568471917671584,712501193417,20183231,592,207,171.59,False,dex,0,50,58,0.862,50,58,6286.19,6286.19,-14.14,-14.14,
1788314388,A2zUSTZDs4gv3RDaHk8rwsThz2vMtwGWwf5JsLkJpump,ai,dexctl,334.8,False,False,,,0,6,,,2.518210838481082,3205015541256,20183231,1000,266,225.56,True,dex,0,98,85,1.153,98,85,84460.39,84460.39,-99.04,-99.04,2454.74
1788314388,Bt3NG93Xeq7jV3wKzt82hcyofPTHGs8U3XjGEdnPpump,BUC,dexctl,334.8,False,False,,,0,6,,,1.6617946287882663,712031260467,20183231,1,0,,False,dex,0,1,0,1.0,1,0,0.97,0.97,,,
1788314388,H1EJs824xgXKGryDWTXShVfT9nQSacDHFYZ59YZ1pump,funcoin,dexctl,338.8,False,False,,,0,6,,,0.023051615829236184,712501194343,20183231,11,244,2.7,False,dex,0,4,4,1.0,4,4,580.13,580.13,-0.33,-0.33,
1788314388,2D2NRCuEFLbBiM4VN8Fu5FtpkFcVche8X3digNKopump,otcbot,dexctl,341.8,False,False,,,0,6,,,0.0,712369557206,20183231,1000,285,210.53,True,dex,0,62,71,0.873,62,71,5824.38,5824.38,7.4,7.4,
1788314388,2HwV2krVrXwu4duYZ6ix2DTMaKN67qvRS1LXte8Bpump,fun,dexctl,341.8,False,False,,,0,6,,,0.0,712501194200,20183231,1000,58,1034.48,True,dex,0,10,20,0.5,10,20,3462.77,3462.77,-17.36,-17.36,
1788314388,39K9cbW3CChgLa4MW1Cv4ZLzPRUQsYgQotiCNqLpQy8y,SPYx,surge,416.8,False,False,,,0,6,,,0.0,155724078041,20183231,1000,317,189.27,True,dex,0,360,133,2.707,360,133,8988.54,8988.54,10.12,10.12,18247.48
1788314388,8NfChFLTQRjYBnwJb38QkRRANHb8rC2vMwZgjPoJAqPQ,Pumpcat,surge,182.8,False,False,,,0,6,,,0.0,147077315517,20183231,1000,154,389.61,True,dex,0,358,106,3.377,358,106,38271.97,38271.97,17.46,17.46,18747.77
1788314388,4QquymwjGNJyvky9v4WiKbDTGNzjvpQsWkbhJBCZNkep,ser,surge,172.8,False,False,,,0,6,,,0.0,29948091103,20183231,1000,527,113.85,True,dex,0,386,89,4.337,386,89,2965.38,2965.38,293.0,293.0,
1788314388,DHHt4P2mo1w24qDDuhLMWqVVGHsUdryji3F1YAGGFg7U,JOHNDOG,surge,172.8,False,False,,,0,6,,,0.7220951353631668,58579825370,20183231,1000,196,306.12,True,dex,0,625,102,6.127,625,102,41142.45,41142.45,177.0,177.0,21630.68
1788314388,39K9cbW3CChgLa4MW1Cv4ZLzPRUQsYgQotiCNqLpQy8y,SPYx,surge1h,416.8,False,False,,,0,6,,,0.5184824782494675,148415382604,20183231,1000,317,189.27,True,dex,0,360,133,2.707,360,133,8988.54,8988.54,10.12,10.12,18247.48
1788314388,8NfChFLTQRjYBnwJb38QkRRANHb8rC2vMwZgjPoJAqPQ,Pumpcat,surge1h,182.8,False,False,,,0,6,,,0.7343173314133321,129412255917,20183231,1000,154,389.61,True,dex,0,358,106,3.377,358,106,38271.97,38271.97,17.46,17.46,18747.77
1788314388,4QquymwjGNJyvky9v4WiKbDTGNzjvpQsWkbhJBCZNkep,ser,surge1h,172.8,False,False,,,0,6,,,0.0,24841876890,20183231,1000,527,113.85,True,dex,0,386,89,4.337,386,89,2965.38,2965.38,293.0,293.0,
1788314388,DHHt4P2mo1w24qDDuhLMWqVVGHsUdryji3F1YAGGFg7U,JOHNDOG,surge1h,172.8,False,False,,,0,6,,,0.602406203383644,62890757736,20183231,1000,196,306.12,True,dex,0,625,102,6.127,625,102,41142.45,41142.45,177.0,177.0,21630.68
1788314388,BgGSTfLHvrQJQw3m7QUt2mBPq9usdGyL54csuDEqXGLM,PUMPOOOR,volume,320.8,False,False,,,0,6,,,1.7070813054014182,659728131215,20183231,1000,305,196.72,True,dex,0,167,132,1.265,167,132,18175.75,18175.75,69.02,69.02,
1788314388,2D2NRCuEFLbBiM4VN8Fu5FtpkFcVche8X3digNKopump,otcbot,volume,341.8,False,False,,,0,6,,,0.0,712369557206,20183231,1000,285,210.53,True,dex,0,62,71,0.873,62,71,5824.38,5824.38,7.4,7.4,
1788314388,2UnGwdj3HT94MA3em5yMjybTyaDpAs7gvpYSoS46YxaK,funcoin,volume,353.8,False,False,,,0,6,,,0.0,284630518049,20183231,1000,363,165.29,True,dex,0,627,532,1.179,627,532,44785.11,44785.11,209.0,209.0,
1788314388,GBiah7pEKLzRdBmC9iqHTxgb88XL64poWTMQZBEypump,PSYOP,volume,392.8,False,False,,,0,6,,,1.5027682210352393,682629502872,20183231,1000,767,78.23,True,dex,0,159,95,1.674,159,95,11158.42,11158.42,15.41,15.41,
1788314388,GRqf1vATnHHJbLhSVX5f4tGGsxrzks1MivWdavbjVh5n,USOF,deep,397.8,False,False,,,0,6,,,2.081126374012166,1138934221,20183231,1000,289,207.61,True,dex,0,17,4,4.25,17,4,51635.58,51635.58,2697.0,2697.0,126506.22
1788314894,XmpQnCqc7iqmbo6qNaGeELF7cB9zBj9FiGj3rS2LsMr,PUMP,wait120,,False,False,,,0,6,,,0.06557927826530055,160145545953,20199751,1000,195,307.69,True,,,,,,,,,,,,
1788314894,84iPLqKjF8L5ajfQLPDrQRhtkzcDh1Xyep1pAYFntJHQ,PUMP,wait120,,False,False,,,0,6,,,0.0,117156819743,20199751,1000,159,377.36,True,,,,,,,,,,,,
1788314894,8Ka1uwfUZTc1XW6ZNjkYe1t9YE3d3GynNDzuXVj3hKag,迷因币,dexctl,122.7,False,False,,,0,6,,,1.413644487116252,709627047907,20199751,1000,262,229.01,True,dex,0,3,5,0.6,3,5,1016.78,1016.78,-15.15,-15.15,
1788314894,D2vMgKQ4BVw8FyoSScw9L16Toq1Y5c9qrfNZLN9M3fMm,BOBO,dexctl,126.7,False,False,,,0,6,,,0.0,713083988063,20199751,1000,18,3333.33,True,dex,0,8,8,1.0,8,8,724.39,724.39,-6.27,-6.27,
1788314894,4xCFYJoqMqxzDLdmDfSjmvZBxfa7vL3ziqFCVp5opump,e,dexctl,129.7,False,False,,,0,6,,,0.37845498471471256,712646881264,20199751,1000,348,172.41,True,dex,0,35,38,0.921,35,38,3247.33,3247.33,-0.16,-0.16,
1788314894,9pFN2NxK3cPMzMuTsxZ2wViRUMhZf8QHDMpdar16pump,PumpBeans,dexctl,130.7,False,False,,,0,6,,,0.0,668652317555,20199751,16,111,8.65,False,dex,0,8,6,1.333,8,6,336.59,336.59,6.06,6.06,
1788315194,4wcHv6YXkpPAtPwRuMXbcjeSGhpdTGLQ6nUVKwcxjkbV,BATON,wait120,278.1,False,False,,,0,6,,,1.1819302931284847,642634456533,20158059,1000,261,229.89,True,dex,0,304,286,1.063,304,286,22384.43,22384.43,83.15,83.15,
1788315194,H9W9xWTWVqGtVMFERVYy6x6QdKgrXtjWnnpMStcMpump,Aloncat,wait120,283.1,False,False,,,0,6,,,1.0893520866946338,711613179038,20158059,314,82,229.76,False,dex,0,2,1,2.0,2,1,200.52,200.52,-6.33,-6.33,
1788315194,4wcHv6YXkpPAtPwRuMXbcjeSGhpdTGLQ6nUVKwcxjkbV,BATON,dexctl,278.1,False,False,,,0,6,,,1.1515274172603964,642634456533,20158059,1000,261,229.89,True,dex,0,304,286,1.063,304,286,22384.43,22384.43,83.15,83.15,
1788315194,H9W9xWTWVqGtVMFERVYy6x6QdKgrXtjWnnpMStcMpump,Aloncat,dexctl,283.1,False,False,,,0,6,,,1.0882517180961926,711613179038,20158059,314,82,229.76,False,dex,0,2,1,2.0,2,1,200.52,200.52,-6.33,-6.33,
1788315194,DY2v7Fhr4dJPcnjGiE6qNgcDC7ooFvHvVHLwTt4897K,IPG,dexctl,289.1,False,False,,,0,6,,,2.980935357728491,688817254275,20158059,1000,166,361.45,True,dex,0,25,24,1.042,25,24,5602.5,5602.5,-10.32,-10.32,
1788315194,3dNhELmGp5dd2hCEPPm75S119D5VnhfVYddUoVrnn2cS,RKT,surge,349.1,False,False,,,0,6,,,0.901196377661789,708038456147,20158059,1000,203,295.57,True,dex,0,153,74,2.068,153,74,9071.09,9071.09,4.95,4.95,
1788315194,AzXAQmGrHLJYcJ7L16ZWvcGQgypxrHrPSLT5Nr5N1KRc,JOHNDOG,surge,142.1,False,False,,,0,6,,,0.609030457646469,130421765530,20158059,1000,263,228.14,True,dex,0,344,71,4.845,344,71,19775.59,19775.59,52.94,52.94,21818.98
1788315194,5GkaHQgE45SHiHg8BR76iNsNwSAMouPKb9iSpGwq9DZm,PUMP,surge,156.1,False,False,,,0,6,,,0.0,129101393782,20158059,1000,170,352.94,True,dex,0,497,150,3.313,497,150,35341.69,35341.69,87.88,87.88,22520.18
1788315194,5uLawxSbYa7fhoAwNp2NkUqGxM5Ey8Vw1u2mD5BXpump,Pumpdog,surge,143.1,False,False,,,0,6,,,1.1577921016557076,21763240724,20158059,1000,195,307.69,True,dex,0,581,99,5.869,581,99,34491.21,34491.21,78.13,78.13,25877.71
1788315194,3dNhELmGp5dd2hCEPPm75S119D5VnhfVYddUoVrnn2cS,RKT,surge1h,349.1,False,False,,,0,6,,,1.2969701800990356,710578842494,20158059,1000,203,295.57,True,dex,0,153,74,2.068,153,74,9071.09,9071.09,4.95,4.95,
1788315194,AzXAQmGrHLJYcJ7L16ZWvcGQgypxrHrPSLT5Nr5N1KRc,JOHNDOG,surge1h,142.1,False,False,,,0,6,,,0.3350263522049723,111739356713,20158059,1000,263,228.14,True,dex,0,344,71,4.845,344,71,19775.59,19775.59,52.94,52.94,21818.98
1788315194,5GkaHQgE45SHiHg8BR76iNsNwSAMouPKb9iSpGwq9DZm,PUMP,surge1h,156.1,False,False,,,0,6,,,0.40726150289768814,123297050075,20158059,1000,170,352.94,True,dex,0,497,150,3.313,497,150,35341.69,35341.69,87.88,87.88,22520.18
1788315194,5uLawxSbYa7fhoAwNp2NkUqGxM5Ey8Vw1u2mD5BXpump,Pumpdog,surge1h,143.1,False,False,,,0,6,,,0.6000921927060954,19877179259,20158059,1000,195,307.69,True,dex,0,581,99,5.869,581,99,34491.21,34491.21,78.13,78.13,25877.71
1788315194,4wcHv6YXkpPAtPwRuMXbcjeSGhpdTGLQ6nUVKwcxjkbV,BATON,volume,278.1,False,False,,,0,6,,,4.31898162886011,604013122539,20158059,1000,261,229.89,True,dex,0,304,286,1.063,304,286,22384.43,22384.43,83.15,83.15,
1788315194,xVbr4m9d7NNMgY9HygbtH5bZWVC69dRzGRedGgspump,NASDAQDOG,volume,336.1,False,False,,,0,6,,,0.0,705371950376,20158059,1000,538,111.52,True,dex,0,106,94,1.128,106,94,7035.45,7035.45,6.68,6.68,
1788315194,7jfYgZP3PDPjtZtjqVsQdZJZiQLhKmSuHmsuNMThYV9H,RXA,volume,341.1,False,False,,,0,6,,,0.0,624343856162462,20158059,588,563,62.66,False,dex,0,105,175,0.6,105,175,6003.25,6003.25,84.16,84.16,
1788315497,AseXmdQmTrLGiLeaXGLhURJx8PxAvcyHZ9mg11yKjN7Z,PUMP,wait120,,False,False,,,0,6,,,1.804502804413815,149279722108,20188950,1000,137,437.96,True,,,,,,,,,,,,
1788315497,BctxBxJonVLXFABPf8udqTCrquSFF5hA919fKVtrpump,GUCCYGUY,wait120,132.1,False,False,,,0,6,,,0.0,712702936080,20188950,1000,183,327.87,True,dex,0,12,12,1.0,12,12,3181.15,3181.15,-17.21,-17.21,
1788315497,BctxBxJonVLXFABPf8udqTCrquSFF5hA919fKVtrpump,GUCCYGUY,dexctl,132.1,False,False,,,0,6,,,0.0,712702936080,20188950,1000,183,327.87,True,dex,0,12,12,1.0,12,12,3181.15,3181.15,-17.21,-17.21,
1788315497,J7nhnHUZoVsrRMEbKrq9W3XAKvuSZNUHewZjF3CZpump,DRIPPYGUY,dexctl,134.1,False,False,,,0,6,,,1.4128560329660356,712702936104,20188950,1000,50,1200.0,True,dex,0,10,19,0.526,10,19,3260.68,3260.68,-26.53,-26.53,
1788315497,6mWtV9ktojYRwQix9g8en4BzKbdmRw9roPTUvDkdpump,dump cat ,dexctl,134.1,False,False,,,0,6,,,1.4410040805036946,709416689281,20188950,4,173,1.39,False,dex,0,3,0,3.0,3,0,6.87,6.87,0.3,0.3,
1788315497,CS19QT4pvNZNTD3Coht6wpefjmiHZNjNybriNvMEpump,JOHNDOG,dexctl,140.1,False,False,,,0,6,,,1.154137829638365,712702936199,20188950,216,110,117.82,False,dex,0,6,5,1.2,6,5,663.94,663.94,-11.82,-11.82,
1788315497,6NUZudPMh9RPT61pe7ZbqhPsunYED2gSaKtDuHRMpump,NO LIMIT ,dexctl,142.1,False,False,,,0,6,,,1.3200246980649646,489692107277,20188950,3,174,1.03,False,dex,0,3,0,3.0,3,0,22.93,22.93,0.23,0.23,
1788315497,2Us8MG98zYMLahT6Y1rMhbSHb7cXHAL4eyRpqVrEpump,DRIPGUY,dexctl,143.1,False,False,,,0,6,,,1.4252288166727145,712702936199,20188950,11,89,7.42,False,dex,0,5,5,1.0,5,5,160.65,160.65,-0.16,-0.16,
1788315497,BGLA8braiexrNeuXBH8iNTX9eSXv9ZMqgViLqvDRjQaq,CASHTOPUS,dexctl,156.1,False,False,,,0,6,,,0.323356322796452,172101743264,20188950,1000,212,283.02,True,dex,0,688,457,1.505,703,461,101434.54,103157.34,30.69,34.7,19392.72
1788315497,5hbWpwFE4dAzAj3pMXrGzjF7r4kEh8otpP1Pou9Cpump,LGBTQ,dexctl,145.1,False,False,,,0,6,,,2.1766105946578405,701090252584,20188950,2,0,,False,dex,0,1,0,1.0,1,0,24.48,24.48,,,
1788315497,J5TGpvJzVRjGhABEQnMTnRkRQ9fHzwL4zhSCvCdopump,angryguy,surge,149.1,False,False,,,0,6,,,0.0,712184804339,20188950,1000,79,759.49,True,dex,0,67,29,2.31,67,29,10999.79,10999.79,-11.91,-11.91,
1788315497,J5TGpvJzVRjGhABEQnMTnRkRQ9fHzwL4zhSCvCdopump,angryguy,surge1h,149.1,False,False,,,0,6,,,0.0,712184804339,20188950,1000,79,759.49,True,dex,0,67,29,2.31,67,29,10999.79,10999.79,-11.91,-11.91,
1788315497,BGLA8braiexrNeuXBH8iNTX9eSXv9ZMqgViLqvDRjQaq,CASHTOPUS,volume,156.1,False,False,,,0,6,,,0.9166444349880634,179367094304,20188950,1000,212,283.02,True,dex,0,688,457,1.505,703,461,101434.54,103157.34,30.69,34.7,19392.72
1788315497,DpftrqK5J7kPSMvsi3USJfkgGD9jnGoRLx8XiLcRpump,Pumpape,volume,166.1,False,False,,,0,6,,,2.8449073024107565,152876721413,20188950,1000,338,177.51,True,dex,0,709,446,1.59,709,446,38861.02,38861.02,288.0,288.0,
1788315913,4uJJgz7z4kjcKVnkxtpQEjCDN5DEngieCHcPfyagpump,pub,wait120,275.6,False,False,,,0,6,,,0.0006399162333767757,709848573456,20108040,1000,82,731.71,True,,,,,,,,,,,,
1788315913,B9QTcxzjya5jiTh5UQAsAWyPSj6MSKiFP6JnppTApump,Penguins,wait120,273.2,False,False,,,0,6,,,1.1719453811729257,705199185036,20108040,1000,179,335.2,True,,,,,,,,,,,,
1788315913,E39DQm3TaNfqZv4sNrvoozdxGXgPoYY7YzErxTozpump,KEVIN,wait120,272.0,False,False,,,0,6,,,0.0,709848574165,20108040,167,148,67.7,False,,,,,,,,,,,,
1788315913,E44Kq7RfL3kdhBfVsAsddS372bM3y6jLbN5HoZ1xpump,HIELD,wait120,271.7,False,False,,,0,6,,,0.6843041641535775,707538012245,20108040,173,300,34.6,False,,,,,,,,,,,,
1788315913,5bqQ82gQSxXeYVWtyCwxJoeopQoVw5vHAS8E2P4Ppump,angryguy,dexctl,531.0,False,False,,,0,6,,,0.0,709848573385,20108040,1000,91,659.34,True,dex,0,78,44,1.773,78,44,10686.73,10686.73,-11.82,-11.82,
1788315913,7EM4ke6vPV16si3nWzymC7kHJrC3w3z1EuQsATZdpump,REAL,dexctl,533.0,False,False,,,0,6,,,1.4562785815101202,709848573999,20108040,1000,178,337.08,True,dex,0,8,8,1.0,8,8,1954.9,1954.9,-17.03,-17.03,
1788315913,71UVGvUfwiJBAhpkrpVJN8DCR6nfvQ8wKrKMTkYUpump,$SAFARICAT,dexctl,534.0,False,False,,,0,6,,,1.6263629938863828,709848573905,20108040,424,305,83.41,False,dex,0,10,8,1.25,10,8,80.59,80.59,-0.02,-0.02,
1788315913,2yALsMc3xmRToPLsujFF9Zfn8NfiNzgcCNoAMU7rLRDL,Baton,dexctl,918.0,False,False,,,0,6,,,0.0,643298854023395,20108040,1000,716,83.8,True,dex,0,73,82,0.89,958,414,4023.54,12697.77,49.03,401.0,
1788315913,9KjwqMJDqY94QGg1yJfWm1vakziDqfkPCicfJNLZyaBU,ntc,dexctl,125.0,False,False,,,0,6,,,1.409129375249119,709793764157,20108040,13,221,3.53,False,dex,0,4,2,2.0,4,2,52.98,52.98,-1.5,-1.5,
1788315913,ANM35KbUcfKdEVBXzSjZBoT6ceSwYRs3fuc79fp7kRqP,Pumpcat,boost,4309.0,False,False,,,0,6,,,2.0474912617210776,4097653029,20108040,1000,6,10000.0,True,boost,10,1243,821,1.514,25733,21063,176504.17,4022804.16,-14.58,66.83,73996.62
1788315913,ANM35KbUcfKdEVBXzSjZBoT6ceSwYRs3fuc79fp7kRqP,Pumpcat,boost1h,4309.0,False,False,,,0,6,,,1.11447000177326,4049661119,20108040,1000,6,10000.0,True,boost,10,1243,821,1.514,25733,21063,176504.17,4022804.16,-14.58,66.83,73996.62
1788315913,ANM35KbUcfKdEVBXzSjZBoT6ceSwYRs3fuc79fp7kRqP,Pumpcat,deep,4309.0,False,False,,,0,6,,,0.8069459330946599,4049661119,20108040,1000,6,10000.0,True,boost,10,1243,821,1.514,25733,21063,176504.17,4022804.16,-14.58,66.83,73996.62
1788316244,A5wGRdDSLtXsnWEXdL9fWWsPKecL8HXrnRW1XqyZpump,SINK,wait120,,False,False,,,0,6,,,1.1967295069140915,106554593485,20113832,1000,123,487.8,True,,,,,,,,,,,,
1788316244,3g1749jmoNRvSCPT1BBCZiYMuLpii98k3rA7VzFpwCCx,MOTH,dexctl,121.3,False,False,,,0,6,,,1.6268743522771856,678627669497,20113832,1000,256,234.38,True,dex,0,77,88,0.875,77,88,10466.97,10466.97,-22.86,-22.86,
1788316244,ei7ExLVpVCmmzpuCS8zk9ersK7khf3os4Pci5Hc249a,WHISK,dexctl,122.3,False,False,,,0,6,,,0.0033399529946289723,710052924437,20113832,137,191,43.04,False,dex,0,8,11,0.727,8,11,1452.13,1452.13,-17.13,-17.13,
1788316244,CiPWyi4SKHni3S9iqEorTWuHr9AnnkkfFBpp4nZCYHoU,CYBER,dexctl,125.3,False,False,,,0,6,,,1.7352290071640044,702697737997,20113832,4,147,1.63,False,dex,0,2,0,2.0,2,0,15.56,15.56,0.66,0.66,
1788316244,6gdM5mpLPAYgSMYFAzgywd8Ez6iELuvjp4mXCbHdBMX7,Applecat,dexctl,131.3,False,False,,,0,6,,,1.5362630693220445,340661710620,20113832,1000,351,170.94,True,dex,0,107,58,1.845,107,58,7033.29,7033.29,54.04,54.04,
1788316244,DfEt7jB9mKgceYFa6MLBJ6N6jUsAkCfpRnk3fgc9pump,MOTH,dexctl,132.3,False,False,,,0,6,,,1.8491546710394162,218313038175,20113832,1000,355,169.01,True,dex,0,615,587,1.048,615,587,55188.6,55188.6,76.66,76.66,
1788316244,7gyQ5EeYc49S3WUBdrd1EHNxJXneUr6YMm74stPepump,dengwif,dexctl,133.3,False,False,,,0,6,,,0.0,219237762918,20113832,1000,405,148.15,True,dex,0,75,29,2.586,75,29,10538.12,10538.12,213.0,213.0,
1788316244,5uLawxSbYa7fhoAwNp2NkUqGxM5Ey8Vw1u2mD5BXpump,Pumpdog,boost,1193.3,False,False,,,0,6,,,3.395658313489644,7640752131,20113832,1000,87,689.66,True,boost,100,1857,369,5.033,6411,1177,117306.53,368157.79,48.18,225.0,36506.97
1788316244,5uLawxSbYa7fhoAwNp2NkUqGxM5Ey8Vw1u2mD5BXpump,Pumpdog,boost1h,1193.3,False,False,,,0,6,,,2.3980122989098964,9245162975,20113832,1000,87,689.66,True,boost,100,1857,369,5.033,6411,1177,117306.53,368157.79,48.18,225.0,36506.97
1788316244,7gyQ5EeYc49S3WUBdrd1EHNxJXneUr6YMm74stPepump,dengwif,surge,133.3,False,False,,,0,6,,,2.1478663798059396,163011381656,20113832,1000,405,148.15,True,dex,0,75,29,2.586,75,29,10538.12,10538.12,213.0,213.0,
1788316244,FxYpQiaWmvVjWvrpmTq9We91ki9DxfV8qNLoCdWFZpyz,SINK,surge,140.3,False,False,,,0,6,,,1.4490285838919401,46520420325,20113832,911,482,113.4,False,dex,0,540,127,4.252,540,127,3832.2,3832.2,275.0,275.0,
1788316244,7gyQ5EeYc49S3WUBdrd1EHNxJXneUr6YMm74stPepump,dengwif,surge1h,133.3,False,False,,,0,6,,,2.5000321617143517,163953970213,20113832,1000,405,148.15,True,dex,0,75,29,2.586,75,29,10538.12,10538.12,213.0,213.0,
1788316244,FxYpQiaWmvVjWvrpmTq9We91ki9DxfV8qNLoCdWFZpyz,SINK,surge1h,140.3,False,False,,,0,6,,,0.2691032547930125,48101919284,20113832,911,482,113.4,False,dex,0,540,127,4.252,540,127,3832.2,3832.2,275.0,275.0,
1788316244,6gdM5mpLPAYgSMYFAzgywd8Ez6iELuvjp4mXCbHdBMX7,Applecat,volume,131.3,False,False,,,0,6,,,1.446775296363232,257883905545,20113832,1000,351,170.94,True,dex,0,107,58,1.845,107,58,7033.29,7033.29,54.04,54.04,
1788316244,7gyQ5EeYc49S3WUBdrd1EHNxJXneUr6YMm74stPepump,dengwif,volume,133.3,False,False,,,0,6,,,2.496836618272641,163953970213,20113832,1000,405,148.15,True,dex,0,75,29,2.586,75,29,10538.12,10538.12,213.0,213.0,
1788316244,5uLawxSbYa7fhoAwNp2NkUqGxM5Ey8Vw1u2mD5BXpump,Pumpdog,deep,1193.3,False,False,,,0,6,,,1.4939684396231463,8767752817,20113832,1000,87,689.66,True,boost,100,1857,369,5.033,6411,1177,117306.53,368157.79,48.18,225.0,36506.97
1788316618,CHaLPHpwg6qd6jHk1NeaLQdDJrRVVebMm7YDPYfWpump,Nub,wait120,125.3,False,False,,,0,6,,,0.7348087094207004,704361402850,20072395,1000,107,560.75,True,dex,0,16,15,1.067,16,15,3330.88,3330.88,-11.44,-11.44,
1788316618,8XcqrbYaXc17fyzVFezmgd1PT6jyVuV5XwySNViHpump,Nub,wait120,136.3,False,False,,,0,6,,,0.0,708591108279,20072395,257,73,211.23,False,dex,0,6,7,0.857,6,7,838.83,838.83,-17.17,-17.17,
1788316618,E9C867K8jYz8mVs3rWYCi1dtn9qPLj8QupkZsTqFpump,KING,wait120,138.3,False,False,,,0,6,,,1.3201791408467711,492795830773,20072395,3,173,1.04,False,dex,0,1,0,1.0,1,0,0.9,0.9,,,
1788316618,D6QH1RRDu3xM5cGXWwQXNd9MN9Y4Nf9aSS1tux2r8mRY,Shitcoin,dexctl,386.3,False,False,,,0,6,,,1.4951720862977198,705706396245,20072395,1000,404,148.51,True,dex,0,48,47,1.021,48,47,3565.41,3565.41,-0.85,-0.85,
1788316618,DRPd9HjV4ZESKDBRBXwtiMN2CebBx4FedzC2QuZ5pump,    $PWUF,dexctl,386.3,False,False,,,0,6,,,1.5335522916012643,708420740496,20072395,87,224,23.3,False,dex,0,26,11,2.364,26,11,1098.39,1098.39,44.57,44.57,
1788316618,5tA7W7KwSwvUw4Z1S7maSDLVQdLEdbrYD4z9VzMKpump,PRINT,dexctl,390.3,False,False,,,0,6,,,1.2041362029677087,700878240656,20072395,1000,339,176.99,True,dex,0,18,4,4.5,18,4,1209.01,1209.01,18.28,18.28,
1788316618,92ZSyYSMYobb2zpwX1tLMgNzwGq84UGS5tDe36hepump,WIENER,dexctl,428.3,False,False,,,0,6,,,0.7895920325896153,688459596589,20072395,4,7,34.29,False,dex,0,2,1,2.0,2,1,92.32,92.32,,,
1788316618,AuBGwgpjJL3dYLVvJgjRUonuNzQSGtkqhX1LLHUypump,MOTH,dexctl,435.3,False,False,,,0,6,,,0.9167436991700204,708591108373,20072395,1000,21,2857.14,True,dex,0,2,2,1.0,2,2,843.77,843.77,-22.15,-22.15,
1788316618,8iLUFz8kZb67vTduUwKyKGHU1Pi39AnEHZWC2VkUpump,Pumpman,dexctl,440.3,False,False,,,0,6,,,0.0,708591108303,20072395,1000,31,1935.48,True,dex,0,16,6,2.667,16,6,586.92,586.92,-6.27,-6.27,
1788316618,DvPJ5Xxk3nPBvNVCKNYcJNW5foMyAH4Y76kuDzHnpump,MOTH,dexctl,440.3,False,False,,,0,6,,,0.7630916346931116,708591108350,20072395,1000,31,1935.48,True,dex,0,5,6,0.833,5,6,1529.34,1529.34,-17.36,-17.36,
1788316618,BuxA5e1h6iNnZj9KuZV4jvpbQ7SfGMhnjZgxZpTYpump,Pumpjak,volume,181.3,False,False,,,0,6,,,1.6152682596042418,44477954456,20072395,1000,179,335.2,True,dex,0,588,396,1.485,588,396,99906.53,99906.53,107.0,107.0,22822.29
1788316618,95j1oCwM56ZLnoS63ZCwNr752zFyuyyjodoumJgxpump,Moji,volume,199.3,False,False,,,0,6,,,1.0313134307722394,516046154825,20072395,1000,243,246.91,True,dex,0,362,237,1.527,362,237,26551.79,26551.79,176.0,176.0,
1788316618,QpmwqSUrxBYRwLtGCDYsWH6jcxmEfdS35LoSkgNtfZs,GUCCIGUY,deep,468.3,False,False,,,0,6,,,0.6324281779086712,3802595962,20072395,110,850,7.76,False,dex,0,24,0,24.0,24,0,709.95,709.95,68.19,68.19,210254.16
